"Rank","Advertiser network","Page identity","Ad ID","Direct GetHookd link","Status","Days active","Performance classification","Format","Hook","Concept","Big Idea","Desire","Pain","Failed solutions","Mechanism","Story structure","Proof","Awareness stage","Funnel destination","Validation notes","im_id","nw_id","page_identity","brand_id","ad_id","external_ad_id","share_url","status","days_active","start_date","end_date","longevity_label","performance_score","performance_title","used_count","variants_count","reuse","eu_total_reach","ad_spend_range","countries","landing_page","landing_page_slug","destination_domain","page_type","funnel_destination","tier","display_format","word_count","video_seconds","narrator_pov","native_creative_description","transcript_status","hook_verbatim","hook_pattern","concept","concept_key","big_idea","surface_problem","product_outcome_promised","desire_sold","desire_wording_used","desire_laddered","emotional_conflict","negative_mirror","pain_layers","failed_solutions_named","mechanism","mechanism_why_persists","mechanism_why_attempts_failed","mechanism_why_different","stated_cause","stated_fix","handle","named_ingredient_or_feature","story_structure","product_reveal_position","proof_forms","awareness_entry","assumed_knowledge","offer_price","offer_guarantee","offer_bundles","offer_subscription","offer_primary_promise","offer_main_offer","competitor_claimed","avatar_addressed","avatar_evidence","age_audience_min","age_audience_max","gender_audience","cls_who_in_ad","cls_angle","cls_story_type","cls_expert_type","cp_ids","pb_ids","bucket","swipe_candidate","partial_id","partial_im_id","partial_concept_key","merge_note","im_merged_note"
"1","NW-01 (Ecom Degree University)","Ecom Degree University","121358569","https://app.gethookd.ai/share/ad/121358569","inactive","70","NULL (rotated out - LOSER of pair PAIR-05-01)","video, 71s","REPORT: A growing wave of young adults is cashing in on a hidden Walmart income loophole","shared DCO body; video content NOT OPENED (transcript not requested this scope)","Walmart 2026 = Amazon 2015, move now before saturation","NULL - not opened","NULL - not opened","NULL - not opened","NULL - not opened","coded from body+CTA only","NULL - not opened","Unaware/Problem-aware [D from shared body]","MSL->squeeze_page->(offline sales)->paid enrollment","BORDERLINE: video NOT OPENED (transcript not requested, budget spent on other 5 transcriptions); coded from ad body + CTA type only.","IM-01","NW-01","Ecom Degree University","6294245","121358569","1379820704072327","https://app.gethookd.ai/share/ad/121358569","inactive","70","2026-07-07","2026-09-14","PROVEN","NULL","NULL","1","2","Y","NULL","NULL","US","https://join.ecomdegree.com/","/","join.ecomdegree.com","landing_page","MSL->squeeze_page->(offline sales)->paid enrollment","[R-TOOL]","video, 71s","71","NULL","NULL - not opened","NOT OPENED (transcript not requested)","not_requested","REPORT: A growing wave of young adults is cashing in on a hidden Walmart income loophole","advertorial 'report' teaser","shared DCO body; video content NOT OPENED (transcript not requested this scope)","CO-01","Walmart 2026 = Amazon 2015, move now before saturation","NULL","NULL","NULL","NULL","NULL","NULL","NULL","NULL","NULL","NULL","NULL","NULL","NULL","[D from shared body] saturated Amazon/Shopify vs wide-open Walmart","NULL","NULL","NULL","coded from body+CTA only","NULL","NULL - not opened","Unaware/Problem-aware [D from shared body]","NULL","FREE (webinar)","NOT STATED IN AD","NOT STATED IN AD","NOT STATED IN AD","$5K-$10K/month","Free Walmart Passive Income Webinar registration","COMPETITOR-CLAIMED","young adult / side-hustle seeker [D from shared body]","TITLE-BODY","NULL","NULL","NULL","NULL","NULL","NULL","NULL","CP-01","PB-02","BORDERLINE","N","NW-NEW-SEED-05","IM-02","CO-08","NULL","renamed NW-NEW-SEED-05:IM-02 -> IM-01"
"2","NW-01 (Ecom Degree University)","Ecom Degree University","126787289","https://app.gethookd.ai/share/ad/126787289","active","68","Winning (100) - WINNER of pair PAIR-05-01","video, 12s","REPORT: A growing wave of young adults is cashing in on a hidden Walmart income loophole","shared DCO body; 12s cutdown, no narrative room","Walmart 2026 = Amazon 2015","NULL","NULL","NULL","NULL","NON-STORY: short direct-response registration cutdown","NULL","Unaware/Problem-aware [D]","MSL->squeeze_page->(offline sales)->paid enrollment","NON-STORY bucket; WINNER half of PAIR-05-01 (see §14).","IM-02","NW-01","Ecom Degree University","6294245","126787289","2169001933643484","https://app.gethookd.ai/share/ad/126787289","active","68","2026-07-19","2026-09-23","PROVEN","100","Winning","1","1","Y","NULL","NULL","US","https://join.ecomdegree.com/","/","join.ecomdegree.com","landing_page","MSL->squeeze_page->(offline sales)->paid enrollment","[R-TOOL]","video, 12s","12","NULL","none/brand","short title-card cutdown","not_requested","REPORT: A growing wave of young adults is cashing in on a hidden Walmart income loophole","NULL","shared DCO body; 12s cutdown, no narrative room","CO-01","Walmart 2026 = Amazon 2015","NULL","NULL","NULL","NULL","NULL","NULL","NULL","NULL","NULL","NULL","NULL","NULL","NULL","NULL","NULL","NULL","NULL","NON-STORY: short direct-response registration cutdown","NULL","NULL","Unaware/Problem-aware [D]","NULL","FREE (webinar)","NOT STATED IN AD","NOT STATED IN AD","NOT STATED IN AD","$5K-$10K/month","Free Walmart Passive Income Webinar registration","COMPETITOR-CLAIMED","young adult / side-hustle seeker [D]","TITLE-BODY","NULL","NULL","NULL","NULL","NULL","NULL","NULL","CP-01","PB-02","NON-STORY","N","NW-NEW-SEED-05","IM-04","CO-08","NULL","renamed NW-NEW-SEED-05:IM-04 -> IM-02"
"3","NW-01 (Ecom Degree University)","Ecom Degree University","121358672","https://app.gethookd.ai/share/ad/121358672","inactive","63","NULL (rotated out)","video, 192s","If you make less than $50 an hour, you should keep watching this ad","Founder VSL: cockroach-gel wholesale math + Connor before/after proof","Walmart in 2026 is a wide-open, low-competition version of Amazon in 2015; resell trusted brands, don't invent your own","make more money than my job pays, without inventing my own product","stuck earning hourly wages with no leverage; job ceiling","NONE NAMED (targets never-yet-started sellers)","why_persists: most chase saturated Amazon/Shopify; why_attempts_failed: N/A (no failed-attempt framing); why_different: Walmart under-supplied (200M buyers/<200K sellers) + Walmart handles fulfillment","1)wage hook 2)product example 3)market-size claim 4)supplier price 5)profit math 6)fulfillment claim 7)credibility 8)Connor proof 9)2nd product math 10)resell-not-invent reframe 11)age-range claim 12)CTA","personal metrics (buy $13/sell $24); outside observer (Connor, filmed); statistics (70k bought/mo, 200M/<200K sellers)","Problem-aware","MSL->squeeze_page(free webinar)->(offline sales)->paid enrollment","Coded HYBRID (not STRICT): opens as direct wage-comparison pitch, not a personal lived-struggle scene; Connor proof-story is a secondary insert.","IM-03","NW-01","Ecom Degree University","6294245","121358672","1577960910515042","https://app.gethookd.ai/share/ad/121358672","inactive","63","2026-07-14","2026-09-14","PROVEN","NULL","NULL","1","2","Y","NULL","NULL","US","https://join.ecomdegree.com/","/","join.ecomdegree.com","landing_page","MSL->squeeze_page(free webinar)->(offline sales)->paid enrollment","[R-TOOL]","video, 192s","192","NULL","personal","talking-head founder VSL + filmed customer visit","available","If you make less than $50 an hour, you should keep watching this ad","wage-comparison direct challenge","Founder VSL: cockroach-gel wholesale math + Connor before/after proof","CO-02","Walmart in 2026 is a wide-open, low-competition version of Amazon in 2015; resell trusted brands, don't invent your own","stuck earning hourly wages with no leverage","repeatable wholesale-to-Walmart profit model via free training","make more money than my job pays, without inventing my own product","make more money... than you currently make working at your job","financial independence from hourly-wage work","dismissing job ceiling vs believing a stranger's ad math","Connor working at Ace Hardware","functional;identity","NONE","NULL","most chase saturated Amazon/Shopify","N/A - not addressed","Walmart under-supplied + Walmart handles fulfillment","sellers overlook Walmart, focus on Amazon/Shopify","resell trusted brand-name products, Walmart-fulfilled","Walmart Seller Program / WFS","unnamed AI product-finder tool (='Scan To Profits' on LP)","1)wage hook 2)product example 3)market-size claim 4)supplier price 5)profit math 6)fulfillment claim 7)credibility 8)Connor proof 9)2nd product math 10)resell-not-invent reframe 11)age-range claim 12)CTA","~4% of runtime [D]","personal metrics (buy $13/sell $24); outside observer (Connor, filmed); statistics (70k bought/mo, 200M/<200K sellers)","Problem-aware","Walmart seller program; wholesale price; AI product tools","FREE (webinar)","NOT STATED IN AD","NOT STATED IN AD","NOT STATED IN AD","$5K-$10K/month","Free Walmart Passive Income Webinar registration","COMPETITOR-CLAIMED","hourly-wage worker in a low-ceiling job","TRANSCRIPT","NULL","NULL","NULL","NULL","NULL","NULL","NULL","CP-01;CP-03","PB-02;PB-05","COPY-STRICT/CREATIVE-HYBRID","N","NW-NEW-SEED-05","IM-01","CO-01","NULL","renamed NW-NEW-SEED-05:IM-01 -> IM-03"
"4","NW-01 (Ecom Degree University)","Ecom Degree University","134426761","https://app.gethookd.ai/share/ad/134426761","active","60","Winning (100)","video, 17s","REPORT: A growing wave of young adults is cashing in on a hidden Walmart income loophole","shared DCO body; 17s cutdown, no narrative room","Walmart 2026 = Amazon 2015","NULL","NULL","NULL","NULL","NON-STORY: short direct-response registration cutdown","NULL","Unaware/Problem-aware [D]","MSL->squeeze_page->(offline sales)->paid enrollment","NON-STORY bucket; 17s carries no story arc.","IM-04","NW-01","Ecom Degree University","6294245","134426761","1655613955508516","https://app.gethookd.ai/share/ad/134426761","active","60","2026-07-27","2026-09-23","PROVEN","100","Winning","2","1","Y","NULL","NULL","US","https://join.ecomdegree.com/","/","join.ecomdegree.com","landing_page","MSL->squeeze_page->(offline sales)->paid enrollment","[R-TOOL]","video, 17s","17","NULL","none/brand","short title-card cutdown","not_requested","REPORT: A growing wave of young adults is cashing in on a hidden Walmart income loophole","NULL","shared DCO body; 17s cutdown, no narrative room","CO-01","Walmart 2026 = Amazon 2015","NULL","NULL","NULL","NULL","NULL","NULL","NULL","NULL","NULL","NULL","NULL","NULL","NULL","NULL","NULL","NULL","NULL","NON-STORY: short direct-response registration cutdown","NULL","NULL","Unaware/Problem-aware [D]","NULL","FREE (webinar)","NOT STATED IN AD","NOT STATED IN AD","NOT STATED IN AD","$5K-$10K/month","Free Walmart Passive Income Webinar registration","COMPETITOR-CLAIMED","young adult / side-hustle seeker [D]","TITLE-BODY","NULL","NULL","NULL","NULL","NULL","NULL","NULL","CP-01","PB-02","NON-STORY","N","NW-NEW-SEED-05","IM-03","CO-08","NULL","renamed NW-NEW-SEED-05:IM-03 -> IM-04"
"5","NW-01 (Ecom Degree University)","Ecom Degree University","134427111","https://app.gethookd.ai/share/ad/134427111","active","60","Growing (66)","video, 10s","POV: How life looks when you sell products on Walmart while everyone else is still on Amazon","first-person POV jet-ski lifestyle-flex shot","same market-timing big idea, delivered as a POV lifestyle-flex","NULL","NULL","NULL","NULL","NON-STORY: lifestyle-flex POV, no narrative arc","NULL","Unaware (cold lifestyle-flex open)","MSL->squeeze_page->(offline sales)->paid enrollment","NON-STORY; shares CO-08's written body family.","IM-05","NW-01","Ecom Degree University","6294245","134427111","2031756847442552","https://app.gethookd.ai/share/ad/134427111","active","60","2026-07-27","2026-09-23","PROVEN","66","Growing","1","1","Y","NULL","NULL","US","https://join.ecomdegree.com/","/","join.ecomdegree.com","landing_page","MSL->squeeze_page->(offline sales)->paid enrollment","[R-TOOL]","video, 10s","10","NULL","none (POV, no face)","first-person POV jet-ski shot, on-screen caption","not_requested","POV: How life looks when you sell products on Walmart while everyone else is still on Amazon","NULL","first-person POV jet-ski lifestyle-flex shot","CO-01","same market-timing big idea, delivered as a POV lifestyle-flex","NULL","NULL","NULL","NULL","NULL","NULL","NULL","NULL","NULL","NULL","NULL","NULL","NULL","NULL","NULL","NULL","NULL","NON-STORY: lifestyle-flex POV, no narrative arc","NULL","NULL","Unaware (cold lifestyle-flex open)","NULL","FREE (webinar)","NOT STATED IN AD","NOT STATED IN AD","NOT STATED IN AD","$5K-$10K/month","Free Walmart Passive Income Webinar registration","COMPETITOR-CLAIMED","young adult, competitive/status-driven","TITLE-BODY","NULL","NULL","NULL","NULL","NULL","NULL","NULL","CP-01","PB-02;PB-07","NON-STORY","N","NW-NEW-SEED-05","IM-13","CO-08","NULL","renamed NW-NEW-SEED-05:IM-13 -> IM-05"
"6","NW-01 (Ecom Degree University)","Ecom Degree University","134426818","https://app.gethookd.ai/share/ad/134426818","active","60","Growing (66)","video, 46s","EXPOSED - Ecom expert exposes the top 10 products to sell on Walmart (And why it beats selling on Amazon)","webinar-recording-style clip, presenter addresses a Zoom-grid audience, numbered product/profit list","you don't need your own product - resell what already sells, with concrete numbers (same list as IM-05, verbatim identical figures)","NULL","NULL","NULL","NULL","NON-STORY: recorded-webinar excerpt / proof-list","personal metrics: 10 named products x specific $/mo figures (identical to IM-05)","Solution-aware","MSL->squeeze_page->(offline sales)->paid enrollment","NON-STORY; transcript PENDING - coded from on-screen captions (identical list to IM-05, confirming CO-02 replication).","IM-06","NW-01","Ecom Degree University","6294245","134426818","1391456379539404","https://app.gethookd.ai/share/ad/134426818","active","60","2026-07-27","2026-09-23","PROVEN","66","Growing","1","1","Y","NULL","NULL","US","https://join.ecomdegree.com/","/","join.ecomdegree.com","landing_page","MSL->squeeze_page->(offline sales)->paid enrollment","[R-TOOL]","video, 46s","46","NULL","expert/brand","webinar-recording clip, presenter + video-call-grid audience, 'EXPOSED' banner","pending","EXPOSED - Ecom expert exposes the top 10 products to sell on Walmart (And why it beats selling on Amazon)","NULL","webinar-recording-style clip, presenter addresses a Zoom-grid audience, numbered product/profit list","CO-03","you don't need your own product - resell what already sells, with concrete numbers (same list as IM-05, verbatim identical figures)","NULL","NULL","NULL","NULL","NULL","NULL","NULL","NULL","NULL","NULL","NULL","NULL","NULL","NULL","NULL","NULL","NULL","NON-STORY: recorded-webinar excerpt / proof-list","NULL","personal metrics: 10 named products x specific $/mo figures (identical to IM-05)","Solution-aware","NULL","FREE (webinar)","NOT STATED IN AD","NOT STATED IN AD","NOT STATED IN AD","$5K-$10K/month","Free Walmart Passive Income Webinar registration","COMPETITOR-CLAIMED","aspiring reseller wanting concrete proof","TITLE-BODY;PAGE-NAME","NULL","NULL","NULL","NULL","NULL","NULL","NULL","CP-01;CP-05","PB-02;PB-05","NON-STORY","N","NW-NEW-SEED-05","IM-14","CO-02","NULL","renamed NW-NEW-SEED-05:IM-14 -> IM-06"
"7","NW-01 (Ecom Degree University)","Ecom Degree University","134426835","https://app.gethookd.ai/share/ad/134426835","active","57","Optimized (86)","video, 102s","did you just... just fell!","comedic kitchen coffee-spill pattern-interrupt; bridge to pitch NOT OPENED","[D] scroll-stopping cold-open before the same core pitch","NULL","NULL","NULL","NULL","BORDERLINE: pure pattern-interrupt visible, no argument content yet","NULL - not opened","Unaware (cold pattern-interrupt open)","MSL->squeeze_page->(offline sales)->paid enrollment","BORDERLINE; transcript PENDING - bridge/pitch content NOT OPENED, not invented.","IM-07","NW-01","Ecom Degree University","6294245","134426835","1044716741497150","https://app.gethookd.ai/share/ad/134426835","active","57","2026-07-30","2026-09-23","PROVEN","86","Optimized","1","1","N","NULL","NULL","US","https://join.ecomdegree.com/","/","join.ecomdegree.com","landing_page","MSL->squeeze_page->(offline sales)->paid enrollment","[R-TOOL]","video, 102s","102","NULL","personal","pattern-interrupt: coffee pour, reaction, comedic fall","pending","did you just... just fell!","NULL","comedic kitchen coffee-spill pattern-interrupt; bridge to pitch NOT OPENED","CO-04","[D] scroll-stopping cold-open before the same core pitch","NULL","NULL","NULL","NULL","NULL","NULL","NULL","NULL","NULL","NULL","NULL","NULL","NULL","NULL","NULL","NULL","NULL","BORDERLINE: pure pattern-interrupt visible, no argument content yet","NULL","NULL - not opened","Unaware (cold pattern-interrupt open)","NULL","FREE (webinar)","NOT STATED IN AD","NOT STATED IN AD","NOT STATED IN AD","$5K-$10K/month","Free Walmart Passive Income Webinar registration","COMPETITOR-CLAIMED","broad/undifferentiated - no visible demographic signal","TITLE-BODY","NULL","NULL","NULL","NULL","NULL","NULL","NULL","NULL","PB-02","BORDERLINE","N","NW-NEW-SEED-05","IM-07","CO-04","NULL","renamed NW-NEW-SEED-05:IM-07 -> IM-07"
"8","NW-01 (Ecom Degree University)","Ecom Degree University","144205353","https://app.gethookd.ai/share/ad/144205353","active","48","Optimized (81)","video, 125s","The Next Online Gold Rush","two-host podcast/interview + luxury-car (Rolls-Royce) wealth-signaling B-roll","Walmart 2026 = Amazon 2015, delivered via podcast-interview credibility framing","NULL","NULL","NULL","NULL","BORDERLINE: transcript pending, format is interview not coded story","outside observer (2-host interview); demonstration (luxury car, COMPETITOR-CLAIMED not verified income)","Problem/Solution-aware boundary","MSL->squeeze_page->(offline sales)->paid enrollment","BORDERLINE; transcript PENDING - coded from on-screen caption only.","IM-08","NW-01","Ecom Degree University","6294245","144205353","1369461064611979","https://app.gethookd.ai/share/ad/144205353","active","48","2026-08-08","2026-09-23","PROVEN","81","Optimized","1","1","Y","NULL","NULL","US","https://join.ecomdegree.com/","/","join.ecomdegree.com","landing_page","MSL->squeeze_page->(offline sales)->paid enrollment","[R-TOOL]","video, 125s","125","NULL","two-person podcast/interview","podcast set intercut with Rolls-Royce B-roll","pending","The Next Online Gold Rush","NULL","two-host podcast/interview + luxury-car (Rolls-Royce) wealth-signaling B-roll","CO-05","Walmart 2026 = Amazon 2015, delivered via podcast-interview credibility framing","NULL","NULL","NULL","NULL","NULL","NULL","NULL","NULL","NULL","NULL","NULL","NULL","NULL","NULL","NULL","NULL","NULL","BORDERLINE: transcript pending, format is interview not coded story","NULL","outside observer (2-host interview); demonstration (luxury car, COMPETITOR-CLAIMED not verified income)","Problem/Solution-aware boundary","NULL","FREE (webinar)","NOT STATED IN AD","NOT STATED IN AD","NOT STATED IN AD","$5K-$10K/month","Free Walmart Passive Income Webinar registration","COMPETITOR-CLAIMED","wealth/status-motivated aspirational viewer","TITLE-BODY","NULL","NULL","NULL","NULL","NULL","NULL","NULL","CP-01;CP-02","PB-02;PB-07","BORDERLINE","N","NW-NEW-SEED-05","IM-06","CO-03","NULL","renamed NW-NEW-SEED-05:IM-06 -> IM-08"
"9","NW-01 (Ecom Degree University)","Ecom Degree University","159706760","https://app.gethookd.ai/share/ad/159706760","active","31","Optimized (81)","video, 55s","10 Everyday Walmart Products I Used to Quit My 9-5 For Good","numbered list of 10 household products w/ claimed monthly profit each (podcast-interview clip)","you don't need your own product - resell what already sells, with concrete numbers","quit the 9-to-5","NULL","NULL","NULL","NON-STORY: numbered proof-list, not a narrative","personal metrics: 10 named products x specific $/mo figures","Solution-aware","MSL->squeeze_page->(offline sales)->paid enrollment","NON-STORY; transcript PENDING (queued, not completed) - coded from on-screen captions only.","IM-09","NW-01","Ecom Degree University","6294245","159706760","1064880362796025","https://app.gethookd.ai/share/ad/159706760","active","31","2026-08-25","2026-09-23","LIKELY","81","Optimized","3","1","Y","NULL","NULL","US","https://join.ecomdegree.com/","/","join.ecomdegree.com","landing_page","MSL->squeeze_page->(offline sales)->paid enrollment","[R-TOOL]","video, 55s","55","NULL","two-person podcast/interview","interview clip + scrolling numbered product/profit list overlay","pending","10 Everyday Walmart Products I Used to Quit My 9-5 For Good","NULL","numbered list of 10 household products w/ claimed monthly profit each (podcast-interview clip)","CO-03","you don't need your own product - resell what already sells, with concrete numbers","NULL","NULL","quit the 9-to-5","NULL","NULL","NULL","NULL","NULL","NULL","NULL","NULL","NULL","NULL","NULL","NULL","NULL","NULL","NON-STORY: numbered proof-list, not a narrative","NULL","personal metrics: 10 named products x specific $/mo figures","Solution-aware","no unit-economics shown for the $/mo figures","FREE (webinar)","NOT STATED IN AD","NOT STATED IN AD","NOT STATED IN AD","$5K-$10K/month","Free Walmart Passive Income Webinar registration","COMPETITOR-CLAIMED","aspiring reseller wanting concrete proof","TITLE-BODY","NULL","NULL","NULL","NULL","NULL","NULL","NULL","CP-01;CP-05","PB-02;PB-05","NON-STORY","N","NW-NEW-SEED-05","IM-05","CO-02","NULL","renamed NW-NEW-SEED-05:IM-05 -> IM-09"
"10","NW-01 (Ecom Degree University)","Ecom Degree University","169343657","https://app.gethookd.ai/share/ad/169343657","active","24","Scaling (41)","video, 19s","The biggest lie in business? 'You need your own product.'","direct myth-busting claim: resell Apple/Pampers/LEGO/CeraVe, no ads/followers/warehouse needed","market-timing big idea delivered as a contrarian claim, not a story","freedom from needing capital/inventory/a brand","belief that you need your own product/brand to start a business","NULL","NULL","NON-STORY: direct-response claims list","NULL","Unaware->Problem-aware (names and rejects a belief)","MSL->squeeze_page->(offline sales)->paid enrollment","NON-STORY.","IM-10","NW-01","Ecom Degree University","6294245","169343657","1789069979206910","https://app.gethookd.ai/share/ad/169343657","active","24","2026-09-01","2026-09-23","LIKELY","41","Scaling","1","1","N","NULL","NULL","US","https://join.ecomdegree.com/","/","join.ecomdegree.com","landing_page","MSL->squeeze_page->(offline sales)->paid enrollment","[R-TOOL]","video, 19s","19","NULL","brand/text-card","static text-card claims over b-roll","not_requested","The biggest lie in business? 'You need your own product.'","NULL","direct myth-busting claim: resell Apple/Pampers/LEGO/CeraVe, no ads/followers/warehouse needed","CO-06","market-timing big idea delivered as a contrarian claim, not a story","belief that you need your own product/brand","NULL","freedom from needing capital/inventory/a brand","NULL","NULL","NULL","NULL","NULL","NULL","NULL","NULL","NULL","NULL","the 'biggest lie' is that you need your own product","resell trusted existing brands","NULL","NULL","NON-STORY: direct-response claims list","NULL","NULL","Unaware->Problem-aware (names and rejects a belief)","reader already associates business-starting with needing your own product","FREE (webinar)","NOT STATED IN AD","NOT STATED IN AD","NOT STATED IN AD","$5K-$10K/month","Free Walmart Passive Income Webinar registration","COMPETITOR-CLAIMED","product-ideation-anxious, deterred by the 'need your own product' belief","TITLE-BODY","NULL","NULL","NULL","NULL","NULL","NULL","NULL","CP-05","PB-05","NON-STORY","N","NW-NEW-SEED-05","IM-08","CO-05","NULL","renamed NW-NEW-SEED-05:IM-08 -> IM-10"
"11","NW-01 (Ecom Degree University)","Ecom Degree University","169343649","https://app.gethookd.ai/share/ad/169343649","active","24","Scaling (41)","video, 58s","No better business to start in 2026","podcast-interview clip (same series as IM-06/IM-11), transcript pending","[D] same market-timing big idea via podcast-interview credibility","NULL","NULL","NULL","NULL","BORDERLINE: transcript pending","NULL - not opened","Problem/Solution-aware boundary [D]","MSL->squeeze_page->(offline sales)->paid enrollment","BORDERLINE; transcript PENDING - coded from body + on-screen caption only.","IM-11","NW-01","Ecom Degree University","6294245","169343649","1574973270995545","https://app.gethookd.ai/share/ad/169343649","active","24","2026-09-01","2026-09-23","LIKELY","41","Scaling","1","1","Y","NULL","NULL","US","https://join.ecomdegree.com/","/","join.ecomdegree.com","landing_page","MSL->squeeze_page->(offline sales)->paid enrollment","[R-TOOL]","video, 58s","58","NULL","two-person podcast/interview","podcast clip, caption 'I like Walmart a lot because... Amazon's a great...'","pending","No better business to start in 2026","NULL","podcast-interview clip (same series as IM-06/IM-11), transcript pending","CO-05","[D] same market-timing big idea via podcast-interview credibility","NULL","NULL","NULL","NULL","NULL","NULL","NULL","NULL","NULL","NULL","NULL","NULL","NULL","NULL","NULL","NULL","NULL","BORDERLINE: transcript pending","NULL","NULL - not opened","Problem/Solution-aware boundary [D]","NULL","FREE (webinar)","NOT STATED IN AD","NOT STATED IN AD","NOT STATED IN AD","$5K-$10K/month","Free Walmart Passive Income Webinar registration","COMPETITOR-CLAIMED","aspirational","TITLE-BODY","NULL","NULL","NULL","NULL","NULL","NULL","NULL","CP-01","PB-02","BORDERLINE","N","NW-NEW-SEED-05","IM-09","CO-03","NULL","renamed NW-NEW-SEED-05:IM-09 -> IM-11"
"12","NW-01 (Ecom Degree University)","Ecom Degree University","169343631","https://app.gethookd.ai/share/ad/169343631","active","24","Scaling (41)","video, 29s","The biggest opportunity of 2026 - Comment 'Walmart' for an invite to my next workshop","wealth-signaling beach/boat lifestyle-flex hook + comment-to-DM funnel CTA","Walmart Marketplace is a 'Blue Ocean' vs Amazon's saturation, status-signaled","NULL","NULL","NULL","NULL","NON-STORY: lifestyle-flex hook, no narrative arc","NULL","Unaware (cold lifestyle-flex open)","comment-gated DM funnel [D] - differs from the direct link-click CTA on the other 13 ads","NON-STORY; distinct funnel mechanic (comment-to-DM, not direct click).","IM-12","NW-01","Ecom Degree University","6294245","169343631","1360164816304020","https://app.gethookd.ai/share/ad/169343631","active","24","2026-09-01","2026-09-23","LIKELY","41","Scaling","1","1","N","NULL","NULL","US","https://join.ecomdegree.com/","/","join.ecomdegree.com","landing_page","comment-gated DM funnel [D] - differs from the direct link-click CTA on the other 13 ads","[R-TOOL]","video, 29s","29","NULL","personal","beach/boat lifestyle-flex, text overlay 'Walmart Marketplace: Your Blue Ocean'","not_requested","The biggest opportunity of 2026 - Comment 'Walmart' for an invite to my next workshop","NULL","wealth-signaling beach/boat lifestyle-flex hook + comment-to-DM funnel CTA","CO-07","Walmart Marketplace is a 'Blue Ocean' vs Amazon's saturation, status-signaled","NULL","NULL","NULL","NULL","NULL","NULL","NULL","NULL","NULL","NULL","NULL","NULL","NULL","NULL","NULL","NULL","NULL","NON-STORY: lifestyle-flex hook, no narrative arc","NULL","NULL","Unaware (cold lifestyle-flex open)","NULL","FREE (webinar)","NOT STATED IN AD","NOT STATED IN AD","NOT STATED IN AD","$5K-$10K/month","Free Walmart Passive Income Webinar registration","COMPETITOR-CLAIMED","status/wealth-signaling-motivated","TITLE-BODY","NULL","NULL","NULL","NULL","NULL","NULL","NULL","CP-01","PB-02;PB-07","NON-STORY","N","NW-NEW-SEED-05","IM-10","CO-06","NULL","renamed NW-NEW-SEED-05:IM-10 -> IM-12"
"13","NW-01 (Ecom Degree University)","Ecom Degree University","169343626","https://app.gethookd.ai/share/ad/169343626","active","24","Scaling (41)","video, 56s","Grandmas can still get rich / How a 65-Year-Old Grandma Makes $7K a Month","podcast-interview clip (same series as IM-06/IM-09), age-inclusive angle","age is not a barrier - explicit rebuttal of an 'I'm too old' objection","income at any age","NULL","NULL","NULL","BORDERLINE: transcript pending","NULL - not opened","Problem-aware (pre-empts an age objection)","MSL->squeeze_page->(offline sales)->paid enrollment","BORDERLINE; transcript PENDING. Language field anomaly: stored as 'sv' (Swedish) despite English copy and US country - printed as a data anomaly, not resolved.","IM-13","NW-01","Ecom Degree University","6294245","169343626","1434880015288333","https://app.gethookd.ai/share/ad/169343626","active","24","2026-09-01","2026-09-23","LIKELY","41","Scaling","1","1","Y","NULL","NULL","US","https://join.ecomdegree.com/","/","join.ecomdegree.com","landing_page","MSL->squeeze_page->(offline sales)->paid enrollment","[R-TOOL]","video, 56s","56","NULL","two-person podcast/interview","podcast clip, caption 'How a 65-Year-Old Grandma Makes $7K a Month'","pending","Grandmas can still get rich / How a 65-Year-Old Grandma Makes $7K a Month","NULL","podcast-interview clip (same series as IM-06/IM-09), age-inclusive angle","CO-05","age is not a barrier - explicit rebuttal of an 'I'm too old' objection","NULL","NULL","income at any age","NULL","NULL","NULL","NULL","NULL","NULL","NULL","NULL","NULL","NULL","NULL","NULL","NULL","NULL","BORDERLINE: transcript pending","NULL","NULL - not opened","Problem-aware (pre-empts an age objection)","NULL","FREE (webinar)","NOT STATED IN AD","NOT STATED IN AD","NOT STATED IN AD","$5K-$10K/month","Free Walmart Passive Income Webinar registration","COMPETITOR-CLAIMED","older adult / retiree","TITLE-BODY (explicit age callout - the most specific avatar signal in the sample)","NULL","NULL","NULL","NULL","NULL","NULL","NULL","CP-06","PB-02;PB-07","BORDERLINE","N","NW-NEW-SEED-05","IM-11","CO-03","NULL","renamed NW-NEW-SEED-05:IM-11 -> IM-13"
"14","NW-01 (Ecom Degree University)","Ecom Degree University","169343625","https://app.gethookd.ai/share/ad/169343625","active","24","Scaling (41)","video, 6s","Don't get another job in 2026","4-step bullet instructional: open Walmart seller account -> use ScanProfit app to find discounted brand products -> resell -> repeat","a literal, replicable 4-step process, positioned against taking a traditional job","NULL","NULL","open a seller account -> scan for discounted brand products -> resell -> rinse & repeat","NULL","NON-STORY: instructional bullet list","NULL","Solution-aware (delivers mechanism directly)","MSL->squeeze_page->(offline sales)->paid enrollment","NON-STORY; only ad in sample to name 'ScanProfit mobile app' explicitly.","IM-14","NW-01","Ecom Degree University","6294245","169343625","1378409144506350","https://app.gethookd.ai/share/ad/169343625","active","24","2026-09-01","2026-09-23","LIKELY","41","Scaling","1","1","N","NULL","NULL","US","https://join.ecomdegree.com/","/","join.ecomdegree.com","landing_page","MSL->squeeze_page->(offline sales)->paid enrollment","[R-TOOL]","video, 6s","6","NULL","none/brand","4-step bullet text-card over beach B-roll","not_requested","Don't get another job in 2026","NULL","4-step bullet instructional: open Walmart seller account -> use ScanProfit app to find discounted brand products -> resell -> repeat","CO-08","a literal, replicable 4-step process, positioned against taking a traditional job","NULL","NULL","NULL","NULL","NULL","NULL","NULL","NULL","NULL","NULL","NULL","NULL","NULL","NULL","open Walmart seller account -> scan for discounted brand products (ScanProfit app) -> resell on Walmart.com -> repeat","NULL","ScanProfit mobile app","NON-STORY: instructional bullet list","NULL","NULL","Solution-aware (delivers mechanism directly)","'seller account' and 'ScanProfit app' named with no setup-cost/difficulty explanation","FREE (webinar)","NOT STATED IN AD","NOT STATED IN AD","NOT STATED IN AD","$5K-$10K/month","Free Walmart Passive Income Webinar registration","COMPETITOR-CLAIMED","job-averse young adult wanting a concrete recipe","TITLE-BODY (clearest mechanism disclosure in the sample)","NULL","NULL","NULL","NULL","NULL","NULL","NULL","CP-01","PB-02;PB-05","NON-STORY","N","NW-NEW-SEED-05","IM-12","CO-07","NULL","renamed NW-NEW-SEED-05:IM-12 -> IM-14"
"15","NW-02 (""Ecom Family"" ad network)","Ecomfamilyhub","2157168075190848","https://www.facebook.com/ads/library/?id=2157168075190848","active","0.1","UNKNOWN — searched: Meta connector has no performance field","UNKNOWN — searched","""I Didn’t Have a Cape. Just a Laptop and a Family to Fight For!"" (Meta ad_creative_link_title field, confirmed identical across ≥157 ad ids on this network — body NOT OPENED (tool))","NULL — searched: body NOT OPENED (tool)","NULL — searched: body NOT OPENED (tool)","NULL — searched: body NOT OPENED (tool)","NULL — searched: body NOT OPENED (tool)","NULL — searched: body NOT OPENED (tool)","NULL — searched: body NOT OPENED (tool); candidate-brand site-level mechanism in NW card SS12 ([D] unconfirmed link)","NULL — searched: body NOT OPENED (tool)","NULL — searched: body NOT OPENED (tool)","UNKNOWN — searched (ad-level)","UNKNOWN — searched: Meta connector returns no destination URL","VALIDATION-DEGRADED: GetHookd does not index NW-NEW-SEED-02's 3 page ids or any candidate domain. Network carried on Meta page_ids/search_terms enumeration (CRAWL COMPLETE after 7 searches) + 3 Exa agent_run reads on a CANDIDATE brand (""Ecom Family Academy"" / Jennings) whose technical link to these 3 pages is UNCONFIRMED (H1 same-operator-scaling vs H2 unrelated-copycat, see NW card SS4). Ad body/transcript unreachable by any connected tool for any ad on this network.","IM-15","NW-02","Ecomfamilyhub","NULL — not in GetHookd","2157168075190848","2157168075190848","https://www.facebook.com/ads/library/?id=2157168075190848","active","0.1","2026-09-24","NULL (still active)","BET","NULL — searched","NULL — searched","NULL — searched: no such Meta field; ≥48 distinct ad ids sharing this exact title were separately counted on this page","NULL","Y [D] (identical body/title across ≥157 ad ids and 3 pages)","NULL","NULL","US (query scope only)","UNKNOWN — searched: Meta connector returns no destination-URL field","NULL","UNKNOWN — searched: candidate domain family (ecomfamily.com/ecomfamilyacademy.com/.io) is [D] UNCONFIRMED for this specific page","UNKNOWN","UNKNOWN — searched","[R-TOOL] identification; NOT OPENED (tool) body","UNKNOWN — searched","NULL","NULL","NULL — searched","NULL — searched","NOT AVAILABLE — no GetHookd ad_id to transcribe","I Didn’t Have a Cape. Just a Laptop and a Family to Fight For!","identity-contrast / underdog-provider framing [D]","NULL — searched","CO-09","NULL — searched","NULL — searched","NULL — searched","NULL — searched","NULL","NULL","NULL — searched","NULL","NULL — searched","NULL","NULL — searched (ad body); candidate-brand site-level mechanism is in NW card SS12","NULL","NULL","NULL","NULL — searched (ad body)","NULL — searched","NULL — searched","NULL — searched","NULL — searched","NULL","NULL — searched","UNKNOWN — searched (ad-level); candidate-brand site-level = Problem/Solution-aware (see NW card SS12)","NULL — searched","NOT ON AD — candidate-brand site price ladder: FREE (store builder) / $1,495 (course) / $7,500 (coaching), [D] unconfirmed link (see NW card SS4)","NOT ON AD — candidate-brand site: internally conflicting guarantee claims, see NW card SS4","NONE STATED (ad-level)","Y (candidate-brand site-level: Shopify $1/3mo pass-through, [D] unconfirmed link)","NOT ON AD","NOT ON AD","COMPETITOR-CLAIMED (all candidate-brand site-derived fields; [D] unconfirmed link to this specific ad)","father/parent providing for family via a laptop-run business, no prior advantage (INFERRED from ad title + page name)","TITLE-BODY + PAGE-NAME","NULL","NULL","NULL","NULL — searched","NULL — searched","NULL — searched","NULL — searched","CP-02, CP-01","PB-02, PB-07","BORDERLINE (transcript/body missing)","N","NW-NEW-SEED-02","IM-01","CO-01 [D] (one concept shared across all 3 pages)","NULL","renamed NW-NEW-SEED-02:IM-01 -> IM-15"
"16","NW-02 (""Ecom Family"" ad network)","Ecom Family Academy","1658080129273784","https://www.facebook.com/ads/library/?id=1658080129273784","active","0.1","UNKNOWN — searched: Meta connector has no performance field","UNKNOWN — searched","""I Didn’t Have a Cape. Just a Laptop and a Family to Fight For!"" (Meta ad_creative_link_title field, confirmed identical across ≥157 ad ids on this network — body NOT OPENED (tool))","NULL — searched: body NOT OPENED (tool)","NULL — searched: body NOT OPENED (tool)","NULL — searched: body NOT OPENED (tool)","NULL — searched: body NOT OPENED (tool)","NULL — searched: body NOT OPENED (tool)","NULL — searched: body NOT OPENED (tool); candidate-brand site-level mechanism in NW card SS12 ([D] unconfirmed link)","NULL — searched: body NOT OPENED (tool)","NULL — searched: body NOT OPENED (tool)","UNKNOWN — searched (ad-level)","UNKNOWN — searched: Meta connector returns no destination URL","VALIDATION-DEGRADED: GetHookd does not index NW-NEW-SEED-02's 3 page ids or any candidate domain. Network carried on Meta page_ids/search_terms enumeration (CRAWL COMPLETE after 7 searches) + 3 Exa agent_run reads on a CANDIDATE brand (""Ecom Family Academy"" / Jennings) whose technical link to these 3 pages is UNCONFIRMED (H1 same-operator-scaling vs H2 unrelated-copycat, see NW card SS4). Ad body/transcript unreachable by any connected tool for any ad on this network.","IM-16","NW-02","Ecom Family Academy","NULL — not in GetHookd","1658080129273784","1658080129273784","https://www.facebook.com/ads/library/?id=1658080129273784","active","0.1","2026-09-24","NULL (still active)","BET","NULL — searched","NULL — searched","NULL — searched: no such Meta field; ≥58 distinct ad ids sharing this exact title were separately counted on this page","NULL","Y [D] (identical body/title across ≥157 ad ids and 3 pages)","NULL","NULL","US (query scope only)","UNKNOWN — searched: Meta connector returns no destination-URL field","NULL","UNKNOWN — searched: candidate domain family (ecomfamily.com/ecomfamilyacademy.com/.io) is [D] UNCONFIRMED for this specific page","UNKNOWN","UNKNOWN — searched","[R-TOOL] identification; NOT OPENED (tool) body","UNKNOWN — searched","NULL","NULL","NULL — searched","NULL — searched","NOT AVAILABLE — no GetHookd ad_id to transcribe","I Didn’t Have a Cape. Just a Laptop and a Family to Fight For!","identity-contrast / underdog-provider framing [D]","NULL — searched","CO-09","NULL — searched","NULL — searched","NULL — searched","NULL — searched","NULL","NULL","NULL — searched","NULL","NULL — searched","NULL","NULL — searched (ad body); candidate-brand site-level mechanism is in NW card SS12","NULL","NULL","NULL","NULL — searched (ad body)","NULL — searched","NULL — searched","NULL — searched","NULL — searched","NULL","NULL — searched","UNKNOWN — searched (ad-level); candidate-brand site-level = Problem/Solution-aware (see NW card SS12)","NULL — searched","NOT ON AD — candidate-brand site price ladder: FREE (store builder) / $1,495 (course) / $7,500 (coaching), [D] unconfirmed link (see NW card SS4)","NOT ON AD — candidate-brand site: internally conflicting guarantee claims, see NW card SS4","NONE STATED (ad-level)","Y (candidate-brand site-level: Shopify $1/3mo pass-through, [D] unconfirmed link)","NOT ON AD","NOT ON AD","COMPETITOR-CLAIMED (all candidate-brand site-derived fields; [D] unconfirmed link to this specific ad)","father/parent providing for family via a laptop-run business, no prior advantage (INFERRED from ad title + page name)","TITLE-BODY + PAGE-NAME","NULL","NULL","NULL","NULL — searched","NULL — searched","NULL — searched","NULL — searched","CP-02, CP-01","PB-02, PB-07","BORDERLINE (transcript/body missing)","N","NW-NEW-SEED-02","IM-03","CO-01 [D] (one concept shared across all 3 pages)","NULL","renamed NW-NEW-SEED-02:IM-03 -> IM-16"
"17","NW-02 (""Ecom Family"" ad network)","Ecomfamcrew","2771287676600895","https://www.facebook.com/ads/library/?id=2771287676600895","active","0.0","UNKNOWN — searched: Meta connector has no performance field","UNKNOWN — searched","""I Didn’t Have a Cape. Just a Laptop and a Family to Fight For!"" (Meta ad_creative_link_title field, confirmed identical across ≥157 ad ids on this network — body NOT OPENED (tool))","NULL — searched: body NOT OPENED (tool)","NULL — searched: body NOT OPENED (tool)","NULL — searched: body NOT OPENED (tool)","NULL — searched: body NOT OPENED (tool)","NULL — searched: body NOT OPENED (tool)","NULL — searched: body NOT OPENED (tool); candidate-brand site-level mechanism in NW card SS12 ([D] unconfirmed link)","NULL — searched: body NOT OPENED (tool)","NULL — searched: body NOT OPENED (tool)","UNKNOWN — searched (ad-level)","UNKNOWN — searched: Meta connector returns no destination URL","VALIDATION-DEGRADED: GetHookd does not index NW-NEW-SEED-02's 3 page ids or any candidate domain. Network carried on Meta page_ids/search_terms enumeration (CRAWL COMPLETE after 7 searches) + 3 Exa agent_run reads on a CANDIDATE brand (""Ecom Family Academy"" / Jennings) whose technical link to these 3 pages is UNCONFIRMED (H1 same-operator-scaling vs H2 unrelated-copycat, see NW card SS4). Ad body/transcript unreachable by any connected tool for any ad on this network.","IM-17","NW-02","Ecomfamcrew","NULL — not in GetHookd","2771287676600895","2771287676600895","https://www.facebook.com/ads/library/?id=2771287676600895","active","0.0","2026-09-24","NULL (still active)","BET","NULL — searched","NULL — searched","NULL — searched: no such Meta field; ≥54 distinct ad ids sharing this exact title were separately counted on this page","NULL","Y [D] (identical body/title across ≥157 ad ids and 3 pages)","NULL","NULL","US (query scope only)","UNKNOWN — searched: Meta connector returns no destination-URL field","NULL","UNKNOWN — searched: candidate domain family (ecomfamily.com/ecomfamilyacademy.com/.io) is [D] UNCONFIRMED for this specific page","UNKNOWN","UNKNOWN — searched","[R-TOOL] identification; NOT OPENED (tool) body","UNKNOWN — searched","NULL","NULL","NULL — searched","NULL — searched","NOT AVAILABLE — no GetHookd ad_id to transcribe","I Didn’t Have a Cape. Just a Laptop and a Family to Fight For!","identity-contrast / underdog-provider framing [D]","NULL — searched","CO-09","NULL — searched","NULL — searched","NULL — searched","NULL — searched","NULL","NULL","NULL — searched","NULL","NULL — searched","NULL","NULL — searched (ad body); candidate-brand site-level mechanism is in NW card SS12","NULL","NULL","NULL","NULL — searched (ad body)","NULL — searched","NULL — searched","NULL — searched","NULL — searched","NULL","NULL — searched","UNKNOWN — searched (ad-level); candidate-brand site-level = Problem/Solution-aware (see NW card SS12)","NULL — searched","NOT ON AD — candidate-brand site price ladder: FREE (store builder) / $1,495 (course) / $7,500 (coaching), [D] unconfirmed link (see NW card SS4)","NOT ON AD — candidate-brand site: internally conflicting guarantee claims, see NW card SS4","NONE STATED (ad-level)","Y (candidate-brand site-level: Shopify $1/3mo pass-through, [D] unconfirmed link)","NOT ON AD","NOT ON AD","COMPETITOR-CLAIMED (all candidate-brand site-derived fields; [D] unconfirmed link to this specific ad)","father/parent providing for family via a laptop-run business, no prior advantage (INFERRED from ad title + page name)","TITLE-BODY + PAGE-NAME","NULL","NULL","NULL","NULL — searched","NULL — searched","NULL — searched","NULL — searched","CP-02, CP-01","PB-02, PB-07","BORDERLINE (transcript/body missing)","N","NW-NEW-SEED-02","IM-02","CO-01 [D] (one concept shared across all 3 pages)","NULL","renamed NW-NEW-SEED-02:IM-02 -> IM-17"
"18","NW-03 (Ecom Accelerator)","Ecom Accelerator","41256434","https://app.gethookd.ai/share/ad/41256434?signature=e8a15c2928e9af905e43d3910890fbb812ff2bb963359a0f0735c73c5531106d","inactive","540","NULL (no score recorded on this row)","video (79s primary of 39 stored DCO video variants)","THIS New Ecommerce Platform Will Be Even Bigger Than Amazon","Curiosity/authority hook naming an unnamed 'new' e-commerce platform as an Amazon-beating opportunity, defers reveal to video, same build-and-manage partner offer behind it","You can own an e-commerce business without doing the work -- we build it, run it, and guarantee you get your money back within 16 months (same big idea as CO-01, wrapped in a ground-floor-opportunity curiosity hook)","get into a high-return opportunity before everyone else does (FOMO/ground-floor framing)","future-fear (missing the opportunity); functional ('inventory, fulfillment, or any of the other headaches that come with traditional ecommerce')","'traditional ecommerce' named as the harder alternative ('without worrying about inventory, fulfillment, or any of the other headaches that come with traditional ecommerce')","why_persists: traditional ecommerce requires inventory/fulfillment labor; why_different: unnamed 'new platform' removes that (deliberately withheld -- curiosity-gap copy)","NON-STORY / advertorial-teaser -- curiosity-gap hook, mechanism withheld, 'Watch the video below to find out'","comparative statistic ('almost double the return then on Amazon') [COMPETITOR-CLAIMED, unverified, grammatical error 'then'/'than' suggests low copy-QA / possible outsourced authorship]","Problem/Solution-aware but platform-Unaware (product/platform name deliberately withheld in-ad)","MSL -> VSL (go.ecomaccelerator.io/fb/vsl)","display_format=dco with 39 stored video media variants under this one ad id -- a major replication/testing-commitment signal beyond the used_count:2 field; longevity 540d is the longest observed on this network; label CONTROL-GRADE not OWNED because competitor_quality=INCUMBENT drops the ladder one rung","IM-18","NW-03","Ecom Accelerator","134049","41256434","4275006539393780","https://app.gethookd.ai/share/ad/41256434?signature=e8a15c2928e9af905e43d3910890fbb812ff2bb963359a0f0735c73c5531106d","inactive","540","2025-03-12","2026-09-02","CONTROL-GRADE (dropped 1 rung: INCUMBENT)","NULL","NULL","2","39 stored video media on this ad id (dco)","Y (used_count>1 AND 39 ad_cards/media variants)","NULL","NULL","NULL (not returned on this row)","https://go.ecomaccelerator.io/fb/vsl","/fb/vsl","go.ecomaccelerator.io","NULL (not indexed on this row)","MSL->VSL","[R-TOOL]","dco","64","79 (primary media)","NOT CODED (transcript pending; body-only coding)","NOT OPENED beyond thumbnail within time box (39 media variants; primary media metadata read only)","PENDING (transcribe_ad queued; not completed within time box -- coded from full ad body text)","THIS New Ecommerce Platform Will Be Even Bigger Than Amazon","curiosity-gap / ground-floor-opportunity","Curiosity/authority hook naming an unnamed 'new' e-commerce platform as an Amazon-beating opportunity, defers reveal to video, same build-and-manage partner offer behind it","CO-10","see Big Idea column","traditional ecommerce is labor-heavy (inventory/fulfillment) and the good opportunities feel already taken","early access to a higher-return ecommerce opportunity without the traditional operational headaches","get into a high-return opportunity before everyone else does","early adopters are making a KILLING","[D] financial upside without the grind of normal ecommerce","fear of missing a ground-floor opportunity vs. distrust of an unnamed 'new platform'","[D] 'typical returns' / normal Amazon selling vs. this platform's claimed near-double return","future-fear; functional","'traditional ecommerce' (inventory, fulfillment, headaches) named as the inferior alternative","NULL","traditional ecommerce requires inventory/fulfillment labor [D]","NOT STATED","unnamed 'new platform' removes inventory/fulfillment headaches (mechanism deliberately withheld pending video)","traditional ecommerce operational burden","a new, less-competitive platform + managed partnership (revealed only in video)","NULL","NOT NAMED IN THIS AD (withheld to the linked VSL)","NON-STORY/advertorial-teaser: curiosity hook -> comparative-return claim -> mechanism withheld -> CTA to video","NOT CODED (NON-STORY; product/platform name never appears in ad body itself)","comparative statistic [COMPETITOR-CLAIMED, unverified]","Problem/Solution-aware, platform-Unaware (curiosity-gap)","'traditional ecommerce' headaches assumed familiar; implicit Amazon-seller frame of reference","NOT STATED IN THIS AD (deferred to VSL; consistent with $15-30K family per landing continuity)","NOT RESTATED IN THIS AD (landing continuity implies same 16-month guarantee family)","NULL","N","early access to a higher-return, lower-hassle ecommerce opportunity","NOT STATED IN THIS AD (deferred to VSL)","Y -- return-comparison claim COMPETITOR-CLAIMED, not verified","wants a high-return investment opportunity without traditional ecommerce operational headaches","TITLE-BODY","NULL","NULL","NULL","NOT ANALYZED","NOT ANALYZED","NOT ANALYZED","NOT ANALYZED","CP-06 (closest existing CP -- idle-capital/portfolio theme)","PB-07 (primary), PB-02 (secondary)","NON-STORY","N","NW-NEW-SEED-04","IM-02","CO-02","NULL","renamed NW-NEW-SEED-04:IM-02 -> IM-18"
"19","NW-03 (Ecom Accelerator)","Ecom Accelerator","41256429","https://app.gethookd.ai/share/ad/41256429?signature=cd7fb61172b397f9cf1ed31f15b016ffcde566992b61520b8c2729d3b099db79","inactive","519","NULL (no score recorded on this row)","video (90s primary of 40 stored DCO video variants)","Top Economists Are Referring To THIS As Amazon's New Rival","Authority/FOMO hook: unnamed economists call a 'blue ocean' ecommerce platform Amazon's rival; explicit $25K liquid qualifier; application-gated funnel","You can own an e-commerce business without doing the work -- we build it, run it, and guarantee you get your money back within 16 months (same big idea, wrapped in an authority/FOMO ground-floor hook)","Diversify Your Portfolio / Add An Additional Stream Of Mostly Passive Income / Create a New Source of Cash Flow So That You Can Retire With Peace Of Mind (verbatim bullet triad)","future-fear (retirement/portfolio inadequacy); identity (portfolio concentration risk)","Implicit: 'being one of the first Amazon Marketplace sellers back in the year 2000' framed as an opportunity already missed (structural FOMO analogy, not a first-person failure)","why_persists: normal ecommerce (implicitly Amazon) now saturated/high-competition; why_different: 'blue ocean platform...very few people are aware of', 'basically no sellers so there was ZERO competition' -- first-mover/scarcity mechanism","NON-STORY: authority hook -> Amazon-2000 analogy -> curiosity-gap (platform unnamed) -> application CTA","authority appeal ('Top Economists', unnamed, uncited) [COMPETITOR-CLAIMED]; analogy-based reasoning, not empirical proof","Solution-aware but platform-Unaware (platform name explicitly withheld: 'What this new blue ocean platform is' listed as a video reveal item)","MSL -> application-gated VSL (go.ecomaccelerator.io/fb/vsl, 'fill out the short application... schedule a time to talk')","display_format=dco with 40 stored video media variants under this one ad id; 519d is the network's 2nd-longest observed run; strongest CP-06/PB-07 language match of the three coded concepts ('retire with peace of mind', 'Diversify Your Portfolio')","IM-19","NW-03","Ecom Accelerator","134049","41256429","2014002155740623","https://app.gethookd.ai/share/ad/41256429?signature=cd7fb61172b397f9cf1ed31f15b016ffcde566992b61520b8c2729d3b099db79","inactive","519","2024-11-07","2026-04-09","CONTROL-GRADE (dropped 1 rung: INCUMBENT)","NULL","NULL","2","40 stored video media on this ad id (dco)","Y (used_count>1 AND 40 ad_cards/media variants)","NULL","NULL","NULL (not returned on this row)","https://go.ecomaccelerator.io/fb/vsl","/fb/vsl","go.ecomaccelerator.io","NULL (not indexed on this row)","MSL->application-gated VSL","[R-TOOL]","dco","272","90 (primary media)","NOT CODED (transcript pending; body-only coding)","NOT OPENED beyond thumbnail within time box (40 media variants; primary media metadata read only)","PENDING (transcribe_ad queued; not completed within time box -- coded from full ad body text)","Top Economists Are Referring To THIS As Amazon's New Rival","authority + FOMO analogy","Authority/FOMO hook: unnamed economists call a 'blue ocean' ecommerce platform Amazon's rival; explicit $25K liquid qualifier; application-gated funnel","CO-11","see Big Idea column","portfolio not diversified / no passive income stream / retirement savings inadequate, and the 'easy' ecommerce window (Amazon circa 2000) already closed","ground-floor access to a low-competition ecommerce platform via a managed partnership","Diversify Your Portfolio / Add An Additional Stream Of Mostly Passive Income / Create a New Source of Cash Flow So That You Can Retire With Peace Of Mind","Retire With Peace Of Mind","[D] financial security in retirement via a diversified, low-effort income stream","fear of having missed the last big ecommerce window vs. hope that this 'blue ocean' platform is a second chance","[D] a saturated, ZERO-competition-then-vs-now Amazon marketplace contrasted with the claimed low-competition 'blue ocean' platform","future-fear; identity","Implicit: missing the Amazon-2000 window (structural FOMO analogy, not first-person)","NULL","normal/Amazon ecommerce now saturated, high competition [D]","NOT STATED","'blue ocean platform...very few people are aware of', first-mover/scarcity mechanism [COMPETITOR-CLAIMED]","missed first-mover window on mainstream ecommerce platforms; undiversified portfolio","partner with the team to access a low-competition 'blue ocean' platform, application-gated","NULL","NOT NAMED IN THIS AD (withheld to application call)","NON-STORY: authority hook -> historical analogy -> curiosity-gap -> application CTA","NOT CODED (NON-STORY; platform name never appears in ad body itself)","authority appeal (unnamed 'Top Economists') [COMPETITOR-CLAIMED, uncited]; analogy reasoning","Solution-aware, platform-Unaware (curiosity-gap)","'Amazon Marketplace sellers back in the year 2000' historical reference assumed familiar","$25K liquid (this era's stated qualifier)","NOT RESTATED IN THIS AD (landing continuity implies same 16-month guarantee family; 'this won't be some pushy sales call... we will only work with you if we know it will be a good business fit')","NULL","N","partner with the team to access a low-competition ecommerce platform","application-gated consultation call, NOT STATED profit split in this specific ad body (consistent with 70/30 family per PDP)","Y -- authority and scarcity claims COMPETITOR-CLAIMED, uncited","business owner with ~$25K liquid capital wanting portfolio diversification and retirement-focused passive income","TITLE-BODY","NULL","NULL","NULL","NOT ANALYZED","NOT ANALYZED","NOT ANALYZED","NOT ANALYZED","CP-06 (strongest match of the three concepts -- explicit 'retire with peace of mind' + 'Diversify Your Portfolio' language)","PB-07 (primary), PB-02 (secondary)","NON-STORY","N","NW-NEW-SEED-04","IM-03","CO-03","NULL","renamed NW-NEW-SEED-04:IM-03 -> IM-19"
"20","NW-03 (Ecom Accelerator)","Ecom Accelerator (brand_id 134049)","78640432","https://app.gethookd.ai/share/ad/78640432?signature=479e6dd58f5153a0e3c071b04251b0f0118ec2f78c90cf1756c700a3d3960892","inactive","206","NULL (no score on row)","video","If you are sitting on $25,000 or more and are looking for a smarter way","Capital holder told to own a cash-flowing store instead of market-dependent assets; reveals why the operator needs partners","You can own a cash-flow business we build and run — you keep 70%, we take 30%","NULL (desire_wording_used instead)","future-fear; functional","implicit: portfolios/markets (""assets that depend on the market or economy"")","why_different: ""The platforms we sell on limit you to one store per person"" — so the operator needs partners","NON-STORY: capital qualifier -> own-a-business reframe -> we build/manage -> 70/30 -> no e-com knowledge needed -> why we need partners -> CTA","business-model transparency; operating history since 2018 (COMPETITOR-CLAIMED)","Solution-aware","MSL -> VSL (application-gated)","NW-APPEND (ad-level): surfaced by 03 merge charged search_ads #1; body + transcript read from the tool response, not re-researched","IM-20","NW-03","Ecom Accelerator (brand_id 134049)","134049","78640432","928854983163143","https://app.gethookd.ai/share/ad/78640432?signature=479e6dd58f5153a0e3c071b04251b0f0118ec2f78c90cf1756c700a3d3960892","inactive","206","2026-02-09","2026-09-02","CONTROL-GRADE (dropped 1 rung: INCUMBENT)","NULL","NULL (no score on row)","2","NULL","Y","NULL","NULL","US","https://go.ecomaccelerator.io/fb/vsl","NULL","go.ecomaccelerator.io","NULL","MSL -> VSL (application-gated)","[R-TOOL]","video","NULL","81","expert/founder (older man seated before a whiteboard)","seated older presenter, whiteboard (""Sell first, buy later"", ""You own the business""), caption ""ON 25,000""","available","If you are sitting on $25,000 or more and are looking for a smarter way","capital-threshold qualifier","Capital holder told to own a cash-flowing store instead of market-dependent assets; reveals why the operator needs partners","CO-12","You can own a cash-flow business we build and run — you keep 70%, we take 30%","capital not growing / market-dependent assets","a managed e-commerce business you own","NULL (desire_wording_used instead)","a smarter way to grow your money; fund your vacation, kids college fund, or early retirement","NULL","money idle vs. wanting it to work","NULL","future-fear; functional","implicit: portfolios/markets (""assets that depend on the market or economy"")","why_different: ""The platforms we sell on limit you to one store per person"" — so the operator needs partners","NULL","NULL","NULL","idle/market-dependent capital","managed store, 70/30 profit split","NULL","NULL","NON-STORY: capital qualifier -> own-a-business reframe -> we build/manage -> 70/30 -> no e-com knowledge needed -> why we need partners -> CTA","NULL","business-model transparency; operating history since 2018 (COMPETITOR-CLAIMED)","Solution-aware","profit split; e-commerce platforms","$25K+ capital","NOT RESTATED in transcript (body carries 16-month guarantee)","NULL","NULL","NULL","NULL","COMPETITOR-CLAIMED","capital holder ($25K+) wanting money to work; kids college fund / early retirement named","TRANSCRIPT","NULL","NULL","NULL","NULL","NULL","NULL","NULL","CP-06;CP-02","PB-07;PB-02","NON-STORY","N","03-MERGE (search_ads ambiguity 1)","—","—","NW-APPEND (ad-level): surfaced by 03 merge charged search_ads #1; body + transcript read from the tool response, not re-researched","renamed 03-MERGE (search_ads ambiguity 1):— -> IM-20"
"21","NW-03 (Ecom Accelerator)","Ecom Accelerator","103675232","https://app.gethookd.ai/share/ad/103675232?signature=60433a54256945cbcdb5a0821ffc33a367828edef41fc929f2da71fbf469e1c4","active","119","Testing (performance_score 1)","video (72s, DCO-style variant set)","If You Have Between $15K and $30k Liquid And Are Looking For","Direct-to-camera + text-overlay pitch: fund $15-30K, our team builds/runs a TikTok e-commerce store, 70/30 profit split, 16-month guarantee","You can own an e-commerce business without doing the work -- we build it, run it, and guarantee you get your money back within 16 months","a new monthly income stream","functional (lacks time/skill/data to run ecommerce solo); future-fear (capital not growing)","NONE STATED -- searched: ad body, landing page (no prior-DIY-failure narrative in this copy)","why_persists: lacks trend data / 100+-store operating history / supplier network [COMPETITOR-CLAIMED]; why_different: 'we already run 100+ stores and know exactly what's selling' [COMPETITOR-CLAIMED]","NON-STORY -- capital-qualifier hook -> offer explainer -> 5-component breakdown -> guarantee -> CTA (no lived scene, no narrator)","statistic ('100+ stores we manage') [COMPETITOR-CLAIMED]; guarantee (16-month profit guarantee)","Solution-aware","MSL -> VSL (go.ecomaccelerator.io/fb/vsl, application-gated)","3 near-identical video variants observed (103675232/103675223/103675199), all days_active 119, all landing on same VSL; a 4th variant (ad 182442906, days_active 2, $25K-$35K figure, landing www.ecomaccelerator.io/r/vsl) is a currently-testing price-anchor bet, RECENT (<=7d, not ranked per rule 5)","IM-21","NW-03","Ecom Accelerator","134049","103675232","859277240566610","https://app.gethookd.ai/share/ad/103675232?signature=60433a54256945cbcdb5a0821ffc33a367828edef41fc929f2da71fbf469e1c4","active","119","2026-05-29","2026-09-24","PROVEN (dropped 1 rung: INCUMBENT)","1","Testing","1 (per row; >=3 near-identical video variants observed under same title/body/landing = reuse pattern)",">=3 observed (103675232,103675223,103675199) + 1 price-variant (182442906)","Y (identical body across >=3 ad ids, [D])","NULL","NULL","US","https://go.ecomaccelerator.io/fb/vsl","/fb/vsl","go.ecomaccelerator.io","vsl_page","MSL->VSL","[R-TOOL]","video","NULL (video)","72","customer/testimonial-style direct-to-camera (two alternating speakers across variants: female, male)","talking-head direct-to-camera with blue text-overlay supers, home/studio backdrop","PENDING (transcribe_ad queued; not completed within time box -- coded from full ad body text)","If You Have Between $15K and $30k Liquid And Are Looking For","capital-threshold qualifier","Direct-to-camera + text-overlay pitch: fund $15-30K, our team builds/runs a TikTok e-commerce store, 70/30 profit split, 16-month guarantee","CO-13","see Big Idea column","lacks time/skill to build & run an ecommerce store themselves, but has capital to invest","a managed, profit-sharing TikTok e-commerce store live within 30 days","a new monthly income stream","New Monthly Income Stream","[D] financial independence / diversified passive wealth","has capital sitting idle vs. fear of not knowing how to run an online store themselves","[D] money sitting idle in savings vs. capital 'working' in a managed store","functional; future-fear","NONE STATED -- searched: ad body, landing page","NULL","average person lacks trend data / 100+-store operating history / supplier network [COMPETITOR-CLAIMED]","NOT STATED (no DIY-failure narrative in this copy)","'we already run 100+ stores and know EXACTLY what's selling right now' [COMPETITOR-CLAIMED]","lack of ecommerce operating expertise/data access","managed operation by an experienced team, profit-shared","NULL (no named condition; business-opportunity offer, not symptom-relief)","5 key components (Product Research & Selection, Sourcing & Logistics, List Your Products [on TikTok], Marketing & Sales, Customer Service)","NON-STORY: capital-qualifier hook -> offer explainer -> 5-component breakdown -> guarantee -> CTA","NOT CODED (NON-STORY bucket; product named in first sentence, so effectively very-early per body inspection)","statistics ('100+ stores'); guarantee","Solution-aware","'the platform that's been around 30 years' (unnamed, assumes viewer infers Amazon/eBay); 'profit share model' terminology; 'TikTok is MUCH more profitable' (assumes familiarity with platform economics)","$15K-$30K liquid capital required (framed as investment/inventory capital, not a flat fee)","16-month profit guarantee -- 'If you don't make back your initial upfront costs in the first 16 months, we will give you our share of the profits until you do' (NOT a cash refund of principal)","NULL","N","a managed, profit-sharing e-commerce store live in 30 days","70/30 profit split; we build+run, you fund+own","Y -- scale/performance claims COMPETITOR-CLAIMED, not verified","has $15K-$30K liquid capital, wants a new income stream without running it themselves","TITLE-BODY","NULL","NULL","NULL","NOT ANALYZED (creative_insights null)","NOT ANALYZED","NOT ANALYZED","NOT ANALYZED","CP-06 (closest existing CP -- idle-capital theme; caveat: this avatar is capital-holding, not explicitly retirement-aged, matched on idle-capital theme only)","PB-07 (primary), PB-02 (secondary), PB-05 (light touch -- 'know exactly what's selling'), PB-01 (light touch -- 'heavy lifting' hands-off framing)","NON-STORY","N","NW-NEW-SEED-04","IM-01","CO-01","NULL","renamed NW-NEW-SEED-04:IM-01 -> IM-21"
"22","NW-03 (Ecom Accelerator)","Ecom Accelerator (brand_id 134049)","93128874","https://app.gethookd.ai/share/ad/93128874?signature=a03a35fd0ea5abb859584f7c25f2bad7767f4d516e0d2dc179ca6afe146d9377","inactive","109","NULL (no score on row)","video","If You Have Between $25K and $35k Liquid and Are Looking For","""E-cash flow model"": own a digital business instead of stocks, bonds or CDs; team picks and sells products for you","You can own a cash-flow business we build and run — like an advisor, but picking products instead of stocks","NULL (desire_wording_used instead)","future-fear","stock portfolio, bonds, CDs (named as the lower-return alternatives)","why_different: ""proprietary product sourcing system... sell first and then buy later""","NON-STORY: asset-comparison hook -> e-cash-flow reframe -> advisor analogy -> we pick products -> history since 2018 -> application CTA","statistics (""profits of at least 25%"", client data Sep 2024–Jan 2025) COMPETITOR-CLAIMED","Solution-aware","MSL -> VSL (application-gated)","NW-APPEND (ad-level): surfaced by 03 merge charged search_ads #1; body + transcript read from the tool response","IM-22","NW-03","Ecom Accelerator (brand_id 134049)","134049","93128874","962728782970486","https://app.gethookd.ai/share/ad/93128874?signature=a03a35fd0ea5abb859584f7c25f2bad7767f4d516e0d2dc179ca6afe146d9377","inactive","109","2026-04-19","2026-08-05","PROVEN (dropped 1 rung: INCUMBENT)","NULL","NULL (no score on row)","2","NULL","Y","NULL","NULL","US","https://go.ecomaccelerator.io/fb/vsl","NULL","go.ecomaccelerator.io","NULL","MSL -> VSL (application-gated)","[R-TOOL]","video","NULL","79","founder/brand (direct-to-camera)","direct-to-camera presenter; transcript-led","available","If You Have Between $25K and $35k Liquid and Are Looking For","capital-threshold qualifier (body) / ""this isn't a stock portfolio"" (video)","""E-cash flow model"": own a digital business instead of stocks, bonds or CDs; team picks and sells products for you","CO-12","You can own a cash-flow business we build and run — like an advisor, but picking products instead of stocks","portfolio returns ""LUCKY to generate 10% per year""","a managed e-commerce business you own","NULL (desire_wording_used instead)","a new monthly income stream; a better place to put your money","NULL","NULL","NULL","future-fear","stock portfolio, bonds, CDs (named as the lower-return alternatives)","why_different: ""proprietary product sourcing system... sell first and then buy later""","NULL","NULL","NULL","under-performing conventional assets","managed store, profit share","NULL","NULL","NON-STORY: asset-comparison hook -> e-cash-flow reframe -> advisor analogy -> we pick products -> history since 2018 -> application CTA","NULL","statistics (""profits of at least 25%"", client data Sep 2024–Jan 2025) COMPETITOR-CLAIMED","Solution-aware","S&P 500 / bonds / CDs as the reference set","$25K–$35K liquid","16 months (body)","NULL","NULL","NULL","NULL","COMPETITOR-CLAIMED","capital holder comparing e-commerce to stocks/bonds","TITLE-BODY + TRANSCRIPT","NULL","NULL","NULL","NULL","NULL","NULL","NULL","CP-06","PB-07;PB-02","NON-STORY","N","03-MERGE (search_ads ambiguity 1)","—","—","NW-APPEND (ad-level): surfaced by 03 merge charged search_ads #1; body + transcript read from the tool response","renamed 03-MERGE (search_ads ambiguity 1):— -> IM-22"
"23","NW-04 (Done for you brands)","Done for you brands","74657770","https://app.gethookd.ai/share/ad/74657770?signature=6f779e03e342dd398fa616c388c6e144bd4ece9be24e20e8a92347a47c0b05cb","inactive","87","NULL (pre-scoring era)","video","STOP buying courses! I'll design you a beautiful store","Same as IM-02 (CO-02) - legacy direct-offer landing instance, the network's longest-running single ad","Alex will personally design and preload your entire branded ecommerce store with 20 products and vetted US suppliers for $20, ready to sell in 7 days","I want a real, branded store - not more theory - ready to sell fast","functional(setup labour, sourcing); identity(fear of looking like a cheap dropshipping website)","STOP buying courses! - names prior course purchases as the failed alternative","same as IM-02 (identical body)","hook(stop buying courses) -> offer -> credibility contrast -> CTA -> PS guarantee","guarantee stated directly in-ad [D]","Solution","direct offer/PDP (legacy, pre-dates quiz gate)","Funnel-evolution evidence: ran direct-to-offer (no quiz) before the current era's Heyflow quiz gate was added","IM-23","NW-04","Done for you brands","297031","74657770","827968723390476","https://app.gethookd.ai/share/ad/74657770?signature=6f779e03e342dd398fa616c388c6e144bd4ece9be24e20e8a92347a47c0b05cb","inactive","87","2025-12-26","2026-03-22","PROVEN","NULL","NULL","2","NULL","Y","12811","NULL","35 countries incl US,GB,DE,FR","https://go.doneforyoubrands.co/main-fe-dup-v2","NULL","go.doneforyoubrands.co","NULL","NULL","NULL","video","45s","NULL","brand (signed - Alex)","same style as IM-02, distinct cut","not_requested","STOP buying courses! I'll design you a beautiful store","imperative interrupt + direct personal offer","Same as IM-02 (CO-02) - legacy direct-offer landing instance, the network's longest-running single ad","CO-14","Alex will personally design and preload your entire branded ecommerce store with 20 products and vetted US suppliers for $20, ready to sell in 7 days","prior spend on courses with no finished store to show for it","a beautiful branded store, sellable within 7 days","NULL","beautiful eCommerce store from scratch","NULL","wanting a real business vs owning only theory/courses","a cheap 2018-style dropshipping website","functional|identity","NULL","NULL","DIY setup + product sourcing require time/skill most buyers lack","courses sell theory, not a finished asset","beautiful branded store + high-quality US suppliers that actually ship, delivered not taught","courses teach without delivering a finished asset","a done-for-you branded store, preloaded and supplier-linked","NULL","20 hand-picked products; high-quality US suppliers","NULL","early (first line is the offer)","guarantee [D, ad-stated]","NULL","dropshipping websites / 2018 used as shorthand, undefined","$20","[D] try it 30 days, 100% refund, no questions asked","$97/50-product tier [R-PAGE via Exa]","Zendrop $79/mo + Shopify $1/mo then $39/mo [R-PAGE via Exa]","ready to get sales in as little as 7 days","$20 pre-built store","NULL","course-burned aspiring seller, no store yet","TITLE-BODY","18","65","All","NULL","NULL","NULL","NULL","CP-05;CP-03","PB-01;PB-05;PB-03","NON-STORY","N","NW-NEW-SEED-03","IM-03","CO-02","NULL","renamed NW-NEW-SEED-03:IM-03 -> IM-23"
"24","NW-04 (Done for you brands)","Done for you brands","59411595","https://app.gethookd.ai/share/ad/59411595?signature=272b1fe119a29c973dcac9ba3e90311e2154265b2acb04d511f5957c2c97e97a","inactive","78","NULL","video","NO compres mas cursos. Yo te hago una tienda online hermosa","Verbatim Spanish translation of CO-02, dedicated esp-start landing","Alex will personally design and preload your entire branded ecommerce store with 20 products and vetted US suppliers for $20 (Spanish-language variant)","I want a real, branded store - not more theory - ready to sell fast","functional(setup labour, sourcing); identity(fear of a cheap-looking store)","NO compres mas cursos - names prior course purchases as the failed alternative","same as CO-02 (translated)","hook -> offer -> credibility contrast -> CTA -> PD guarantee (Spanish)","guarantee stated directly in-ad [D], Spanish wording","Solution","direct offer/PDP","Deliberate language-targeted funnel entry point (esp-start), not a stray translation","IM-24","NW-04","Done for you brands","297031","59411595","2127484858002751","https://app.gethookd.ai/share/ad/59411595?signature=272b1fe119a29c973dcac9ba3e90311e2154265b2acb04d511f5957c2c97e97a","inactive","78","2025-11-23","2026-02-08","PROVEN","NULL","NULL","1","NULL","Y","NULL","NULL","US","https://www.doneforyoubrands.co/esp-start","NULL","www.doneforyoubrands.co","NULL","NULL","NULL","video","45s","NULL","brand (signed - Alex)","same style as CO-02, Spanish audio/captions","not_requested","NO compres mas cursos. Yo te hago una tienda online hermosa","imperative interrupt + direct personal offer","Verbatim Spanish translation of CO-02, dedicated esp-start landing","CO-14","Alex will personally design and preload your entire branded ecommerce store with 20 products and vetted US suppliers for $20 (Spanish-language variant)","prior spend on courses with no finished store to show for it","tienda de marca lista para vender en 7 dias","NULL","tienda online hermosa desde cero","NULL","wanting a real business vs owning only theory/courses","pagina barata de dropshipping del 2018","functional|identity","NULL","NULL","same as CO-02","same as CO-02","same as CO-02 (translated)","same as CO-02","same as CO-02","NULL","20 productos seleccionados a mano; proveedores de EE.UU.","NULL","early","guarantee [D, ad-stated, Spanish]","NULL","dropshipping / 2018 used as shorthand, undefined","$20","[D] Pruebala 30 dias, 100% del dinero, sin preguntas","NULL (not confirmed for esp-start variant)","NULL (not confirmed for esp-start variant)","lista para vender en menos de 7 dias","$20 tienda prediseñada","NULL","Spanish-speaking aspiring online seller","LANDING-SLUG+TITLE-BODY","NULL","NULL","NULL","NULL","NULL","NULL","NULL","CP-05;CP-03","PB-01;PB-05","NON-STORY","N","NW-NEW-SEED-03","IM-04","CO-03","NULL","renamed NW-NEW-SEED-03:IM-04 -> IM-24"
"25","NW-04 (Done for you brands)","Done for you brands","59618906","https://app.gethookd.ai/share/ad/59618906?signature=40a869f5466ec7c527a980451058595b2f6e2c1d12264dd468ad6a70f6be5104","inactive","77","NULL","image","People are stealing your money. And it's legal.","Reframes buyer from victim-of-markup to collector-of-markup via the $20 setup, styled as a legal loophole","Every time you shop online, someone else collects a legal cut of your money - for $20 you can become that someone instead","I want to be on the collecting side of ecommerce money movement, not the paying side","emotional(resentment at being taken advantage of); future-fear(missing the holiday window)","online gurus charge thousands of dollars for maps that keep you lost","why_persists: a legal loophole most people don't know how to access; why_different: fully set up and ready to start collecting for you","hook(accusation/reframe) -> escalation -> contrast(gurus) -> reframe(loophole) -> urgency($1.3T) -> risk-reversal -> CTA","statistics ($1.3 trillion holiday spend, $47 deposit imagery) - COMPETITOR-CLAIMED, unsourced","Unaware->Problem","direct offer/PDP","Closest-to-hybrid of the 4 concepts but lacks a specific lived scene; coded NON-STORY per definition example (storyless long copy)","IM-25","NW-04","Done for you brands","297031","59618906","1148754690714689","https://app.gethookd.ai/share/ad/59618906?signature=40a869f5466ec7c527a980451058595b2f6e2c1d12264dd468ad6a70f6be5104","inactive","77","2025-11-24","2026-02-08","PROVEN","NULL","NULL","1","NULL","N","NULL","NULL","US","https://go.doneforyoubrands.co/main-fe-dup-v2","NULL","go.doneforyoubrands.co","NULL","NULL","NULL","image","~520 words","NULL","brand (no signature)","long-form static image ad, no product shot","unavailable (image)","People are stealing your money. And it's legal.","accusation/reframe opener","Reframes buyer from victim-of-markup to collector-of-markup via the $20 setup, styled as a legal loophole","CO-15","Every time you shop online, someone else collects a legal cut of your money - for $20 you can become that someone instead","resentment at paying middlemen on every online purchase","a position in the $1.3T holiday-shopping money movement","NULL","take the position that gets paid when people buy","NULL","wanting to profit vs feeling perpetually taken advantage of","keep making strangers rich with your purchases","emotional|future-fear","NULL","NULL","a legal loophole on every major platform most people don't know how to access","gurus profit from keeping buyers searching, wishing, hoping","the loophole is fully set up and ready to start collecting for you","not knowing the loophole exists / being on the wrong side of the transaction","a $20 one-time done-for-you setup that puts you in the middle of the movement","NULL","n/a - angle/reframe ad, no product feature named","NULL","late (~75%)","statistics (COMPETITOR-CLAIMED, unsourced)","NULL","legal loophole / done-for-you setup used before being defined","$20 one-time","[D] worst case you pay nothing, refunded and keep the setup anyway","NULL","NULL (not disclosed on this ad's landing)","collect a cut of the $1.3T holiday movement","same $20 store, reframed as a position not a store","NULL","frustrated buyer wanting a second income stream","TITLE-BODY","NULL","NULL","NULL","NULL","NULL","NULL","NULL","CP-01;CP-02","PB-02;PB-01","NON-STORY","N","NW-NEW-SEED-03","IM-05","CO-04","NULL","renamed NW-NEW-SEED-03:IM-05 -> IM-25"
"26","NW-04 (Done for you brands)","Done for you brands","150503331","https://app.gethookd.ai/share/ad/150503331?signature=3711eb03b9d012e6660423adc347087b15c9e200ac98237ebc420386cedb566e","active","35","Winning","video","STOP buying courses! I'll design you a beautiful store","First-person seller Alex offers to build a branded store from scratch for $20, preloaded with 20 products + US suppliers","Alex will personally design and preload your entire branded ecommerce store with 20 products and vetted US suppliers for $20, ready to sell in 7 days","I want a real, branded store - not more theory - ready to sell fast","functional(setup labour, sourcing); identity(fear of looking like a cheap dropshipping website)","STOP buying courses! - names prior course purchases as the failed alternative","why_persists: DIY setup + sourcing need time/skill; why_different: beautiful branded store + real US suppliers, delivered not taught","hook(stop buying courses) -> offer -> credibility contrast(not 2018 dropshipping) -> CTA -> PS guarantee","guarantee stated directly in-ad [D]: try it 30 days, 100% refund, no questions asked","Solution","MSL->Quiz","NON-STORY bucket; same concept (CO-02) reused across 2 landing eras 8 months apart (see IM-03)","IM-26","NW-04","Done for you brands","297031","150503331","1552047843072196","https://app.gethookd.ai/share/ad/150503331?signature=3711eb03b9d012e6660423adc347087b15c9e200ac98237ebc420386cedb566e","active","35","2026-08-21","2026-09-24","LIKELY","NULL","NULL","1","NULL","Y","7877","NULL","35 countries incl US,GB,DE,FR","https://shop.doneforyoubrands.co/dfy-quiz-a134","NULL","shop.doneforyoubrands.co","quiz_page","NULL","NULL","video","46s","NULL","brand (signed - Alex)","street-interview B-roll under bold-caption copy","not_requested","STOP buying courses! I'll design you a beautiful store","imperative interrupt + direct personal offer","First-person seller Alex offers to build a branded store from scratch for $20, preloaded with 20 products + US suppliers","CO-14","Alex will personally design and preload your entire branded ecommerce store with 20 products and vetted US suppliers for $20, ready to sell in 7 days","prior spend on courses with no finished store to show for it","a beautiful branded store, sellable within 7 days","NULL","beautiful eCommerce store from scratch","NULL","wanting a real business vs owning only theory/courses","a cheap 2018-style dropshipping website","functional|identity","NULL","NULL","DIY setup + product sourcing require time/skill most buyers lack","courses sell theory, not a finished asset","beautiful branded store + high-quality US suppliers that actually ship, delivered not taught","courses teach without delivering a finished asset","a done-for-you branded store, preloaded and supplier-linked","NULL","20 hand-picked products; high-quality US suppliers","NULL","early (first line is the offer)","guarantee [D, ad-stated]","NULL","dropshipping websites / 2018 used as shorthand, undefined","$20","[D] try it 30 days, 100% refund, no questions asked","$97/50-product tier [R-PAGE via Exa]","Zendrop $79/mo + Shopify $1/mo then $39/mo [R-PAGE via Exa]","ready to get sales in as little as 7 days","$20 pre-built store","NULL","course-burned aspiring seller, no store yet","TITLE-BODY","18","65","All","NULL","NULL","NULL","NULL","CP-05;CP-03","PB-01;PB-05;PB-03","NON-STORY","N","NW-NEW-SEED-03","IM-02","CO-02","NULL","renamed NW-NEW-SEED-03:IM-02 -> IM-26"
"27","NW-04 (Done for you brands)","Done for you brands","169243242","https://app.gethookd.ai/share/ad/169243242?signature=6797bde10225a3ff86c983861303b40ab8f2ec2c787d57ec8ffb5821308fea47","active","24","Winning","video","77,254+ people have already claimed their online store","Procrastinator reframe: you've been about to start a business for years; skip the hard part","An ecommerce millionaire's team secretly builds and legitimizes your entire store for $20 so you skip the overwhelming setup","I want to finally start the business I've been putting off, without doing the hard technical part","functional(setup burden); emotional(procrastination/freeze); identity(years of about to)","implicit only - you always freeze up before you ever launch","why_persists: tech/setup/product-picking is overwhelming; why_different: you don't do any setup, you just run it","hook(social-proof stat) -> procrastination pattern -> reframe -> mechanism -> CTA(quiz)","statistics (77,254+ people claimed their store) - COMPETITOR-CLAIMED","Problem","MSL->Quiz","NON-STORY bucket; avatar via TITLE-BODY; cross-tool corroborated (GetHookd active_ads 32 / Meta ACTIVE 35)","IM-27","NW-04","Done for you brands","297031","169243242","1742054133672172","https://app.gethookd.ai/share/ad/169243242?signature=6797bde10225a3ff86c983861303b40ab8f2ec2c787d57ec8ffb5821308fea47","active","24","2026-09-01","2026-09-24","LIKELY","NULL","NULL","2","NULL","Y","NULL","NULL","US,GB","https://shop.doneforyoubrands.co/dfy-quiz-a169","NULL","shop.doneforyoubrands.co","NULL","NULL","NULL","video","72s","NULL","none","mall street-interview B-roll under bold-caption copy","not_requested","77,254+ people have already claimed their online store","social-proof stat + urgency","Procrastinator reframe: you've been about to start a business for years; skip the hard part","CO-16","An ecommerce millionaire's team secretly builds and legitimizes your entire store for $20 so you skip the overwhelming setup","chronic procrastination on starting an online business due to technical/setup overwhelm","a fully built, completely legit-looking Shopify store handed over ready to run, under 24 hours","NULL","start a business / claimed their online store","NULL","wanting to start vs freezing at the tech/setup step every time","another year of later never actually comes","functional|emotional|identity","NULL","NULL","the tech, the setup, picking products... genuinely overwhelming","later never actually comes - self-sabotage/procrastination loop","you don't have to do any of the setup. You just run it.","overwhelm from tech/setup/product-picking","a done-for-you team builds and hands over the store","NULL","an ecommerce millionaire whose team builds it; Shopify-commission funding model","NULL","mid-ad (~40%)","statistics (COMPETITOR-CLAIMED)","NULL","Shopify named without explanation","$20 (quiz-gated)","30-day 100% refund, no questions asked [R-PAGE via Exa]","$97/50-product upsell tier [R-PAGE via Exa]","Shopify $1/mo x3 then $39/mo + Zendrop $79/mo [R-PAGE via Exa]","skip the hard part, we build it, you just run it","$20 pre-built Shopify store via quiz","NULL","chronic procrastinator on starting a business","TITLE-BODY","NULL","NULL","NULL","NULL","NULL","NULL","NULL","CP-01;CP-05","PB-01;PB-05;PB-02","NON-STORY","N","NW-NEW-SEED-03","IM-01","CO-01","NULL","renamed NW-NEW-SEED-03:IM-01 -> IM-27"
"28","NW-05 (EcomXpertz)","Ecomxpertz","1376173990650081","https://www.facebook.com/ads/library/?id=1376173990650081","active","36","UNKNOWN — searched: Meta connector has no performance field","UNKNOWN — searched","""Launch Your Amazon Store with Confidence"" (Meta ad_creative_link_title field, not confirmed as the ad's true hook — body NOT OPENED (tool))","NULL — searched: body NOT OPENED (tool)","NULL — searched: body NOT OPENED (tool)","NULL — searched: body NOT OPENED (tool)","NULL — searched: body NOT OPENED (tool)","NULL — searched: body NOT OPENED (tool)","NULL — searched: body NOT OPENED (tool)","NULL — searched: body NOT OPENED (tool)","NULL — searched: body NOT OPENED (tool)","NULL — searched: body NOT OPENED (tool)","UNKNOWN — searched: Meta connector returns no destination URL","VALIDATION-DEGRADED: GetHookd does not index ecomxpertz.com (0 domain advertisers, 0 aggregate groups, list_shops q-search returned unrelated shops, search_ads 0 rows, search_brands timed out). Network carried on Meta page_ids enumeration (CRAWL COMPLETE after 6 searches, only 1 ad total ever) + 1 Exa agent_run reading 11 ecomxpertz.com pages for competitor_components[]/price ladder/guarantee (see NW-SEED-03 partial md §4). Ad body/transcript unreachable by any connected tool for this ad (not in GetHookd index; Meta connector returns identification fields only).","IM-28","NW-05","Ecomxpertz","NULL — not in GetHookd","1376173990650081","1376173990650081","https://www.facebook.com/ads/library/?id=1376173990650081","active","36","2026-08-18","NULL (still active)","LIKELY","NULL — searched","NULL — searched","NULL — searched: only 1 ad in roster","NULL","UNKNOWN","NULL","NULL","US (query scope only)","UNKNOWN — searched","NULL","ecomxpertz.com [D] inferred","UNKNOWN — searched","UNKNOWN — searched","[R-TOOL] identification; NOT OPENED (tool) body","UNKNOWN — searched","NULL","NULL","NULL","NULL — searched","NOT AVAILABLE — no GetHookd ad_id to transcribe","Launch Your Amazon Store with Confidence","NULL — searched","NULL — searched","CO-17","NULL — searched","NULL — searched","NULL — searched","NULL — searched","NULL","NULL","NULL — searched","NULL — searched","NULL — searched","NULL — searched","NULL — searched","NULL","NULL","NULL","NULL — searched (ad body); site-level stated_cause is in §12 of the partial md","NULL — searched (ad body)","NULL — searched","NULL — searched","NULL — searched","NULL — searched","NULL — searched","NULL — searched (ad-level); site-level awareness_entry = Problem-aware (see §12)","NULL — searched","NOT ON AD — site price ladder: $3k-$8k/yr profit-split tiers (see NW card §4)","NOT ON AD — site: 100% Money Back Guarantee, heavily conditioned (see NW card §4)","NONE STATED","Y (site-level, annual contract)","NOT ON AD","NOT ON AD","COMPETITOR-CLAIMED (all site-derived fields)","wants to launch an Amazon store but lacks confidence (INFERRED from ad title only)","TITLE-BODY (partial — title only)","NULL","NULL","NULL","NULL — searched","NULL — searched","NULL — searched","NULL — searched","CP-05","PB-01","BORDERLINE (transcript/body missing)","N","NW-SEED-03","IM-01","NULL","NULL","renamed NW-SEED-03:IM-01 -> IM-28"
"29","NW-06 (Ecom Websites)","Ecom Websites","70486040","https://app.gethookd.ai/share/ad/70486040?signature=b7db77c179553f0c8f51bda348fd316240e45a9fab29a5fdc9e52b230182a9f7","inactive","271","NULL - no score (inactive)","dco/carousel (image variant)","Let me guess... You've been thinking about starting an online business (identical body to IM-01/70823628)","CO-01 (same as IM-01) - longest-observed instance of this concept in the whole corpus","We'll build your entire $20 online store so the setup you keep failing at stops being the reason you never start","NULL - see IM-01","see IM-01 (identical body)","see IM-01","see IM-01 (identical body)","N/A (NON-STORY)","see IM-01","Problem Aware","MSL -> quiz -> Shopify-trial-upsell","DCO variant of IM-01 with the longest single days_active found in this network (271d, exceeds the 169d the seeding agent found) - confirms competitor_quality=INCUMBENT via the longevity ladder (>=180 days). NOT separately coded as its own IM record (identical body to IM-01, distinct concepts CO-## counted apart from DCO variants per rule); listed here as the network's longevity anchor and saved to swipe file for reference.","IM-29","NW-06","Ecom Websites","1437830","70486040","1206883111250251","https://app.gethookd.ai/share/ad/70486040?signature=b7db77c179553f0c8f51bda348fd316240e45a9fab29a5fdc9e52b230182a9f7","inactive","271","2025-09-05","2026-06-02","CONTROL-GRADE (dropped 1 rung: INCUMBENT)","NULL","NULL","1","part of the >=25-sibling CO-01 cluster","Y","5393","0 - $500 (score 1)","IE, US","https://get.ecomwebsites.com/start","/start","get.ecomwebsites.com","NULL","MSL->quiz->Shopify-trial-upsell","[R-TOOL]","dco/image","1327 chars (identical to IM-01)","0","brand","same CO-01 body, different image asset","unavailable (image variant)","Let me guess... You've been thinking about starting an online business","guess/relatability opener","identical to IM-01","CO-18","We'll build your entire $20 online store so the setup you keep failing at stops being the reason you never start","identical to IM-01","identical to IM-01","NULL","identical to IM-01","[D] identical to IM-01","identical to IM-01","identical to IM-01","identical to IM-01","identical to IM-01","NULL","identical to IM-01","identical to IM-01","identical to IM-01","identical to IM-01","identical to IM-01","$20 Done for you eCommerce Store","identical to IM-01","N/A","NULL","identical to IM-01","Problem Aware","identical to IM-01","$20 one-time (ad-stated) / funnel-actual per IM-01","NONE stated","identical to IM-01","N (ad) / Y (actual)","identical to IM-01","$20 DFY Shopify store","Y","aspiring online-business starter overwhelmed by DIY setup and product choice","TITLE-BODY","18","65","All","NULL","NULL","NULL","NULL","CP-05","PB-01, PB-05","NON-STORY","N","NW-NEW-SEED-01","(DCO variant of IM-01, not a separate IM-## record)","CO-01","DCO variant of CO-01 (partial coded it as anchor, not a separate IM) — kept as its own row because it is the longest-running instance (271d)","renamed NW-NEW-SEED-01:(DCO variant of IM-01, not a separate IM-## record) -> IM-29"
"30","NW-06 (Ecom Websites)","Ecom Websites","70823628","https://app.gethookd.ai/share/ad/70823628?signature=6120835b930418bb3cc11e315adcc84b0d35b3c9213e6234979bb5afe1535ed0","inactive","169","NULL - no score (inactive)","dco/carousel of videos, 70s","Let me guess... You've been thinking about starting an online business","CO-01: DFY $20 store removes the setup + product-choice barrier","We'll build your entire $20 online store so the setup you keep failing at stops being the reason you never start","NULL - inferred [A]: start an online income stream without the technical struggle","functional: can't build the site; functional: don't know what to sell","watching YouTube videos for hours (ad-named)","why_persists: DIY store-building is confusing/technical; why_different: we do all of it for a flat $20","N/A (NON-STORY bucket)","statistics: 40,000+ people; Trustpilot 2,000+ reviews (independently corroborated, see NW card)","Problem Aware","MSL -> quiz -> Shopify-trial-upsell ($1/mo x3mo + up to $500 fee, no refunds)","INCUMBENT network, longest sibling variant 271 days (ad 70486040); ad-price $20 vs funnel-actual up to $500 no-refund - direct contrast to Readymerce C10 7-day refund","IM-30","NW-06","Ecom Websites","1437830","70823628","1209527930507480","https://app.gethookd.ai/share/ad/70823628?signature=6120835b930418bb3cc11e315adcc84b0d35b3c9213e6234979bb5afe1535ed0","inactive","169","2026-01-04","2026-06-21","PROVEN (dropped 1 rung: INCUMBENT)","NULL","NULL","2 (cross-brand reuse per tool field; 2nd brand searched, NOT FOUND)",">=25 DCO siblings (sample; not all opened)","Y","27964","0 - $500 (score 1)","IE, US","https://get.ecomwebsites.com/start","/start","get.ecomwebsites.com","NULL","MSL->quiz->Shopify-trial-upsell","[R-TOOL]","dco (carousel of videos)","1327 chars","70","brand (voice-over, unnamed)","kitchen-table woman-to-camera VO over $20 store text/graphics","available","Let me guess... You've been thinking about starting an online business","guess/relatability opener","DFY $20 store removes the setup + product-choice barrier that's been stopping you","CO-18","We'll build your entire $20 online store so the setup you keep failing at stops being the reason you never start","stuck trying to build a website, don't know what to sell, overwhelmed, give up before launching","a real store you can launch in the next 24 hours","NULL","starting an online business","[D] finally launch instead of just researching","wants to start vs keeps getting stuck/overwhelmed and quitting before launch","feel overwhelmed and give up before you even launch","functional (can't build site); functional (don't know what to sell)","watching YouTube videos for hours","NULL","DIY store-building is confusing/technical","you get stuck on the website or the product and quit","we do all of it for a flat $20 instead of you learning it yourself","store-building complexity + no product picked","we build the whole store + load 30 winning products + connect suppliers for $20","$20 Done for you eCommerce Store","30 winning products; trusted suppliers; automated orders","N/A","NULL","statistics (40,000+ people)","Problem Aware","you know what dropshipping/an online store generally is","$20 one-time (ad-stated) / $1mo x3mo + up to $500 fee (funnel-actual)","NONE stated in ad; funnel terms: all sales final","30 products + suppliers + store build bundled at $20","N (ad) / Y (actual funnel)","entire store built for $20, launch in 24 hours","$20 DFY Shopify store","Y - all claims advertiser copy, unverified except Trustpilot count/rating","aspiring online-business starter overwhelmed by DIY setup and product choice","TITLE-BODY","18","65","All","NULL","NULL","NULL","NULL","CP-05","PB-01, PB-05","NON-STORY","N","NW-NEW-SEED-01","IM-01","CO-01","NULL","renamed NW-NEW-SEED-01:IM-01 -> IM-30"
"31","NW-06 (Ecom Websites)","Ecom Websites","97210901","https://app.gethookd.ai/share/ad/97210901?signature=934e795d8ebd0568d7c95568076fbe44fb1df5eb280d87560d60edfbad75bba3","inactive","47","NULL - no score (inactive)","image","We were named the #1 Commerce Coach in North America","CO-02: free store, funded by Shopify referral fee, no catch","We only get paid when your free store succeeds, so we're financially motivated to build you the best one - no catch","NULL - inferred [A]: get a real store without paying upfront or being scammed","emotional (trust/scam fear)","NULL - searched","why_different: Shopify pays us a commission when your store succeeds - our incentive is aligned with yours","N/A (NON-STORY bucket)","authority: #1 Commerce Coach in North America (unverified); statistics: 200,000+ people, 2,000+ Trustpilot reviews (corroborated)","Product Aware","MSL -> quiz -> Shopify-trial-upsell (same funnel as IM-01)","3 near-identical body variants (897/898/901) = reuse=Y; landing page tech stack is Squarespace, contradicting the ad's own 'We build every store on Shopify' claim","IM-31","NW-06","Ecom Websites","1437830","97210901","920596344290641","https://app.gethookd.ai/share/ad/97210901?signature=934e795d8ebd0568d7c95568076fbe44fb1df5eb280d87560d60edfbad75bba3","inactive","47","2026-05-06","2026-06-21","LIKELY (dropped 1 rung: INCUMBENT)","NULL","NULL","1 per row (3-way body identity 897/898/901 is the reuse signal)","3 (897, 898, 901)","Y","56","0 - $500 (score 1)","IE, US, GB","https://build.ecomwebsites.com/","/","build.ecomwebsites.com","landing_page","MSL->quiz->Shopify-trial-upsell","[R-TOOL]","image","1076 chars","0","brand (written, first-person plural)","split-panel: stressed man '$2,000-$10,000 to build a store' vs relaxed man 'FREE with Ecom Websites'","unavailable (image ad)","We were named the #1 Commerce Coach in North America","authority claim","we're financially motivated by Shopify's referral fee, not your upfront money, so the free store is legit","CO-19","We only get paid when your free store succeeds, so we're financially motivated to build you the best one - no catch","implicit skepticism (What's the catch?) raised and answered by the ad itself","fully built, professionally designed eCommerce store, ready to launch in under 10 minutes, zero cost","NULL","trusted us to build their store","[D] prove to myself this isn't a scam before I commit anything","wants the free offer to be real vs suspects a hidden catch","NULL - searched","emotional (trust/scam fear)","NULL - searched","NULL","free offers normally have a catch (implicit)","N/A","Shopify pays us a commission when your store succeeds and you keep it running - incentive aligned with yours","distrust of free offers","transparent explanation of the referral-fee business model","Free Done For You eCommerce Store","products already loaded","N/A","NULL","authority (#1 Commerce Coach, unnamed issuing body); statistics (200,000+ people, 2,000+ Trustpilot reviews)","Product Aware","you already know what free-with-a-catch offers usually feel like","$0/free (ad-stated) / $1mo x3mo + up to $500 fee (funnel-actual)","NONE stated","store + products + Shopify commission model","N (ad) / Y (actual)","zero-cost professionally built store","free DFY Shopify store","Y - #1 Commerce Coach award unverified, no issuing body named","skeptical prospect worried the free offer is a scam","TITLE-BODY","18","65","All","NULL","NULL","NULL","NULL","CP-05, CP-03","PB-01, PB-03","NON-STORY","N","NW-NEW-SEED-01","IM-02","CO-02","NULL","renamed NW-NEW-SEED-01:IM-02 -> IM-31"
"32","NW-06 (Ecom Websites)","Ecom Websites","97803506","https://app.gethookd.ai/share/ad/97803506?signature=6c0bfd58c7fb7b6582c05530b87149f917bc9a1d61279df2a13acd7cd35a7435","inactive","13","NULL - no score (inactive)","video, 43s","You've thought about starting an online store before","CO-03: someone removes the barrier for you, for free","You're not less capable than people making money online - you just never had someone remove the barrier for free","NULL - inferred [A]: stop being someone who 'almost did it' and actually launch","emotional (self-doubt/procrastination shame); identity (unfavorable comparison to others)","Maybe you looked into it. Maybe you even started. (named prior half-attempt)","why_different: we remove the barrier entirely and do it for free, funded by the Shopify referral model","N/A (NON-STORY bucket)","statistics: 200,000+ stores built, 2,000+ Trustpilot reviews; authority: #1 Commerce Coach","Problem Aware","MSL -> quiz -> Shopify-trial-upsell (same funnel as IM-01/02)","shortest-running concept (13d, BET) vs IM-01's 169-271d - [D] fear/overwhelm-led $20 argument outlasted this free/procrastination-led pivot; transcript queued but not returned in time box, coded from full body text (not fabricated)","IM-32","NW-06","Ecom Websites","1437830","97803506","1873413483373019","https://app.gethookd.ai/share/ad/97803506?signature=6c0bfd58c7fb7b6582c05530b87149f917bc9a1d61279df2a13acd7cd35a7435","inactive","13","2026-05-07","2026-05-19","BET","NULL","NULL","1 (2-way body identity with 97803501 is the reuse signal)","2 (97803506, 97803501)","Y","44","0 - $500 (score 1)","IE, US, GB","https://build.ecomwebsites.com/","/","build.ecomwebsites.com","landing_page","MSL->quiz->Shopify-trial-upsell","[R-TOOL] id/body; transcript NOT OPENED (cap - queued, not returned)","video","1156 chars body / 43s","43","brand (video shows unnamed woman to camera; body copy is brand 'we' voice, not personal testimonial script)","woman talking to laptop camera in a home kitchen, coffee mug and notebook on table","pending (queued, not returned within time box)","You've thought about starting an online store before","relatable-recognition opener","the only difference between you and people making money online is someone removed the barrier for them - we're that someone, for free","CO-20","You're not less capable than people making money online - you just never had someone remove the barrier for free","the tech got complicated, or it cost too much, or life got in the way","entire eCommerce store built for you, done in under 10 minutes, actually free","NULL","actually do it","[D] prove to myself I'm not all talk","wants to finally start vs history of putting it off / self-doubt","let this be another thing you 'almost did'","emotional (self-doubt/procrastination shame); identity (unfavorable comparison to others)","Maybe you looked into it. Maybe you even started.","NULL","tech complexity, cost, or life getting in the way","[D] removed nothing about the barrier, just tried to push through it alone","we remove the barrier entirely and do it for free, funded by the Shopify referral model","procrastination driven by perceived complexity/cost","a free, fully-built store removes the excuse","Get a Free Online Store Built for you","NULL - searched","N/A","NULL","statistics (200,000+ stores built, 2,000+ Trustpilot reviews); authority (#1 Commerce Coach)","Problem Aware","you already know 'the people making money online' as a comparison group","$0/free (ad-stated) / $1mo x3mo + up to $500 fee (funnel-actual)","NONE stated in ad","store + products + design, everything","N (ad) / Y (actual)","free store built in under 10 minutes","free DFY Shopify store","Y - all claims advertiser copy, unverified except Trustpilot figure","repeat procrastinator who has put off starting an online store","TITLE-BODY","18","65","All","NULL","NULL","NULL","NULL","CP-05, CP-01","PB-01, PB-02","NON-STORY","N","NW-NEW-SEED-01","IM-03","CO-03","NULL","renamed NW-NEW-SEED-01:IM-03 -> IM-32"
