"q_id","url_id","corpus","source_type","community","thread_id","thread_title","thread_url","unit_type","source_url","unique_author_id","date_posted","date_retrieved","thread_score","unit_score","star_rating","is_purchaser_source","tier","recipe_id","harvester_id","exact_quote","exact_passage","opening_first_sentence","opening_first_2_5","translation","reading_grade","pb_ids","population_id","population_tags","time_with_problem","severity","onset_trigger","current_stage","solutions_tried","progress","life_context","tags","solution_status","awareness_stage","awareness_ref","speaker_stage","speaker_locator","evidence_class","as_ids","fs_id","cluster_ids","stamps","notes"
"Q-F-0001","PB-01/URL-01","MARKET_VOC","forum","community.shopify.com","215810","Shopify by Adrian Morrison","https://community.shopify.com/t/shopify-by-adrian-morrison/215810","comment","https://community.shopify.com/t/shopify-by-adrian-morrison/215810","RHernandez17","2023-05-12","2026-09-24","NULL","NULL","NULL","Y","[R-PAGE via Exa]","RC-EXA","HV-PB-01","now I can't access it, contact an administrator which should be me","I did the free shopify store through the Adrian Morrison website. & now I can't access it, it says for me to contact an administrator which should be me because it's my store. ... Why can't I login or anything and I can't even speak to anyone in support.","I did the free shopify store through the Adrian Morrison website.","NULL","NULL","6","PB-01","CP-05","CP-05","NULL","NULL","NULL","NULL","NULL","NULL","NULL","failed_solution|objection|skepticism|pain","TRIED-FAILED","AW-4","Adrian Morrison free Shopify store offer","dissatisfied","bought free DFY store offer, locked out","VERBATIM_VOC","NULL","NULL","NULL","NULL","Free 'done for you' store offer; scam/DFY-crossover thread; PARAPHRASE none.; merged_from: PB-01/Q-F-0001"
"Q-F-0002","PB-01/URL-01","MARKET_VOC","forum","community.shopify.com","215810","Shopify by Adrian Morrison","https://community.shopify.com/t/shopify-by-adrian-morrison/215810","comment","https://community.shopify.com/t/shopify-by-adrian-morrison/215810","Bluntz79","2024-11","2026-09-24","NULL","NULL","NULL","Y","[R-PAGE via Exa]","RC-EXA","HV-PB-01","your store is half-ass done","It's cause your store is half-ass done, (I'm guessing here but I imagine you already did) if you gave them the url to allow them to stock your store with [] products then you gave them access to everything on your shopify,","It's cause your store is half-ass done.","NULL","NULL","6","PB-01","CP-05","CP-05","NULL","NULL","NULL","NULL","NULL","NULL","NULL","failed_solution|belief|pain","TRIED-UNCLEAR","AW-4","Adrian Morrison free Shopify store offer","dissatisfied","warns others about half-done DFY builds","CUSTOMER_EXPLANATION","NULL","NULL","NULL","NULL","Free 'done for you' store offer; scam/DFY-crossover thread; PARAPHRASE none.; merged_from: PB-01/Q-F-0002"
"Q-F-0003","PB-01/URL-01","MARKET_VOC","forum","community.shopify.com","215810","Shopify by Adrian Morrison","https://community.shopify.com/t/shopify-by-adrian-morrison/215810","comment","https://community.shopify.com/t/shopify-by-adrian-morrison/215810","Maoriman","2025-07","2026-09-24","NULL","NULL","NULL","Y","[R-PAGE via Exa]","RC-EXA","HV-PB-01","he's a scam, I was told he doesn't work with Shopify","I just spoke to Shopify about Adrian Morrison and they told me to come here, now I see why, he's a scam, I was told he doesn't work with Shopify, I just about fell into his web of crap but now i know why it smelled off, he's been emailing me","I just spoke to Shopify about Adrian Morrison and they told me to come here.","NULL","NULL","6","PB-01","CP-05","CP-05","NULL","NULL","NULL","NULL","NULL","NULL","NULL","skepticism|fear|almost_stopped","REFUSES","AW-3","Adrian Morrison free Shopify store offer","dissatisfied","almost bought, backed out after warning signs","VERBATIM_VOC","NULL","NULL","NULL","NULL","Free 'done for you' store offer; scam/DFY-crossover thread; PARAPHRASE none.; merged_from: PB-01/Q-F-0003"
"Q-F-0004","PB-01/URL-07","MARKET_VOC","forum","community.shopify.com","310831","Is anyone else struggling with Adrian Morrison's free store build","https://community.shopify.com/t/is-anyone-else-struggling-with-adrian-morrisons-free-store-build/310831","comment","https://community.shopify.com/t/is-anyone-else-struggling-with-adrian-morrisons-free-store-build/310831","shennon","2024-09-22","2026-09-24","NULL","NULL","NULL","Y","[R-PAGE via Exa]","RC-EXA","HV-PB-01","they said they would build a store, but i am building the store???","I too have found this process to be not as they said it would be...they said they would build a store, but i am building the store???","I too have found this process to be not as they said it would be.","NULL","NULL","7","PB-01","CP-05","CP-05","NULL","NULL","NULL","NULL","NULL","NULL","NULL","objection|failed_solution|pain|consequence","TRIED-FAILED","AW-4","Adrian Morrison free Shopify store offer","dissatisfied","expected a DFY build, ended up building it herself","VERBATIM_VOC","NULL","NULL","NULL","NULL","NULL; merged_from: PB-01/Q-F-0004"
"Q-F-0005","PB-01/URL-07","MARKET_VOC","forum","community.shopify.com","310831","Is anyone else struggling with Adrian Morrison's free store build","https://community.shopify.com/t/is-anyone-else-struggling-with-adrian-morrisons-free-store-build/310831","comment","https://community.shopify.com/t/is-anyone-else-struggling-with-adrian-morrisons-free-store-build/310831","janisdolan","2024-11-12","2026-09-24","NULL","NULL","NULL","Y","[R-PAGE via Exa]","RC-EXA","HV-PB-01","I would just link into the store once it is finished","The way Adrian couched this offer gave me the impression that I would just link into the store once it is finished, and then take it from there. I tried to do this but am having a messy time of it. I think I will draw a line under Adrian Morrison and move on.","I am so glad I read these reviews.","NULL","NULL","7","PB-01","CP-05","CP-05","NULL","NULL","NULL","NULL","NULL","NULL","NULL","objection|desire|failed_solution|tired_of_hearing|hyper_responsive","STOPPED-SIDE-EFFECTS","AW-4","Adrian Morrison free Shopify store offer","dissatisfied","gives up on the DFY promise, moves on","VERBATIM_VOC","NULL","NULL","NULL","NULL","NULL; merged_from: PB-01/Q-F-0005"
"Q-F-0006","PB-01/URL-02","MARKET_VOC","forum","community.shopify.com","192077","Is there a simple way to understand Shopify?","https://community.shopify.com/t/is-there-a-simple-way-to-understand-shopify/192077","comment","https://community.shopify.com/t/is-there-a-simple-way-to-understand-shopify/192077","dcalciferol","2023-02-15","2026-09-24","NULL","NULL","NULL","N","[R-PAGE via Exa]","RC-EXA","HV-PB-01","tons of links that are like a snowstorm of information","I ended up cancelling my first attempt at Shopify, and found the difficulties of selling through Amazon were at least surmountable. PLEASE give me a simple way to figure out Shopify. Shopify gives tons of links that are like a snowstorm of information, but nothing that actually helps me!","I ended up cancelling my first attempt at Shopify.","NULL","NULL","6","PB-01","NULL","NULL","NULL","NULL","NULL","NULL","NULL","NULL","NULL","pain|failed_solution|emotion:frustrated|scene","TRIED-FAILED","AW-2","Shopify (own platform)","sufferer","cancelled first Shopify attempt, went back to Amazon","VERBATIM_VOC","NULL","NULL","NULL","NULL","NULL; merged_from: PB-01/Q-F-0006"
"Q-F-0007","PB-01/URL-02","MARKET_VOC","forum","community.shopify.com","192077","Is there a simple way to understand Shopify?","https://community.shopify.com/t/is-there-a-simple-way-to-understand-shopify/192077","comment","https://community.shopify.com/t/is-there-a-simple-way-to-understand-shopify/192077","dcalciferol","2023-02-16","2026-09-24","NULL","NULL","NULL","N","[R-PAGE via Exa]","RC-EXA","HV-PB-01","How can I give you a SPECIFIC question","Problem is... How can I give you a SPECIFIC question, when I cannot get past the first step of setting up a Shopify store?","Problem is.","NULL","NULL","6","PB-01","NULL","NULL","NULL","NULL","NULL","NULL","NULL","NULL","NULL","pain|symptom|emotion:frustrated","NULL","AW-2","Shopify (own platform)","sufferer","stuck at the first setup step","VERBATIM_VOC","NULL","NULL","NULL","NULL","NULL; merged_from: PB-01/Q-F-0007"
"Q-F-0008","PB-01/URL-02","MARKET_VOC","forum","community.shopify.com","192077","Is there a simple way to understand Shopify?","https://community.shopify.com/t/is-there-a-simple-way-to-understand-shopify/192077","comment","https://community.shopify.com/t/is-there-a-simple-way-to-understand-shopify/192077","system","2023-04-02","2026-09-24","NULL","NULL","NULL","N","[R-PAGE via Exa]","RC-EXA","HV-PB-01","you have to scramble around looking for youtube videos","I agree, it would be much better if the important things like customizing your store and adding products were simple like they said it was, but it isn't and you have to scramble around looking for youtube videos on how to do it. If you need help you have to pay for it and that's before you even have your store set up. I'm dumping it.","I agree, it would be much better if the important things were simple like they said it was.","NULL","NULL","6","PB-01","NULL","NULL","NULL","NULL","NULL","NULL","NULL","NULL","NULL","pain|failed_solution|spend|almost_stopped|hyper_responsive","STOPPED-SIDE-EFFECTS","AW-2","Shopify (own platform)","former","quitting Shopify after failed self-setup","VERBATIM_VOC","NULL","NULL","NULL","NULL","NULL; merged_from: PB-01/Q-F-0008"
"Q-F-0009","PB-01/URL-02","MARKET_VOC","forum","community.shopify.com","192077","Is there a simple way to understand Shopify?","https://community.shopify.com/t/is-there-a-simple-way-to-understand-shopify/192077","comment","https://community.shopify.com/t/is-there-a-simple-way-to-understand-shopify/192077","NeedHelpwthis","2023-05-30","2026-09-24","NULL","NULL","NULL","N","[R-PAGE via Exa]","RC-EXA","HV-PB-01","grasping things A LOT quicker and easier","I've used WIX for many years and I can remember grasping things A LOT quicker and easier from the beginning. I agree with not even knowing where to start.","I could not agree with you more.","NULL","NULL","6","PB-01","NULL","NULL","NULL","NULL","NULL","NULL","NULL","NULL","NULL","belief|pain|symptom","NULL","AW-2","Shopify (own platform)","NULL","compares Shopify unfavorably to Wix","VERBATIM_VOC","NULL","NULL","NULL","NULL","NULL; merged_from: PB-01/Q-F-0009"
"Q-F-0010","PB-01/URL-02","MARKET_VOC","forum","community.shopify.com","192077","Is there a simple way to understand Shopify?","https://community.shopify.com/t/is-there-a-simple-way-to-understand-shopify/192077","comment","https://community.shopify.com/t/is-there-a-simple-way-to-understand-shopify/192077","TheMysticMojo","2023-10-25","2026-09-24","NULL","NULL","NULL","N","[R-PAGE via Exa]","RC-EXA","HV-PB-01","on my second attempt and now thinking about trying a different platform","I AGREE It's EXTREMELY difficult. I'm on my second attempt and now thinking about trying a different platform. It is supposed to be easy for normal people to set up a store but nope, clearly not!! lol","I AGREE It's EXTREMELY difficult.","NULL","NULL","6","PB-01","NULL","NULL","NULL","NULL","NULL","NULL","NULL","NULL","NULL","pain|failed_solution|emotion:frustrated|consequence","TRIED-FAILED","AW-2","Shopify (own platform)","NULL","second failed attempt, considering switching platforms","VERBATIM_VOC","NULL","NULL","NULL","NULL","NULL; merged_from: PB-01/Q-F-0010"
"Q-F-0011","PB-01/URL-02","MARKET_VOC","forum","community.shopify.com","192077","Is there a simple way to understand Shopify?","https://community.shopify.com/t/is-there-a-simple-way-to-understand-shopify/192077","comment","https://community.shopify.com/t/is-there-a-simple-way-to-understand-shopify/192077","ld2345","2024-04-17","2026-09-24","NULL","NULL","NULL","N","[R-PAGE via Exa]","RC-EXA","HV-PB-01","numerous chats, bots, and emails only wastes time","I am stuck with trying to get the storefront up and running. I can't even replace the image that comes up on the freebie site. Numerous chats, bots, and emails only wastes time with never an answer to the basic question: how can I use my images in the front page.","I am stuck with trying to get the storefront up and running.","NULL","NULL","6","PB-01","NULL","NULL","NULL","NULL","NULL","NULL","NULL","NULL","NULL","pain|symptom|objection","NULL","AW-2","Shopify (own platform)","NULL","stuck on basic image swap, support unhelpful","VERBATIM_VOC","NULL","NULL","NULL","NULL","NULL; merged_from: PB-01/Q-F-0011"
"Q-F-0012","PB-01/URL-02","MARKET_VOC","forum","community.shopify.com","192077","Is there a simple way to understand Shopify?","https://community.shopify.com/t/is-there-a-simple-way-to-understand-shopify/192077","comment","https://community.shopify.com/t/is-there-a-simple-way-to-understand-shopify/192077","TheCauldron","2024-08-09","2026-09-24","NULL","NULL","NULL","N","[R-PAGE via Exa]","RC-EXA","HV-PB-01","I'm tech savvy and competent. I cannot find a simple step by step","I've been trying to set up shopify for over a week. I'm tech savvy and competent. I cannot find a simple step by step. It's intensely time consuming and aggravating.","I've been trying to set up shopify for over a week.","NULL","NULL","6","PB-01","NULL","NULL","over a week","NULL","NULL","NULL","NULL","NULL","NULL","pain|emotion:frustrated|time_with_problem","NULL","AW-2","Shopify (own platform)","NULL","tech-savvy but still stuck a week in","VERBATIM_VOC","NULL","NULL","NULL","NULL","NULL; merged_from: PB-01/Q-F-0012"
"Q-F-0013","PB-01/URL-02","MARKET_VOC","forum","community.shopify.com","192077","Is there a simple way to understand Shopify?","https://community.shopify.com/t/is-there-a-simple-way-to-understand-shopify/192077","comment","https://community.shopify.com/t/is-there-a-simple-way-to-understand-shopify/192077","PeterGiles1","2024-10-17","2026-09-24","NULL","NULL","NULL","N","[R-PAGE via Exa]","RC-EXA","HV-PB-01","10 weeks on simple tasks that the system doesn't verify","I've spent 10 weeks on simple tasks that the system of Shopify doesn't verify or puts info into boxes where they are obscured by stupid headings. Just performing one task is a marathon of reading.","I've spent 10 weeks on simple tasks that the system doesn't verify.","NULL","NULL","6","PB-01","NULL","NULL","10 weeks","NULL","NULL","NULL","NULL","NULL","NULL","pain|time_with_problem|consequence","NULL","AW-2","Shopify (own platform)","NULL","10 weeks in, still on simple tasks","VERBATIM_VOC","NULL","NULL","NULL","NULL","NULL; merged_from: PB-01/Q-F-0013"
"Q-F-0014","PB-01/URL-02","MARKET_VOC","forum","community.shopify.com","192077","Is there a simple way to understand Shopify?","https://community.shopify.com/t/is-there-a-simple-way-to-understand-shopify/192077","comment","https://community.shopify.com/t/is-there-a-simple-way-to-understand-shopify/192077","ld2345","2024-10-18","2026-09-24","NULL","NULL","NULL","N","[R-PAGE via Exa]","RC-EXA","HV-PB-01","No wonder people give up","I spent months here on trying over and over again to get a site going. Got stuck numerous times. No wonder people give up. The techies out there are the only ones who understand this. So good luck.","I spent months here on trying over and over again to get a site going.","NULL","NULL","6","PB-01","NULL","NULL","months","NULL","NULL","NULL","NULL","NULL","NULL","pain|consequence|horror_story|deeper_hope","TRIED-FAILED","AW-2","Shopify (own platform)","NULL","months of failed attempts, near giving up","VERBATIM_VOC","NULL","NULL","NULL","NULL","NULL; merged_from: PB-01/Q-F-0014"
"Q-E-0001","PB-01/URL-15","PRODUCT_TRUTH","trustpilot","ecomxpertz.com","ecomxpertz.com","Ecomxpertz Reviews","https://www.trustpilot.com/review/ecomxpertz.com","review","https://www.trustpilot.com/review/ecomxpertz.com","Elyon Ventures","2026-02-27","2026-09-24","NULL","NULL","5","Y","[R-PAGE via Exa]","RC-EXA","HV-PB-01","revenue grew 5.4 times within the seven months","My e-commerce business dream started and continues to grow with EcomXpertz. I've been working with them since 2022. They make the logistics process much smoother. AMAN IS A BEAST!!!! When he took over my Amazon store, our revenue grew 5.4 times within the seven months.","My e-commerce business dream started and continues to grow with EcomXpertz.","NULL","NULL","6","PB-01","CP-05","CP-05","NULL","NULL","NULL","NULL","NULL","NULL","NULL","outcome_reported|desire|likes|hyper_responsive","TRIED-HELPED","AW-5","EcomXpertz (DFY competitor)","satisfied","NULL","REPORTED_OUTCOME","NULL","NULL","NULL","NULL","NULL; merged_from: PB-01/Q-E-0015"
"Q-E-0002","PB-01/URL-15","PRODUCT_TRUTH","trustpilot","ecomxpertz.com","ecomxpertz.com","Ecomxpertz Reviews","https://www.trustpilot.com/review/ecomxpertz.com","review","https://www.trustpilot.com/review/ecomxpertz.com","Mitch Johnston","2025-03-13","2026-09-24","NULL","NULL","5","Y","[R-PAGE via Exa]","RC-EXA","HV-PB-01","automated my Walmart and Shopify stores","Highly professional team with deep eCommerce expertise! They automated my Walmart and Shopify stores, and I'm now making sales without worrying about inventory or fulfillment.","Highly professional team with deep eCommerce expertise!","NULL","NULL","6","PB-01","CP-05","CP-05","NULL","NULL","NULL","NULL","NULL","NULL","NULL","outcome_reported|desire|likes","TRIED-HELPED","AW-5","EcomXpertz (DFY competitor)","satisfied","NULL","REPORTED_OUTCOME","NULL","NULL","NULL","NULL","NULL; merged_from: PB-01/Q-E-0016"
"Q-E-0003","PB-01/URL-15","PRODUCT_TRUTH","trustpilot","ecomxpertz.com","ecomxpertz.com","Ecomxpertz Reviews","https://www.trustpilot.com/review/ecomxpertz.com","review","https://www.trustpilot.com/review/ecomxpertz.com","David New","2025-03-12","2026-09-24","NULL","NULL","5","Y","[R-PAGE via Exa]","RC-EXA","HV-PB-01","I focus on scaling while they handle the backend","EcomXpertz built my Shopify store and automated everything, from product sourcing to order fulfilment. Now, I focus on scaling while they handle the backend!","EcomXpertz built my Shopify store and automated everything.","NULL","NULL","6","PB-01","CP-05","CP-05","NULL","NULL","NULL","NULL","NULL","NULL","NULL","outcome_reported|desire|likes","TRIED-HELPED","AW-5","EcomXpertz (DFY competitor)","satisfied","NULL","REPORTED_OUTCOME","NULL","NULL","NULL","NULL","NULL; merged_from: PB-01/Q-E-0017"
"Q-E-0004","PB-01/URL-15","PRODUCT_TRUTH","trustpilot","ecomxpertz.com","ecomxpertz.com","Ecomxpertz Reviews","https://www.trustpilot.com/review/ecomxpertz.com","review","https://www.trustpilot.com/review/ecomxpertz.com","Charles Williams","2025-03-11","2026-09-24","NULL","NULL","5","Y","[R-PAGE via Exa]","RC-EXA","HV-PB-01","I just watch my sales grow every month","EcomXpertz set up my Amazon store from scratch, optimized my listings, and automated fulfillment. Now, I just watch my sales grow every month!","EcomXpertz set up my Amazon store from scratch.","NULL","NULL","6","PB-01","CP-05","CP-05","NULL","NULL","NULL","NULL","NULL","NULL","NULL","outcome_reported|desire|likes","TRIED-HELPED","AW-5","EcomXpertz (DFY competitor)","satisfied","NULL","REPORTED_OUTCOME","NULL","NULL","NULL","NULL","NULL; merged_from: PB-01/Q-E-0018"
"Q-E-0005","PB-01/URL-15","PRODUCT_TRUTH","trustpilot","ecomxpertz.com","ecomxpertz.com","Ecomxpertz Reviews","https://www.trustpilot.com/review/ecomxpertz.com","review","https://www.trustpilot.com/review/ecomxpertz.com","Michael Randolph","2025-03-11","2026-09-24","NULL","NULL","5","Y","[R-PAGE via Exa]","RC-EXA","HV-PB-01","my eCommerce business completely hands-free","EcomXpertz made my eCommerce business completely hands-free! From store setup to automation, they handled everything. Now, I earn passive income without managing daily operations.","EcomXpertz made my eCommerce business completely hands-free!","NULL","NULL","6","PB-01","CP-05","CP-05","NULL","NULL","NULL","NULL","NULL","NULL","NULL","outcome_reported|desire|deeper_hope|likes","TRIED-HELPED","AW-5","EcomXpertz (DFY competitor)","satisfied","NULL","REPORTED_OUTCOME","NULL","NULL","NULL","NULL","NULL; merged_from: PB-01/Q-E-0019"
"Q-E-0006","PB-01/URL-15","PRODUCT_TRUTH","trustpilot","ecomxpertz.com","ecomxpertz.com","Ecomxpertz Reviews","https://www.trustpilot.com/review/ecomxpertz.com","review","https://www.trustpilot.com/review/ecomxpertz.com","Errol H.","2026-02-24","2026-09-24","NULL","NULL","1","Y","[R-PAGE via Exa]","RC-EXA","HV-PB-01","They stole $20,000 and have lied to me repeatedly","They stole $20,000 and have lied to me repeatedly about inventory and dates. Not 1 item has been listed for sale in several months. Not 1 promise has been kept. All dates have been missed.","They stole $20,000 and have lied to me repeatedly about inventory and dates.","NULL","NULL","6","PB-01","CP-05","CP-05","NULL","NULL","NULL","NULL","NULL","NULL","NULL","outcome_reported|spend|horror_story|enemy_blame","TRIED-FAILED","AW-5","EcomXpertz (DFY competitor)","dissatisfied","NULL","REPORTED_OUTCOME","NULL","NULL","NULL","NULL","NULL; merged_from: PB-01/Q-E-0020"
"Q-E-0007","PB-01/URL-15","PRODUCT_TRUTH","trustpilot","ecomxpertz.com","ecomxpertz.com","Ecomxpertz Reviews","https://www.trustpilot.com/review/ecomxpertz.com","review","https://www.trustpilot.com/review/ecomxpertz.com","Mark Dargan","2026-02-26","2026-09-24","NULL","NULL","1","Y","[R-PAGE via Exa]","RC-EXA","HV-PB-01","they are not to be trusted with your money","These people paint a rosy picture, but in the end they are not to be trusted with your money. Promises were not kept and they are refusing to pay money that they owe to me. It cost me dearly!","These people paint a rosy picture.","NULL","NULL","6","PB-01","CP-05","CP-05","NULL","NULL","NULL","NULL","NULL","NULL","NULL","outcome_reported|spend|skepticism|enemy_blame","TRIED-FAILED","AW-5","EcomXpertz (DFY competitor)","dissatisfied","NULL","REPORTED_OUTCOME","NULL","NULL","NULL","NULL","NULL; merged_from: PB-01/Q-E-0021"
"Q-E-0008","PB-01/URL-15","PRODUCT_TRUTH","trustpilot","ecomxpertz.com","ecomxpertz.com","Ecomxpertz Reviews","https://www.trustpilot.com/review/ecomxpertz.com","review","https://www.trustpilot.com/review/ecomxpertz.com","trent batty","2025-10-30","2026-09-24","NULL","NULL","1","Y","[R-PAGE via Exa]","RC-EXA","HV-PB-01","They promised the moon, but ... they do not deliver","I would never, ever do business with this company again. They promised the moon, but when it comes right down to it they do not deliver. Everything they sold me and tried to produce fizzled out and ended up costing me lots of money.","I would never, ever do business with this company again.","NULL","NULL","6","PB-01","CP-05","CP-05","NULL","NULL","NULL","NULL","NULL","NULL","NULL","outcome_reported|spend|skepticism|refuses","TRIED-FAILED","AW-5","EcomXpertz (DFY competitor)","dissatisfied","NULL","REPORTED_OUTCOME","NULL","NULL","NULL","NULL","NULL; merged_from: PB-01/Q-E-0022"
"Q-E-0009","PB-01/URL-15","PRODUCT_TRUTH","trustpilot","ecomxpertz.com","ecomxpertz.com","Ecomxpertz Reviews","https://www.trustpilot.com/review/ecomxpertz.com","review","https://www.trustpilot.com/review/ecomxpertz.com","John Matthews","2025-01-08","2026-09-24","NULL","NULL","1","Y","[R-PAGE via Exa]","RC-EXA","HV-PB-01","I had over $2000 worth of inventory","This company scammed me. They returned some of my money but I had over $2000 worth of inventory which was returned to their warehouse per their instructions for a return of the money I paid for it. I have not heard from them.","This company scammed me.","NULL","NULL","6","PB-01","CP-05","CP-05","NULL","NULL","NULL","NULL","NULL","NULL","NULL","outcome_reported|spend|horror_story|enemy_blame","TRIED-FAILED","AW-5","EcomXpertz (DFY competitor)","dissatisfied","NULL","REPORTED_OUTCOME","NULL","NULL","NULL","NULL","NULL; merged_from: PB-01/Q-E-0023"
"Q-E-0010","PB-01/URL-16","PRODUCT_TRUTH","trustpilot","nn-dfysuccess.com","nn-dfysuccess.com","DONE FOR YOU® Reviews","https://www.trustpilot.com/review/nn-dfysuccess.com","review","https://www.trustpilot.com/review/nn-dfysuccess.com","Edilma Fields","2024-06-17","2026-09-24","NULL","NULL","1","Y","[R-PAGE via Exa]","RC-EXA","HV-PB-01","paid $69 and an additional $169... not one sale","I started my Shopify store, but after my store was online, I Never received any help to bring visitors to my store, I paid $69 and an additional $169, I tried contacting them but never received any help other than adding the store online, 1 month and not one sale.","I started my Shopify store, but after my store was online.","NULL","NULL","6","PB-01","CP-05","CP-05","NULL","NULL","NULL","NULL","NULL","NULL","NULL","outcome_reported|spend|objection|pain|hyper_responsive","TRIED-FAILED","AW-5","DONE FOR YOU (DFY competitor)","dissatisfied","NULL","REPORTED_OUTCOME","NULL","NULL","NULL","NULL","NULL; merged_from: PB-01/Q-E-0024"
"Q-Y-0001","PB-01/URL-20","MARKET_VOC","youtube_search","YouTube","wSQLr6dmx38","I Paid Fiverr Experts $575 to Build Shopify Stores | Here's What Happened","https://www.youtube.com/watch?v=wSQLr6dmx38","transcript","https://www.youtube.com/watch?v=wSQLr6dmx38","Kevin - Financial Tutor","~2023 (3y ago, relative)","2026-09-24","NULL","NULL","NULL","Y","[R-PAGE]","RC-YTX","HV-PB-01","why not pay Shopify expert to create my very own store","I tried starting three Shopify stores over the last three years... but I never been profitable with any of them. For the longest time I had an idea why not pay Shopify expert to create my very own store, pick winning products and let that easy money start coming in.","I bought three gigs on Fiverr to create brand new profitable Shopify stores for me.","NULL","NULL","7","PB-01","CP-05","CP-05","NULL","NULL","NULL","NULL","NULL","NULL","NULL","failed_solution|desire|spend|belief","TRIED-FAILED","AW-4","a DFY/pre-built Shopify store offer","veteran","tried DIY 3x, then paid Fiverr experts for 3 stores","VERBATIM_VOC","NULL","NULL","NULL","NULL","NULL; merged_from: PB-01/Q-Y-0025"
"Q-Y-0002","PB-01/URL-20","MARKET_VOC","youtube_search","YouTube","wSQLr6dmx38","I Paid Fiverr Experts $575 to Build Shopify Stores | Here's What Happened","https://www.youtube.com/watch?v=wSQLr6dmx38","transcript","https://www.youtube.com/watch?v=wSQLr6dmx38","Kevin - Financial Tutor","~2023 (3y ago, relative)","2026-09-24","NULL","NULL","NULL","Y","[R-PAGE]","RC-YTX","HV-PB-01","we ended up losing 1,646 dollars","We received a grand total of one sale for a total of nearly $48... we ended up losing 575 on this third and final Shopify store... I actually ended up losing a thousand six hundred and forty six dollars to do so.","So all in all was buying a Shopify store on Fiverr a guaranteed way to start a profitable Shopify store, absolutely not.","NULL","NULL","7","PB-01","CP-05","CP-05","NULL","NULL","NULL","NULL","NULL","NULL","NULL","outcome_reported|spend|horror_story","TRIED-FAILED","AW-4","a DFY/pre-built Shopify store offer","NULL","spent $575 across 3 Fiverr stores, lost $1,646 net","VERBATIM_VOC","NULL","NULL","NULL","NULL","NULL; merged_from: PB-01/Q-Y-0026"
"Q-Y-0003","PB-01/URL-21b","MARKET_VOC","youtube_search","YouTube","JS2lX1FFAVs","I Bought And Tested A Shopify Store From Fiverr For 24H","https://www.youtube.com/watch?v=JS2lX1FFAVs","transcript","https://www.youtube.com/watch?v=JS2lX1FFAVs","Marko","~2024 (1y ago, relative)","2026-09-24","NULL","NULL","NULL","Y","[R-PAGE]","RC-YTX","HV-PB-01","to see if it's worth paying someone on Fiverr","We're going to be paying someone on Fiverr to create a Shopify store for us. And then we're going to be running some ads to it to see if we can get some sales with it and to see if it's worth paying someone on Fiverr to build a store for you in the first place.","Hey guys, what's going on? Welcome back to a new video.","NULL","NULL","7","PB-01","CP-05","CP-05","NULL","NULL","NULL","NULL","NULL","NULL","NULL","desire|spend|curiosity|hyper_responsive","CONSIDERING","AW-4","a DFY/pre-built Shopify store offer","NULL","testing whether paying for a DFY store is worth it","VERBATIM_VOC","NULL","NULL","NULL","NULL","NULL; merged_from: PB-01/Q-Y-0027"
"Q-Y-0004","PB-01/URL-uCubamN3o4o","MARKET_VOC","youtube_search","YouTube","uCubamN3o4o","Buying PRE BUILT SHOPIFY store from ADSELLR | Website Review","https://www.youtube.com/watch?v=uCubamN3o4o","transcript","https://www.youtube.com/watch?v=uCubamN3o4o","LUCAS MINT","~2022 (4y ago, relative)","2026-09-24","NULL","NULL","NULL","Y","[R-PAGE]","RC-YTX","HV-PB-01","you know, the pitch is almost always the same","I'm sure you guys have seen the ads online for pre-built shopify stores right like the pitch is almost always the same so for an initial investment you know they're going to create a branded shopify store for you right.","Okay so I'm sure you guys have seen the ads online for pre-built shopify stores.","NULL","NULL","7","PB-01","CP-05","CP-05","NULL","NULL","NULL","NULL","NULL","NULL","NULL","belief|skepticism","NULL","AW-4","a DFY/pre-built Shopify store offer","NULL","frames DFY-store ads as a recognizable, repeated pitch","VERBATIM_VOC","NULL","NULL","NULL","NULL","NULL; merged_from: PB-01/Q-Y-0028"
"Q-Y-0005","PB-01/URL-uCubamN3o4o","MARKET_VOC","youtube_search","YouTube","uCubamN3o4o","Buying PRE BUILT SHOPIFY store from ADSELLR | Website Review","https://www.youtube.com/watch?v=uCubamN3o4o","transcript","https://www.youtube.com/watch?v=uCubamN3o4o","LUCAS MINT","~2022 (4y ago, relative)","2026-09-24","NULL","NULL","NULL","Y","[R-PAGE]","RC-YTX","HV-PB-01","I assume that the followers are fake","I made a poster test, you know, to see if there was engagement so far I've only gotten a few likes... I assume that the followers are fake, but you know for under ten thousand dollar budget it's not surprising.","Overall I would say that the store it's been well done right.","NULL","NULL","7","PB-01","CP-05","CP-05","NULL","NULL","NULL","NULL","NULL","NULL","NULL","skepticism|objection","NULL","AW-4","a DFY/pre-built Shopify store offer","NULL","suspects the bundled DFY social proof (followers) is fake","VERBATIM_VOC","NULL","NULL","NULL","NULL","NULL; merged_from: PB-01/Q-Y-0029"
"Q-Y-0006","PB-01/URL-pzR","MARKET_VOC","youtube_search","YouTube","pzR_ETZXAzI","I Paid Low Price & Hire Someone To Build HIGH QUALITY Shopify Store","https://www.youtube.com/watch?v=pzR_ETZXAzI","transcript","https://www.youtube.com/watch?v=pzR_ETZXAzI","Login Lab","~2023 (3y ago, relative)","2026-09-24","NULL","NULL","NULL","Y","[R-PAGE]","RC-YTX","HV-PB-01","people struggle to pay that kind of amount","I know if you are from US, Canada or this kind of countries 50 100 200 is nothing for you to create a shopify store, but there are countries where people struggle to pay that kind of amount. This video is for those people who are struggling to pay a huge amount for their [store] creation.","Okay friends so in this video I am going to show you how you can hire someone to build a high quality Shopify store for you in low price.","NULL","NULL","7","PB-01","CP-05","CP-05","NULL","NULL","NULL","NULL","NULL","NULL","NULL","spend|pain|population_marker|hyper_responsive","NULL","AW-4","a DFY/pre-built Shopify store offer","NULL","low-budget-country audience priced out of DFY builds","VERBATIM_VOC","NULL","NULL","NULL","NULL","NULL; merged_from: PB-01/Q-Y-0030"
"Q-Y-0007","PB-01/URL-6MKO7iAtiAE","MARKET_VOC","youtube_search","YouTube","6MKO7iAtiAE","I PAID FIVERR EXPERTS To Run My WHOLE Dropshipping Business In 2023","https://www.youtube.com/watch?v=6MKO7iAtiAE","transcript","https://www.youtube.com/watch?v=6MKO7iAtiAE","THE ECOM KING","~2023 (per search snippet publishedTimeText)","2026-09-24","NULL","NULL","NULL","Y","[R-PAGE]","RC-YTX","HV-PB-01","fully Outsource my whole Drop Shipping Store","I'm going to try and fully Outsource my whole Drop Shipping Store by hiring Freelancers on fiver to do all the work for me to see if I can sit back print profit and relax.","So in today's Drop Shipping experiment I'm going to try and fully Outsource my whole Drop Shipping Store.","NULL","NULL","7","PB-01","CP-05","CP-05","NULL","NULL","NULL","NULL","NULL","NULL","NULL","desire|deeper_hope","CONSIDERING","AW-4","a DFY/pre-built Shopify store offer","NULL","wants to fully outsource build+run for passive income","VERBATIM_VOC","NULL","NULL","NULL","NULL","NULL; merged_from: PB-01/Q-Y-0031"
"Q-Y-0008","PB-01/URL-sSShxoEBFkY","MARKET_VOC","youtube_search","YouTube","sSShxoEBFkY","Is Adrian Morrison's Free Shopify Store Legit? (Honest Review)","https://www.youtube.com/watch?v=sSShxoEBFkY","transcript","https://www.youtube.com/watch?v=sSShxoEBFkY","NoBSIMReviews","~2026 (1mo ago, relative)","2026-09-24","NULL","NULL","NULL","N","[R-PAGE]","RC-YTX","HV-PB-01","getting profitable traffic is where 90% of beginners fail","Building a store with automated apps is the easiest part of e-commerce. Getting profitable traffic is where 90% of beginners fail. Adrian's software doesn't buy your traffic. You still have to fund and manage paid ads.","The AI Store Builder program, promoted via livestorebuild.com by brothers Adrian and Anthony Morrison.","NULL","NULL","7","PB-01","NULL","CP-05","NULL","NULL","NULL","NULL","NULL","NULL","NULL","belief|objection|skepticism","NULL","AW-4","a DFY/pre-built Shopify store offer","NULL","reviewer, not a buyer; names the DFY-store's real limit","CUSTOMER_EXPLANATION","NULL","NULL","NULL","NULL","NULL; merged_from: PB-01/Q-Y-0032"
"Q-Y-0009","PB-01/URL-sSShxoEBFkY","MARKET_VOC","youtube_search","YouTube","sSShxoEBFkY","Is Adrian Morrison's Free Shopify Store Legit? (Honest Review)","https://www.youtube.com/watch?v=sSShxoEBFkY","transcript","https://www.youtube.com/watch?v=sSShxoEBFkY","NoBSIMReviews","~2026 (1mo ago, relative)","2026-09-24","NULL","NULL","NULL","N","[R-PAGE]","RC-YTX","HV-PB-01","a clever Shopify affiliate funnel with a big upsell","But is Adrian Morrison's training genuinely free, or is it a clever Shopify affiliate funnel with a big upsell at the end? ... claiming a total value of $6,781 marked down to $997 today only.","This free webinar promises to help you build a Shopify store live on the event.","NULL","NULL","7","PB-01","NULL","CP-05","NULL","NULL","NULL","NULL","NULL","NULL","NULL","skepticism|objection|spend","NULL","AW-4","a DFY/pre-built Shopify store offer","NULL","names the free-to-$997-upsell funnel mechanics","CUSTOMER_EXPLANATION","NULL","NULL","NULL","NULL","NULL; merged_from: PB-01/Q-Y-0033"
"Q-F-0015","PB-01/URL-26","MARKET_VOC","forum","warriorforum.com","1286522","Several Drop Shipping Questions","https://www.warriorforum.com/ecommerce-sites-wholesaling-drop-shipping/1286522-several-drop-shipping-questions.html","comment","https://www.warriorforum.com/ecommerce-sites-wholesaling-drop-shipping/1286522-several-drop-shipping-questions.html","Maqqie","2017-07-13","2026-09-24","NULL","NULL","NULL","N","[R-PAGE via Exa]","RC-EXA","HV-PB-01","I work a full time job as well, so am only able to attend to my store after hours","I understand this is subjective and dependent on how much time you have available to manage your store, but I am keen to have a general idea of when I should start investigating this service. I work a full time job as well, so am only able to attend to my store after hours/weekends.","At what level of revenue did those of you who use Virtual Assistants, start using them?","NULL","NULL","7","PB-01","CP-01","CP-01","ongoing","NULL","NULL","NULL","NULL","NULL","NULL","pain|trigger|scene|desire|hyper_responsive","NULL","AW-2","NULL","NULL","full-time job, store only worked after hours/weekends, asking about hiring help","VERBATIM_VOC","NULL","NULL","NULL","NULL","NULL; merged_from: PB-01/Q-F-0034"
"Q-F-0016","PB-01/URL-26","MARKET_VOC","forum","thefastlaneforum.com","82878","Ecommerce Or Adwords Management?","https://www.thefastlaneforum.com/community/threads/ecommerce-or-adwords-management.82878/","comment","https://www.thefastlaneforum.com/community/threads/ecommerce-or-adwords-management.82878/","RockyRambo","2018-06-13","2026-09-24","NULL","NULL","NULL","N","[R-PAGE via Exa]","RC-EXA","HV-PB-01","Time intensive early on (i work a full time job right now)","Cons - Much more complicated to setup and manage - Lower margins (assume around 20% Net Profit) - Very competitive, harder to stand out. - Time intensive early on (i work a full time job right now)","ECOMMERCE DROPSHIPPING Pros - Fulfills 5/5 of the CENTS criteria.","NULL","NULL","7","PB-01","CP-01","CP-01","NULL","NULL","NULL","NULL","NULL","NULL","NULL","pain|objection|trigger","NULL","AW-2","NULL","NULL","weighs e-commerce setup burden against a full-time job","VERBATIM_VOC","NULL","NULL","NULL","NULL","NULL; merged_from: PB-01/Q-F-0035"
"Q-F-0017","PB-01/URL-26","MARKET_VOC","forum","community.shopify.com","391082","Scaling my business with sanity","https://community.shopify.com/t/scaling-my-business-with-sanity/391082","comment","https://community.shopify.com/t/scaling-my-business-with-sanity/391082","noraabodylove","2025-01-30","2026-09-24","NULL","NULL","NULL","N","[R-PAGE via Exa]","RC-EXA","HV-PB-01","trying to scale my business while keeping my full-time job","I also work full-time in a completely unrelated field. I'm trying to scale my business while keeping my full-time job (I need those benefits), but I'm finding it hard to find a good balance ... I'm feeling overwhelmed as it is.","I started my business hand making vegan soaps and skincare products in 2021 as a side business/passion project.","NULL","NULL","7","PB-01","CP-01","CP-01","NULL","NULL","NULL","NULL","NULL","NULL","NULL","pain|emotion:frustrated|scene|trigger","NULL","AW-2","NULL","sufferer","side business + full-time job, overwhelmed every evening after work","VERBATIM_VOC","NULL","NULL","NULL","NULL","NULL; merged_from: PB-01/Q-F-0036"
"Q-F-0018","PB-01/URL-26","MARKET_VOC","forum","community.shopify.com","341654","New Shopify Store deactivated without explanation","https://community.shopify.com/t/new-shopify-store-deactivated-without-explanation/341654","comment","https://community.shopify.com/t/new-shopify-store-deactivated-without-explanation/341654","sharmac","2024-07-22","2026-09-24","NULL","NULL","NULL","Y","[R-PAGE via Exa]","RC-EXA","HV-PB-01","I had someone build a shopify store for me because I wanted to get started quickly","I had someone build a shopify store for me because I wanted to get started quickly. When the store was transferred to me, the store was shutdown almost immediately ... I'm left wondering if I just flushed the money and time down the drain ... I'm in tears today.","I had someone build a shopify store for me because I wanted to get started quickly.","NULL","NULL","7","PB-01","CP-05","CP-01|CP-05","NULL","NULL","NULL","NULL","NULL","NULL","NULL","desire|failed_solution|outcome_reported|emotion:hopeless|horror_story|spend","TRIED-HELPED-THEN-RETURNED","AW-2","NULL","dissatisfied","paid to have store built for speed, then Shopify deactivated it","REPORTED_OUTCOME","NULL","NULL","NULL","NULL","NULL; merged_from: PB-01/Q-F-0037"
"Q-Y-0010","PB-01/URL-6MKO7iAtiAE","MARKET_VOC","youtube_search","YouTube","6MKO7iAtiAE","I PAID FIVERR EXPERTS To Run My WHOLE Dropshipping Business In 2023","https://www.youtube.com/watch?v=6MKO7iAtiAE","transcript","https://www.youtube.com/watch?v=6MKO7iAtiAE","THE ECOM KING","~2023 (per search snippet publishedTimeText)","2026-09-24","NULL","NULL","NULL","Y","[R-PAGE]","RC-YTX","HV-PB-01","so you can watch me either make money or lose money","The reason why I'm doing this Drop Shipping video experiment is to save you guys money at home that are watching this, because instead of you having to spend thousands of dollars and see if it's going to work, I'm going to be the guinea pig ... so you can watch me either make money or lose money.","Now I've got something really exciting to tell you guys.","NULL","NULL","7","PB-01","CP-05","CP-05","NULL","NULL","NULL","NULL","NULL","NULL","NULL","curiosity|spend|deeper_hope|hyper_responsive","NULL","AW-4","a DFY/pre-built Shopify store offer","NULL","frames himself as the guinea pig so viewers don't risk their own money","VERBATIM_VOC","NULL","NULL","NULL","NULL","NULL; merged_from: PB-01/Q-Y-0038"
"Q-Y-0011","PB-01/URL-pzR","MARKET_VOC","youtube_search","YouTube","pzR_ETZXAzI","I Paid Low Price & Hire Someone To Build HIGH QUALITY Shopify Store","https://www.youtube.com/watch?v=pzR_ETZXAzI","transcript","https://www.youtube.com/watch?v=pzR_ETZXAzI","Login Lab","~2023 (3y ago, relative)","2026-09-24","NULL","NULL","NULL","Y","[R-PAGE]","RC-YTX","HV-PB-01","in 25 you can get people from like India and Pakistan","My suggest, I suggest that you put at least 25, okay but this is a low end, but you can also test with ten dollar twenty dollar it's your choice ... in 25 you can get people from like India and Pakistan to create a Shopify store for you.","I am going to show you how you can hire someone to build a high quality Shopify store for you in low price.","NULL","NULL","7","PB-01","CP-05","CP-05","NULL","NULL","NULL","NULL","NULL","NULL","NULL","spend|belief","NULL","AW-4","a DFY/pre-built Shopify store offer","NULL","gives a specific low-budget DFY-store price anchor ($10-25)","VERBATIM_VOC","NULL","NULL","NULL","NULL","NULL; merged_from: PB-01/Q-Y-0039"
"Q-Y-0012","PB-01/URL-pzR","MARKET_VOC","youtube_search","YouTube","pzR_ETZXAzI","I Paid Low Price & Hire Someone To Build HIGH QUALITY Shopify Store","https://www.youtube.com/watch?v=pzR_ETZXAzI","transcript","https://www.youtube.com/watch?v=pzR_ETZXAzI","Login Lab","~2023 (3y ago, relative)","2026-09-24","NULL","NULL","NULL","Y","[R-PAGE]","RC-YTX","HV-PB-01","I tried to design by myself it didn't become nice","For that product I am trying to design a Shopify store but I tried to design by myself it didn't become nice, that's why what I did is I copied the exact link of that [store] that I want ... and then I am going to hire someone for low price to create that exact [store] for myself.","Finally after promoting affiliate products for lots of years now I've decided to put my hands on Drop Shipping.","NULL","NULL","7","PB-01","CP-05","CP-05","NULL","NULL","NULL","NULL","NULL","NULL","NULL","failed_solution|pain|belief|hyper_responsive","TRIED-FAILED","AW-4","a DFY/pre-built Shopify store offer","NULL","tried DIY design first, failed, then hired someone cheaply","VERBATIM_VOC","NULL","NULL","NULL","NULL","NULL; merged_from: PB-01/Q-Y-0040"
"Q-B-0001","PB-01/URL-23","MARKET_VOC","blog_comments","kingy.ai","buildyourstore-ai-review-2026","BuildYourStore.ai Review (2026)","https://kingy.ai/news/buildyourstore-ai-review-2026-is-this-free-ai-shopify-store-builder-worth-your-time/","review","https://kingy.ai/news/buildyourstore-ai-review-2026-is-this-free-ai-shopify-store-builder-worth-your-time/","UNKNOWN (anonymous reviewer, cited by Curtis Pyke/kingy.ai)","UNKNOWN (article dated 2026-03-21)","2026-09-24","NULL","NULL","NULL","Y","[R-SNIPPET]","RC-EXA","HV-PB-01","promises of more templates, ads, products etc. after you have paid","A few negative reviews mention paying the $97 and not receiving the promised features, with one reviewer calling it 'promises of more templates, ads, products etc. after you have paid.'","A few negative reviews mention paying the $97 and not receiving the promised features.","NULL","NULL","8","PB-01","CP-05","CP-05","NULL","NULL","NULL","NULL","NULL","NULL","NULL","objection|spend|skepticism","TRIED-FAILED","NULL","NULL","NULL","anonymous buyer quote nested inside a third-party review article","REPORTED_OUTCOME","NULL","NULL","NULL","NULL","Author/date unknown (secondhand, quoted by the blog's own reviewer, not opened at its original source) -> [R-SNIPPET], counts toward no floor. Kept for corpus richness and honesty about the blog_comments lane's real yield, not to inflate the count.; merged_from: PB-01/Q-B-0041"
"Q-Y-0013","PB-06/URL-02","MARKET_VOC","youtube_search","YouTube","x9lgR_iHPuQ","","https://youtu.be/x9lgR_iHPuQ","transcript","https://youtu.be/x9lgR_iHPuQ","Jenny Hoyos","~2022","2026-09-24","","","","N","[R-SCRAPE]","RC-YTX","HV-PB-06","i've already lost 500 drop shipping","i'm gonna make a profitable drop shipping store in one week and show you how i did it step by step but there's a problem i've already lost 500 drop shipping so this challenge can smack my bank account","","","","7.6","PB-06","CP-03","CP-03","","","","","1st store (unspecified product)","","NULL","pain|spend|scene|hyper_responsive","TRIED-FAILED","AW-2","dropshipping/e-commerce category (not Readymerce)","seeker","2nd attempt after $500 loss, on camera","VERBATIM_VOC","NULL","","NULL","NULL","merged_from: PB-06/Q-Y-0001"
"Q-Y-0014","PB-06/URL-02","MARKET_VOC","youtube_search","YouTube","x9lgR_iHPuQ","","https://youtu.be/x9lgR_iHPuQ","transcript","https://youtu.be/x9lgR_iHPuQ","Jenny Hoyos","~2022","2026-09-24","","","","N","[R-SCRAPE]","RC-YTX","HV-PB-06","i got zero sales which means i lost 254 dollars","i spent forty four dollars to make the website and two hundred and ten dollars on the ads which totals two hundred and fifty four dollars gone and i got zero sales which means i lost 254 dollars","","","","3.7","PB-06","CP-03","CP-03","","","","","skin scrubber store (2nd attempt)","","NULL","outcome_reported|spend|pain|hyper_responsive","TRIED-FAILED","AW-2","dropshipping/e-commerce category (not Readymerce)","seeker","documenting a 1-week challenge attempt","VERBATIM_VOC","NULL","","NULL","NULL","merged_from: PB-06/Q-Y-0002"
"Q-Y-0015","PB-06/URL-02","MARKET_VOC","youtube_search","YouTube","x9lgR_iHPuQ","","https://youtu.be/x9lgR_iHPuQ","transcript","https://youtu.be/x9lgR_iHPuQ","Jenny Hoyos","~2022","2026-09-24","","","","N","[R-SCRAPE]","RC-YTX","HV-PB-06","i failed the challenge","but regardless i failed the challenge and that's why i'm going to continue working on the store to make it profitable","","","","6.6","PB-06","CP-03","CP-03","","","","","NULL","","NULL","outcome_reported|made_them_act","TRIED-FAILED","AW-2","dropshipping/e-commerce category (not Readymerce)","seeker","chooses to keep going after failed challenge","VERBATIM_VOC","NULL","","NULL","NULL","merged_from: PB-06/Q-Y-0003"
"Q-Y-0016","PB-06/URL-02","MARKET_VOC","youtube_search","YouTube","x9lgR_iHPuQ","","https://youtu.be/x9lgR_iHPuQ","transcript","https://youtu.be/x9lgR_iHPuQ","Jenny Hoyos","~2022","2026-09-24","","","","N","[R-SCRAPE]","RC-YTX","HV-PB-06","make it seem like easy money when it's really not","it's crazy because i've seen other drop shipping videos that make it seem like easy money when it's really not you spend hours watching tutorials spend hundreds on ads only to lose all your money","","","","6.0","PB-06","CP-03","CP-03|CP-05","","","","","NULL","","NULL","skepticism|tired_of_hearing|enemy_blame|hyper_responsive","NULL","AW-3","dropshipping/e-commerce category (not Readymerce)","seeker","naming guru content as misleading","VERBATIM_VOC","NULL","","NULL","NULL","AS-01-relevant: skepticism of guru/DFY-adjacent promises; merged_from: PB-06/Q-Y-0004"
"Q-Y-0017","PB-06/URL-03","MARKET_VOC","youtube_search","YouTube","OOfML4xMiC4","","https://youtu.be/OOfML4xMiC4","transcript","https://youtu.be/OOfML4xMiC4","Dylan Fisher","~2026","2026-09-24","","","","N","[R-SCRAPE]","RC-YTX","HV-PB-06","lost 40k in total, and almost had zero results","I spent 8 months doing the right things, spent 10k on a mentorship, lost 40k in total, and almost had zero results","","","","5.0","PB-06","CP-03","CP-03|CP-05","","","","","fashion dropshipping store via paid mentor","","NULL","pain|spend|outcome_reported","TRIED-FAILED","AW-3","dropshipping/e-commerce category (not Readymerce)","veteran","8 months into a paid mentorship program","VERBATIM_VOC","NULL","","NULL","NULL","merged_from: PB-06/Q-Y-0005"
"Q-Y-0018","PB-06/URL-03","MARKET_VOC","youtube_search","YouTube","OOfML4xMiC4","","https://youtu.be/OOfML4xMiC4","transcript","https://youtu.be/OOfML4xMiC4","Dylan Fisher","~2026","2026-09-24","","","","N","[R-SCRAPE]","RC-YTX","HV-PB-06","the strategy was dead, and no one told me","It wasn't because I wasn't smart enough, and it wasn't because I wasn't working hard enough. The strategy was dead, and no one told me.","","","","3.7","PB-06","CP-03","CP-03|CP-05","","","","","NULL","","NULL","belief|enemy_blame|skepticism","NULL","AW-3","dropshipping/e-commerce category (not Readymerce)","veteran","blames the outdated strategy, not himself","VERBATIM_VOC","NULL","","NULL","NULL","enemy_blame target: mentor/coach; merged_from: PB-06/Q-Y-0006"
"Q-Y-0019","PB-06/URL-03","MARKET_VOC","youtube_search","YouTube","OOfML4xMiC4","","https://youtu.be/OOfML4xMiC4","transcript","https://youtu.be/OOfML4xMiC4","Dylan Fisher","~2026","2026-09-24","","","","N","[R-SCRAPE]","RC-YTX","HV-PB-06","this coach never even scheduled a call with me","I tested about 100 products and this coach never even scheduled a call with me. Like I didn't even understand the system that we're meant to have.","","","","5.0","PB-06","CP-03","CP-03|CP-05","","","","","1-on-1 paid mentorship coach","","NULL","objection|failed_solution|skepticism","TRIED-FAILED","AW-3","dropshipping/e-commerce category (not Readymerce)","veteran","paid $10k, coach unresponsive","VERBATIM_VOC","NULL","","NULL","NULL","fs_id candidate: paid-mentorship; merged_from: PB-06/Q-Y-0007"
"Q-Y-0020","PB-06/URL-03","MARKET_VOC","youtube_search","YouTube","OOfML4xMiC4","","https://youtu.be/OOfML4xMiC4","transcript","https://youtu.be/OOfML4xMiC4","Dylan Fisher","~2026","2026-09-24","","","","N","[R-SCRAPE]","RC-YTX","HV-PB-06","i've just paid $10,000 for this one-on-one mentorship","I've just paid $10,000 for this one-on-one mentorship for 3 months, which is a lot of money, and the videos are that outdated.","","","","6.3","PB-06","CP-05","CP-05","","","","","paid mentorship","","NULL","spend|skepticism|objection","TRIED-FAILED","AW-3","dropshipping/e-commerce category (not Readymerce)","veteran","realizes the paid content is stale","VERBATIM_VOC","NULL","","NULL","NULL","merged_from: PB-06/Q-Y-0008"
"Q-Y-0021","PB-06/URL-03","MARKET_VOC","youtube_search","YouTube","OOfML4xMiC4","","https://youtu.be/OOfML4xMiC4","transcript","https://youtu.be/OOfML4xMiC4","Dylan Fisher","~2026","2026-09-24","","","","N","[R-SCRAPE]","RC-YTX","HV-PB-06","he pretty much kicked me out the community","then he basically kicked me out the community and stopped the coaching and with him I lost about another 4k euro or dollars I can't even remember.","","","","6.7","PB-06","CP-05","CP-05","","","","","2nd paid mentorship","","NULL","horror_story|spend|skepticism","TRIED-FAILED","AW-3","dropshipping/e-commerce category (not Readymerce)","veteran","2nd paid mentor also failed him, kicked out for non-payment dispute","VERBATIM_VOC","NULL","","NULL","NULL","enemy_blame target: 2nd mentor; merged_from: PB-06/Q-Y-0009"
"Q-Y-0022","PB-06/URL-03","MARKET_VOC","youtube_search","YouTube","OOfML4xMiC4","","https://youtu.be/OOfML4xMiC4","transcript","https://youtu.be/OOfML4xMiC4","Dylan Fisher","~2026","2026-09-24","","","","N","[R-SCRAPE]","RC-YTX","HV-PB-06","I'm definitely quitting fashion drop shipper","wow, what am I going to do now, man? Like, I'm definitely quitting fashion drop shipper. Like, that was there was no way I was joining another program","","","","12.3","PB-06","CP-03","CP-03","","","","","fashion niche dropshipping","","NULL","almost_stopped|emotion:hopeless","STOPPED-SIDE-EFFECTS","AW-3","dropshipping/e-commerce category (not Readymerce)","veteran","decision point after losing ~$44k across 2 mentors","VERBATIM_VOC","NULL","","NULL","NULL","merged_from: PB-06/Q-Y-0010"
"Q-Y-0023","PB-06/URL-04","MARKET_VOC","youtube_search","YouTube","AZIC4HjKj7s","","https://youtu.be/AZIC4HjKj7s","transcript","https://youtu.be/AZIC4HjKj7s","Charlie Nuttall","~2026","2026-09-24","","","","N","[R-SCRAPE]","RC-YTX","HV-PB-06","I've lost about $1,000 in total across three stores","All righty. I just want to speak on uh the money I've lost on the past three stores. I've lost about $1,000 in total across three stores.","","","","6.7","PB-06","CP-03","CP-03","","","","","3 dropshipping stores w/ custom UGC creatives","","NULL","spend|outcome_reported|pain","TRIED-FAILED","AW-2","dropshipping/e-commerce category (not Readymerce)","veteran","running 3 stores in parallel, none broke even","VERBATIM_VOC","NULL","","NULL","NULL","merged_from: PB-06/Q-Y-0011"
"Q-Y-0024","PB-06/URL-04","MARKET_VOC","youtube_search","YouTube","AZIC4HjKj7s","","https://youtu.be/AZIC4HjKj7s","transcript","https://youtu.be/AZIC4HjKj7s","Charlie Nuttall","~2026","2026-09-24","","","","N","[R-SCRAPE]","RC-YTX","HV-PB-06","this is like the reality of what it is","I just wanted to post this video to just show that like this is like the reality of what it is. like you know you spend a week and a half","","","","3.7","PB-06","CP-03","CP-03","","","","","NULL","","NULL","scene|belief","NULL","AW-2","dropshipping/e-commerce category (not Readymerce)","veteran","documenting the unglamorous build process","VERBATIM_VOC","NULL","","NULL","NULL","merged_from: PB-06/Q-Y-0012"
"Q-Y-0025","PB-06/URL-04","MARKET_VOC","youtube_search","YouTube","AZIC4HjKj7s","","https://youtu.be/AZIC4HjKj7s","transcript","https://youtu.be/AZIC4HjKj7s","Charlie Nuttall","~2026","2026-09-24","","","","N","[R-SCRAPE]","RC-YTX","HV-PB-06","it isn't all sunshine and rainbows","yeah I just wanted to share that it isn't all sunshine and rainbows. Uh especially if you're starting out too","","","","4.4","PB-06","CP-03","CP-03","","","","","NULL","","NULL","belief|tired_of_hearing|skepticism","NULL","AW-3","dropshipping/e-commerce category (not Readymerce)","veteran","pushing back on hype content","VERBATIM_VOC","NULL","","NULL","NULL","tired_of_hearing target: success-only content; merged_from: PB-06/Q-Y-0013"
"Q-Y-0026","PB-06/URL-04","MARKET_VOC","youtube_search","YouTube","AZIC4HjKj7s","","https://youtu.be/AZIC4HjKj7s","transcript","https://youtu.be/AZIC4HjKj7s","Charlie Nuttall","~2026","2026-09-24","","","","N","[R-SCRAPE]","RC-YTX","HV-PB-06","you could have nine failed stores","these things happen and they happen more actually than the success. Like you could have nine failed stores and that one winner will make you more money than all the others","","","","6.4","PB-06","CP-03","CP-03","","","","","NULL","","NULL","belief|horror_story","NULL","AW-3","dropshipping/e-commerce category (not Readymerce)","veteran","normalizing high failure rate","VERBATIM_VOC","NULL","","NULL","NULL","merged_from: PB-06/Q-Y-0014"
"Q-Y-0027","PB-06/URL-04","MARKET_VOC","youtube_search","YouTube","AZIC4HjKj7s","","https://youtu.be/AZIC4HjKj7s","transcript","https://youtu.be/AZIC4HjKj7s","Charlie Nuttall","~2026","2026-09-24","","","","N","[R-SCRAPE]","RC-YTX","HV-PB-06","there's plenty of us losing, including myself","hopefully you all know that yeah you aren't alone in this journey. Uh there's plenty of us losing, including myself, and doesn't matter because if we just stick at it","","","","9.1","PB-06","CP-03","CP-03","","","","","NULL","","NULL","identity|deeper_hope","CONSIDERING","AW-3","dropshipping/e-commerce category (not Readymerce)","veteran","reassures other strugglers, plans to continue","VERBATIM_VOC","NULL","","NULL","NULL","merged_from: PB-06/Q-Y-0015"
"Q-Y-0028","PB-06/URL-05","MARKET_VOC","youtube_search","YouTube","oS2aafo469M","","https://youtu.be/oS2aafo469M","transcript","https://youtu.be/oS2aafo469M","Alex Ulbin","~2024","2026-09-24","","","","N","[R-SCRAPE]","RC-YTX","HV-PB-06","I've tried Drop Shipping on and off for like 7 years now","all right so I've tried Drop Shipping on and off for like 7 years now I've tried selling jewelry I've tried selling baby pacifiers chess boards posture correctors","","","","3.7","PB-06","CP-03","CP-03","","","","","jewelry, baby pacifiers, chess boards, posture correctors","","NULL","identity|scene","TRIED-FAILED","AW-3","dropshipping/e-commerce category (not Readymerce)","veteran","7-year on/off history across many niches","VERBATIM_VOC","NULL","","NULL","NULL","time_with_problem: 7 years on and off; merged_from: PB-06/Q-Y-0016"
"Q-Y-0029","PB-06/URL-05","MARKET_VOC","youtube_search","YouTube","oS2aafo469M","","https://youtu.be/oS2aafo469M","transcript","https://youtu.be/oS2aafo469M","Alex Ulbin","~2024","2026-09-24","","","","N","[R-SCRAPE]","RC-YTX","HV-PB-06","I spent thousands of dollars and hundreds of hours of my own time","during this entire process I spent thousands of dollars and hundreds of hours of my own time trying to learn this business model and I've been burned many times","","","","4.9","PB-06","CP-03","CP-03","","","","","NULL","","NULL","spend|pain","TRIED-FAILED","AW-3","dropshipping/e-commerce category (not Readymerce)","veteran","cumulative loss across years","VERBATIM_VOC","NULL","","NULL","NULL","merged_from: PB-06/Q-Y-0017"
"Q-Y-0030","PB-06/URL-05","MARKET_VOC","youtube_search","YouTube","oS2aafo469M","","https://youtu.be/oS2aafo469M","transcript","https://youtu.be/oS2aafo469M","Alex Ulbin","~2024","2026-09-24","","","","N","[R-SCRAPE]","RC-YTX","HV-PB-06","I've been burned many times","and I've been burned many times but I wouldn't say that all of this was a waste because what I did learn is what doesn't work","","","","7.6","PB-06","CP-03","CP-03","","","","","NULL","","NULL","emotion:betrayed|skepticism","TRIED-FAILED","AW-3","dropshipping/e-commerce category (not Readymerce)","veteran","distrust from repeated losses","VERBATIM_VOC","NULL","","NULL","NULL","merged_from: PB-06/Q-Y-0018"
"Q-Y-0031","PB-06/URL-05","MARKET_VOC","youtube_search","YouTube","oS2aafo469M","","https://youtu.be/oS2aafo469M","transcript","https://youtu.be/oS2aafo469M","Alex Ulbin","~2024","2026-09-24","","","","N","[R-SCRAPE]","RC-YTX","HV-PB-06","it's extremely discouraging and it just makes you want to give up","when you do all that work just to find out that the product you're trying to sell people don't even want to buy it's extremely discouraging and it just makes you want to give up","","","","8.8","PB-06","CP-03","CP-03","","","","","NULL","","NULL","almost_stopped|emotion:discouraged|pain|hyper_responsive","TRIED-FAILED","AW-2","dropshipping/e-commerce category (not Readymerce)","veteran","after a failed product test","VERBATIM_VOC","NULL","","NULL","NULL","merged_from: PB-06/Q-Y-0019"
"Q-Y-0032","PB-06/URL-05","MARKET_VOC","youtube_search","YouTube","oS2aafo469M","","https://youtu.be/oS2aafo469M","transcript","https://youtu.be/oS2aafo469M","Alex Ulbin","~2024","2026-09-24","","","","N","[R-SCRAPE]","RC-YTX","HV-PB-06","a lot of them fake the reviews","these products are going to be cheap bad quality and from suppliers that don't actually care about your package getting there on time or in good shape a lot of them fake the reviews","","","","2.3","PB-06","CP-03","CP-03","","","","","NULL","","NULL","enemy_blame|skepticism|objection","NULL","AW-3","dropshipping/e-commerce category (not Readymerce)","veteran","distrust of AliExpress-style suppliers","VERBATIM_VOC","NULL","","NULL","NULL","enemy_blame target: suppliers; merged_from: PB-06/Q-Y-0020"
"Q-Y-0033","PB-06/URL-06","MARKET_VOC","youtube_search","YouTube","83RypPyuXfU","","https://youtu.be/83RypPyuXfU","transcript","https://youtu.be/83RypPyuXfU","Michael Bernstein","~2023","2026-09-24","","","","N","[R-SCRAPE]","RC-YTX","HV-PB-06","how I lost a million dollars with my Drop Shipping business","so today I'm going to tell you the story of how I lost a million dollars with my Drop Shipping business I have started out around 2018","","","","5.9","PB-06","CP-03","CP-03","","","","","dropshipping business, scaled then collapsed","","NULL","spend|outcome_reported|horror_story","TRIED-FAILED","AW-3","dropshipping/e-commerce category (not Readymerce)","veteran","framing device for the whole video","VERBATIM_VOC","NULL","","NULL","NULL","merged_from: PB-06/Q-Y-0021"
"Q-Y-0034","PB-06/URL-06","MARKET_VOC","youtube_search","YouTube","83RypPyuXfU","","https://youtu.be/83RypPyuXfU","transcript","https://youtu.be/83RypPyuXfU","Michael Bernstein","~2023","2026-09-24","","","","N","[R-SCRAPE]","RC-YTX","HV-PB-06","it took me over a year straight of failing consistently","I have started out around 2018 and I had no clue what I'm doing it took me over a year straight of failing consistently to make it work","","","","6.0","PB-06","CP-03","CP-03","","","","","NULL","","NULL","pain","TRIED-FAILED","AW-2","dropshipping/e-commerce category (not Readymerce)","veteran","first year of the business","VERBATIM_VOC","NULL","","NULL","NULL","time_with_problem: over 1 year before any success; merged_from: PB-06/Q-Y-0022"
"Q-Y-0035","PB-06/URL-06","MARKET_VOC","youtube_search","YouTube","83RypPyuXfU","","https://youtu.be/83RypPyuXfU","transcript","https://youtu.be/83RypPyuXfU","Michael Bernstein","~2023","2026-09-24","","","","N","[R-SCRAPE]","RC-YTX","HV-PB-06","hire an agency to do the store for you to do the ads for you","just take this scenario you start out with Drop Shipping and you hire an agency to do the store for you to do the ads for you and to do the customer service for you they will do it let's say they fail what do you do now","","","","5.2","PB-06","CP-05","CP-05","","","","","hired a full-service agency/customer-support outsourcer","","NULL","objection|failed_solution|hyper_responsive","TRIED-FAILED","AW-3","dropshipping/e-commerce category (not Readymerce)","veteran","describes his own mistake of full outsourcing before he could do it himself","VERBATIM_VOC","NULL","","NULL","NULL","AS-01-core: names the exact CP-05 pattern (outsourcing the build/ops) and the risk of it; merged_from: PB-06/Q-Y-0023"
"Q-Y-0036","PB-06/URL-06","MARKET_VOC","youtube_search","YouTube","83RypPyuXfU","","https://youtu.be/83RypPyuXfU","transcript","https://youtu.be/83RypPyuXfU","Michael Bernstein","~2023","2026-09-24","","","","N","[R-SCRAPE]","RC-YTX","HV-PB-06","I lost anywhere between like $500 and $11,000 every single day","for like 3 4 weeks straight I lost anywhere again no clue how much it exactly was but anywhere between like $500 and $11,000 every single day it was very painful","","","","10.2","PB-06","CP-03","CP-03","","","","","NULL","","NULL","spend|pain|emotion:painful","TRIED-FAILED","AW-3","dropshipping/e-commerce category (not Readymerce)","veteran","scaling unprofitable Facebook ads without tracking","VERBATIM_VOC","NULL","","NULL","NULL","merged_from: PB-06/Q-Y-0024"
"Q-Y-0037","PB-06/URL-06","MARKET_VOC","youtube_search","YouTube","83RypPyuXfU","","https://youtu.be/83RypPyuXfU","transcript","https://youtu.be/83RypPyuXfU","Michael Bernstein","~2023","2026-09-24","","","","N","[R-SCRAPE]","RC-YTX","HV-PB-06","I am the extreme version of not caring about any problem at all","but keep in mind one thing I am the extreme version of not caring about any problem at all you shouldn't apply this advice if that's not you","","","","7.6","PB-06","CP-03","CP-03","","","","","NULL","","NULL","identity|belief","NULL","AW-3","dropshipping/e-commerce category (not Readymerce)","veteran","self-aware about his own risk tolerance","VERBATIM_VOC","NULL","","NULL","NULL","merged_from: PB-06/Q-Y-0025"
"Q-Y-0038","PB-06/URL-07","MARKET_VOC","youtube_search","YouTube","Cszp_nIwu8I","","https://youtu.be/Cszp_nIwu8I","transcript","https://youtu.be/Cszp_nIwu8I","Liam Bradshaw","~2024","2026-09-24","","","","N","[R-SCRAPE]","RC-YTX","HV-PB-06","I made so many mistakes in this video","I just want to preface by saying that I made so many mistakes in this video there were so many things that I did that I would do completely differently now","","","","6.7","PB-06","CP-03","CP-03","","","","","NULL","","NULL","belief|if_only","TRIED-FAILED","AW-2","dropshipping/e-commerce category (not Readymerce)","former","6 months after the events shown","VERBATIM_VOC","NULL","","NULL","NULL","merged_from: PB-06/Q-Y-0026"
"Q-Y-0039","PB-06/URL-07","MARKET_VOC","youtube_search","YouTube","Cszp_nIwu8I","","https://youtu.be/Cszp_nIwu8I","transcript","https://youtu.be/Cszp_nIwu8I","Liam Bradshaw","~2024","2026-09-24","","","","N","[R-SCRAPE]","RC-YTX","HV-PB-06","I definitely was not an expert so take what I say with a grain of salt","I definitely was not an expert so take what I say with a grain of salt but without further Ado I hope you enjoy the video","","","","6.9","PB-06","CP-03","CP-03","","","","","NULL","","NULL","skepticism|identity","NULL","AW-2","dropshipping/e-commerce category (not Readymerce)","former","self-deprecating framing of his own early journey","VERBATIM_VOC","NULL","","NULL","NULL","merged_from: PB-06/Q-Y-0027"
"Q-Y-0040","PB-06/URL-07","MARKET_VOC","youtube_search","YouTube","Cszp_nIwu8I","","https://youtu.be/Cszp_nIwu8I","transcript","https://youtu.be/Cszp_nIwu8I","Liam Bradshaw","~2024","2026-09-24","","","","N","[R-SCRAPE]","RC-YTX","HV-PB-06","I'm going to be creating a successful e-commerce store within the next 30 days","what's up everyone my name is Liam and in this video I'm going to be creating a successful e-commerce store within the next 30 days now I've completely cut out everything that I was doing previously to make money","","","","7.6","PB-06","CP-03","CP-03","","","","","NULL","","NULL","desire|scene|hyper_responsive","CONSIDERING","AW-2","dropshipping/e-commerce category (not Readymerce)","seeker","quitting high-ticket-closer job to go all-in on e-commerce","VERBATIM_VOC","NULL","","NULL","NULL","merged_from: PB-06/Q-Y-0028"
"Q-Y-0041","PB-06/URL-09","MARKET_VOC","youtube_search","YouTube","o_eEADR4MY0","","https://youtu.be/o_eEADR4MY0","transcript","https://youtu.be/o_eEADR4MY0","Tanner Planes","~2021","2026-09-24","","","","N","[R-SCRAPE]","RC-YTX","HV-PB-06","why i actually quit drop shipping","and today is the video where i talk about why i actually quit drop shipping now just because i say i quit drop shipping doesn't mean that it's a bad thing necessarily","","","","4.4","PB-06","CP-03","CP-03","","","","","NULL","","NULL","identity|belief","STOPPED-SIDE-EFFECTS","AW-3","dropshipping/e-commerce category (not Readymerce)","former","framing device for the whole video","VERBATIM_VOC","NULL","","NULL","NULL","merged_from: PB-06/Q-Y-0029"
"Q-Y-0042","PB-06/URL-09","MARKET_VOC","youtube_search","YouTube","o_eEADR4MY0","","https://youtu.be/o_eEADR4MY0","transcript","https://youtu.be/o_eEADR4MY0","Tanner Planes","~2021","2026-09-24","","","","N","[R-SCRAPE]","RC-YTX","HV-PB-06","that money is instantly going on hold","all the money coming in let's say for example it's two thousand dollars a day that money is instantly going on hold whatever the amount coming in revenue they're just holding it in basically an account that i cannot touch","","","","4.0","PB-06","CP-03","CP-03","","","","","NULL","","NULL","horror_story|fear|objection|hyper_responsive","TRIED-FAILED","AW-3","dropshipping/e-commerce category (not Readymerce)","former","payment processor froze his revenue for 180 days","VERBATIM_VOC","NULL","","NULL","NULL","enemy_blame target: payment processor; merged_from: PB-06/Q-Y-0030"
"Q-Y-0043","PB-06/URL-09","MARKET_VOC","youtube_search","YouTube","o_eEADR4MY0","","https://youtu.be/o_eEADR4MY0","transcript","https://youtu.be/o_eEADR4MY0","Tanner Planes","~2021","2026-09-24","","","","N","[R-SCRAPE]","RC-YTX","HV-PB-06","i'm really just selling something that i don't even have","it's really hard to manage when the product is overseas and i really have no control of everything going on i'm really just selling something that i don't even have","","","","7.2","PB-06","CP-03","CP-03","","","","","NULL","","NULL","identity|pain|consequence","NULL","AW-3","dropshipping/e-commerce category (not Readymerce)","former","reflecting on structural weakness of dropshipping model","VERBATIM_VOC","NULL","","NULL","NULL","merged_from: PB-06/Q-Y-0031"
"Q-Y-0044","PB-06/URL-09","MARKET_VOC","youtube_search","YouTube","o_eEADR4MY0","","https://youtu.be/o_eEADR4MY0","transcript","https://youtu.be/o_eEADR4MY0","Tanner Planes","~2021","2026-09-24","","","","N","[R-SCRAPE]","RC-YTX","HV-PB-06","customers these days have no tolerance for long shipping times","customers these days have no tolerance for long shipping times they're so accustomed to these big name big brands that offer these incredible shipping times that you really just can't beat","","","","10.7","PB-06","CP-03","CP-03","","","","","NULL","","NULL","enemy_blame|belief","NULL","AW-3","dropshipping/e-commerce category (not Readymerce)","former","explaining why chargebacks rose","VERBATIM_VOC","NULL","","NULL","NULL","enemy_blame target: overseas shipping times; merged_from: PB-06/Q-Y-0032"
"Q-Y-0045","PB-06/URL-09","MARKET_VOC","youtube_search","YouTube","o_eEADR4MY0","","https://youtu.be/o_eEADR4MY0","transcript","https://youtu.be/o_eEADR4MY0","Tanner Planes","~2021","2026-09-24","","","","N","[R-SCRAPE]","RC-YTX","HV-PB-06","i didn't know the perfect route to go","when i knew that i needed to buy inventory i didn't know the perfect route to go but the first idea that popped into my mind was from all the way back in 2017","","","","2.3","PB-06","CP-03","CP-03|CP-05","","","","","NULL","","NULL","trigger|scene","CONSIDERING","AW-3","dropshipping/e-commerce category (not Readymerce)","former","forced pivot moment away from pure DIY dropshipping","VERBATIM_VOC","NULL","","NULL","NULL","merged_from: PB-06/Q-Y-0033"
"Q-Y-0046","PB-06/URL-10","MARKET_VOC","youtube_search","YouTube","3d55w3wDSII","","https://youtu.be/3d55w3wDSII","transcript","https://youtu.be/3d55w3wDSII","Owen's Bank Account","~2021","2026-09-24","","","","N","[R-SCRAPE]","RC-YTX","HV-PB-06","it didn't sell one product not one product","i'm gonna be telling you a story about basically my biggest drop shipping failed in every way possible i failed okay it didn't sell one product not one product","","","","5.2","PB-06","CP-03","CP-03","","","","","air-purifier pandemic product","","NULL","outcome_reported|pain|horror_story","TRIED-FAILED","AW-2","dropshipping/e-commerce category (not Readymerce)","former","framing device for the whole video","VERBATIM_VOC","NULL","","NULL","NULL","merged_from: PB-06/Q-Y-0034"
"Q-Y-0047","PB-06/URL-10","MARKET_VOC","youtube_search","YouTube","3d55w3wDSII","","https://youtu.be/3d55w3wDSII","transcript","https://youtu.be/3d55w3wDSII","Owen's Bank Account","~2021","2026-09-24","","","","N","[R-SCRAPE]","RC-YTX","HV-PB-06","pure loss of money of time of energy of honestly hope","i spent a bunch of money on everything and i didn't make a single dollar back just pure loss of money of time of energy of honestly hope and drop shipping","","","","9.1","PB-06","CP-03","CP-03","","","","","NULL","","NULL","pain|emotion:hopeless","TRIED-FAILED","AW-2","dropshipping/e-commerce category (not Readymerce)","former","summing up the total failure","VERBATIM_VOC","NULL","","NULL","NULL","merged_from: PB-06/Q-Y-0035"
"Q-Y-0048","PB-06/URL-10","MARKET_VOC","youtube_search","YouTube","3d55w3wDSII","","https://youtu.be/3d55w3wDSII","transcript","https://youtu.be/3d55w3wDSII","Owen's Bank Account","~2021","2026-09-24","","","","N","[R-SCRAPE]","RC-YTX","HV-PB-06","throwing cash off a cliff","just taking shovels and throwing cash off a cliff i was basically just buying new cars and then driving them to the next dealership and selling them","","","","0.5","PB-06","CP-03","CP-03","","","","","NULL","","NULL","spend|tradeoff","TRIED-FAILED","AW-2","dropshipping/e-commerce category (not Readymerce)","former","describing repeated unprofitable ad spend on new creatives","VERBATIM_VOC","NULL","","NULL","NULL","merged_from: PB-06/Q-Y-0036"
"Q-Y-0049","PB-06/URL-10","MARKET_VOC","youtube_search","YouTube","3d55w3wDSII","","https://youtu.be/3d55w3wDSII","transcript","https://youtu.be/3d55w3wDSII","Owen's Bank Account","~2021","2026-09-24","","","","N","[R-SCRAPE]","RC-YTX","HV-PB-06","i had to give up or else i would literally lose all my money","i think this store took about three weeks before i finally gave up and realized that i had to give up or else i would literally lose all my money","","","","7.6","PB-06","CP-03","CP-03","","","","","NULL","","NULL","almost_stopped|fear","STOPPED-SIDE-EFFECTS","AW-2","dropshipping/e-commerce category (not Readymerce)","former","the exact moment of quitting the store","VERBATIM_VOC","NULL","","NULL","NULL","merged_from: PB-06/Q-Y-0037"
"Q-Y-0050","PB-06/URL-10","MARKET_VOC","youtube_search","YouTube","3d55w3wDSII","","https://youtu.be/3d55w3wDSII","transcript","https://youtu.be/3d55w3wDSII","Owen's Bank Account","~2021","2026-09-24","","","","N","[R-SCRAPE]","RC-YTX","HV-PB-06","don't get too stuck up on failure","learn from my failure okay learn from my success learn from my failure but don't get too stuck up on failure make sure if you made these same mistakes","","","","2.3","PB-06","CP-03","CP-03","","","","","NULL","","NULL","belief|if_only","NULL","AW-2","dropshipping/e-commerce category (not Readymerce)","former","closing advice to viewers","VERBATIM_VOC","NULL","","NULL","NULL","merged_from: PB-06/Q-Y-0038"
"Q-F-0019","PB-06/URL-11","MARKET_VOC","forum","Warrior Forum","1458034-ive-spent-600on-fb-ads-still-no-sales.html","I've spent $600on FB ads and still no sales...","https://www.warriorforum.com/social-media/1458034-ive-spent-600on-fb-ads-still-no-sales.html","OP","https://www.warriorforum.com/social-media/1458034-ive-spent-600on-fb-ads-still-no-sales.html","BluesPlayer","2022-09-06","2026-09-24","","","","N","[R-PAGE via Exa]","RC-EXA","HV-PB-06","still no sales. i've got ~600 clicks","I'm running $50 ad sets. I'm targeting different interests. Still no sales. I've got ~600 clicks to the landing page in total. Please help, Thanks","","","","2.5","PB-06","CP-03","CP-03","","","","","NULL","","NULL","pain|spend|outcome_reported|question_asked","TRIED-FAILED","AW-2","dropshipping/e-commerce category (not Readymerce)","sufferer","asking the forum for help mid-campaign","VERBATIM_VOC","NULL","","NULL","NULL","merged_from: PB-06/Q-F-0001"
"Q-F-0020","PB-06/URL-11","MARKET_VOC","forum","Warrior Forum","1458034-ive-spent-600on-fb-ads-still-no-sales.html","I've spent $600on FB ads and still no sales...","https://www.warriorforum.com/social-media/1458034-ive-spent-600on-fb-ads-still-no-sales.html","comment","https://www.warriorforum.com/social-media/1458034-ive-spent-600on-fb-ads-still-no-sales.html","Kay King","2022-09-06","2026-09-24","","","","N","[R-PAGE via Exa]","RC-EXA","HV-PB-06","how much are you willing to spend to sell a mug?","Not sure what 'challenge' you are referring to. The question becomes how much are you willing to spend to sell a mug?","","","","2.6","PB-06","NULL","NULL","","","","","NULL","","NULL","skepticism|question_asked","NULL","NULL","dropshipping/e-commerce category (not Readymerce)","unknown","forum responder, not a PB-06 sufferer","CUSTOMER_EXPLANATION","NULL","","NULL","NULL","not a first-person sufferer; community-response record only; merged_from: PB-06/Q-F-0002"
"Q-F-0021","PB-06/URL-12","MARKET_VOC","forum","Warrior Forum","1431345-facebook-ads-no-order.html","Facebook Ads no Order","https://www.warriorforum.com/beginners-area/1431345-facebook-ads-no-order.html","OP","https://www.warriorforum.com/beginners-area/1431345-facebook-ads-no-order.html","rb10","2021-03-06","2026-09-24","","","","N","[R-PAGE via Exa]","RC-EXA","HV-PB-06","After 10 days of campaign, still no orders.","I am using facebook ads with the product catalog and pixels to promote it and try to sell the first products. After 10 days of campaign, still no orders. Traffic to the site arrives but nobody buys or even puts in the cart.","","","","4.0","PB-06","CP-03","CP-03|CP-05","","","","","NULL","","NULL","pain|outcome_reported|consequence|question_asked|hyper_responsive","TRIED-FAILED","AW-2","dropshipping/e-commerce category (not Readymerce)","sufferer","new e-commerce store, first campaign, asking forum for advice","VERBATIM_VOC","NULL","","NULL","NULL","AS-01-relevant: openly asking for outside help; merged_from: PB-06/Q-F-0003"
"Q-F-0022","PB-06/URL-13","MARKET_VOC","forum","Warrior Forum","1214546-massive-traffic-but-no-sales.html","Massive Traffic But No Sales?","https://www.warriorforum.com/ecommerce-sites-wholesaling-drop-shipping/1214546-massive-traffic-but-no-sales.html","OP","https://www.warriorforum.com/ecommerce-sites-wholesaling-drop-shipping/1214546-massive-traffic-but-no-sales.html","Gig Grand","2016-08-31","2026-09-24","","","","N","[R-PAGE via Exa]","RC-EXA","HV-PB-06","I am growing tired of looking at all the traffic and no sales","Traffic of 430K people visiting no sales? I am growing tired of looking at all the traffic and no sales this has proven to me there is interest but no sales","","","","5.8","PB-06","CP-03","CP-03","","","","","NULL","","NULL","pain|emotion:tired|tired_of_hearing","TRIED-FAILED","AW-2","dropshipping/e-commerce category (not Readymerce)","sufferer","long-running dropshipping site, high traffic, zero conversion","VERBATIM_VOC","NULL","","NULL","NULL","merged_from: PB-06/Q-F-0004"
"Q-F-0023","PB-06/URL-13","MARKET_VOC","forum","Warrior Forum","1214546-massive-traffic-but-no-sales.html","Massive Traffic But No Sales?","https://www.warriorforum.com/ecommerce-sites-wholesaling-drop-shipping/1214546-massive-traffic-but-no-sales.html","comment","https://www.warriorforum.com/ecommerce-sites-wholesaling-drop-shipping/1214546-massive-traffic-but-no-sales.html","Splatterfox","2016-08-31","2026-09-24","","","","N","[R-PAGE via Exa]","RC-EXA","HV-PB-06","it will be hard to convert a random social media visitor","Another thing might be missing trust. If you sell your products on your shop within a simple landing page, without having any kind of proof, trustbuilding, introduction, testimonials etc. it will be hard to convert a random social media visitor.","","","","6.9","PB-06","NULL","NULL","","","","","NULL","","NULL","belief|objection|hyper_responsive","NULL","NULL","dropshipping/e-commerce category (not Readymerce)","unknown","forum responder, not a PB-06 sufferer","CUSTOMER_EXPLANATION","NULL","","NULL","NULL","not a first-person sufferer; community-response record only; merged_from: PB-06/Q-F-0005"
"Q-F-0024","PB-06/URL-16","MARKET_VOC","forum","Shopify Community","580410","I've got 1,600 session and no sales and have done everything right","https://community.shopify.com/t/ive-got-1-600-session-and-no-sales-and-have-done-everything-right/580410","OP","https://community.shopify.com/t/ive-got-1-600-session-and-no-sales-and-have-done-everything-right/580410","cozyhomehaven","2025-12-20","2026-09-24","","","","N","[R-PAGE via Exa]","RC-EXA","HV-PB-06","no one had bought anything","I've installed everything I've need to for my website. From reviews, to discounts, to emails discount, clean product pages, SEO's, descriptions, easy checkouts, trust badges, and deals, and conversion email targeting, and social media targeting but no one had bought anything.","","","","5.2","PB-06","CP-03","CP-03|CP-05","","","","","NULL","","NULL","pain|outcome_reported|belief|hyper_responsive","TRIED-FAILED","AW-2","dropshipping/e-commerce category (not Readymerce)","sufferer","did every recommended fix themselves, still zero sales","VERBATIM_VOC","NULL","","NULL","NULL","AS-01-relevant: the exact DIY-exhaustion moment before wanting it done for them; merged_from: PB-06/Q-F-0006"
"Q-F-0025","PB-06/URL-16","MARKET_VOC","forum","Shopify Community","580410","I've got 1,600 session and no sales and have done everything right","https://community.shopify.com/t/ive-got-1-600-session-and-no-sales-and-have-done-everything-right/580410","comment","https://community.shopify.com/t/ive-got-1-600-session-and-no-sales-and-have-done-everything-right/580410","Maximus3","2025-12-20","2026-09-24","","","","N","[R-PAGE via Exa]","RC-EXA","HV-PB-06","I already exited","Maybe if you didn't have 3 giant popups upon entry, and then 2 widgets, it might be a more enjoyable experience. I haven't even looked at anything and I already exited.","","","","13.1","PB-06","NULL","NULL","","","","","NULL","","NULL","objection","NULL","NULL","dropshipping/e-commerce category (not Readymerce)","unknown","community critique, not a PB-06 sufferer","CUSTOMER_EXPLANATION","NULL","","NULL","NULL","not a first-person sufferer; community-response record only; merged_from: PB-06/Q-F-0007"
"Q-F-0026","PB-06/URL-17","MARKET_VOC","forum","Shopify Community","408286","No Sales – Should I Sell or Close My Store?","https://community.shopify.com/t/no-sales-should-i-sell-or-close-my-store/408286","OP","https://community.shopify.com/t/no-sales-should-i-sell-or-close-my-store/408286","Hunter6","2025-04-13","2026-09-24","","","","N","[R-PAGE via Exa]","RC-EXA","HV-PB-06","the affiliates haven't been active so far","I run a Shopify store with around 50 products in the fitness niche. I've created some Pinterest Pins for promotion and also recruited a few affiliates. Unfortunately, the affiliates haven't been active so far.","","","","9.1","PB-06","CP-03","CP-03","","","","","NULL","","NULL","failed_solution|pain","TRIED-FAILED","AW-2","dropshipping/e-commerce category (not Readymerce)","sufferer","fitness niche store, affiliate strategy underperforming","VERBATIM_VOC","NULL","","NULL","NULL","merged_from: PB-06/Q-F-0008"
"Q-F-0027","PB-06/URL-17","MARKET_VOC","forum","Shopify Community","408286","No Sales – Should I Sell or Close My Store?","https://community.shopify.com/t/no-sales-should-i-sell-or-close-my-store/408286","comment","https://community.shopify.com/t/no-sales-should-i-sell-or-close-my-store/408286","Hunter6","2025-04-14","2026-09-24","","","","N","[R-PAGE via Exa]","RC-EXA","HV-PB-06","Our store is currently temporarily closed","Our store is currently temporarily closed. We've already solved the issue on our end, but we're still waiting for Shopify to reactivate it.","","","","14.3","PB-06","CP-03","CP-03","","","","","NULL","","NULL","scene|outcome_reported","TRIED-FAILED","AW-2","dropshipping/e-commerce category (not Readymerce)","sufferer","follow-up: Shopify itself suspended the store mid-struggle","VERBATIM_VOC","NULL","","NULL","NULL","merged_from: PB-06/Q-F-0009"
"Q-Q-0001","PB-06/URL-20","MARKET_VOC","quora","Quora","Why-arent-I-driving-any-sales-on-my-onli","Why aren't I driving any sales on my online Shopify store?","https://www.quora.com/Why-arent-I-driving-any-sales-on-my-online-Shopify-store-Ive-gotten-32-5k-impressions-367-ad-clicks-and-253-conversions-on-my-store-in-the-past-month-but-not-a-single-sale-Why-is-this","question","https://www.quora.com/Why-arent-I-driving-any-sales-on-my-online-Shopify-store-Ive-gotten-32-5k-impressions-367-ad-clicks-and-253-conversions-on-my-store-in-the-past-month-but-not-a-single-sale-Why-is-this","UNKNOWN (Quora hides asker identity)","","2026-09-24","","","","N","[R-SNIPPET]","RC-EXA","HV-PB-06","not a single sale. Why is this?","I've gotten 32.5k impressions, 367 ad clicks, and 253 conversions on my store in the past month, but not a single sale. Why is this?","","","","0.9","PB-06","CP-03","CP-03","","","","","NULL","","NULL","pain|outcome_reported|question_asked","NULL","AW-2","dropshipping/e-commerce category (not Readymerce)","sufferer","anonymous Quora asker","VERBATIM_VOC","NULL","","NULL","NULL","author/date not exposed by page — tiers to R-SNIPPET, counts toward no floor per rule; merged_from: PB-06/Q-Q-0001"
"Q-Q-0002","PB-06/URL-20","MARKET_VOC","quora","Quora","Why-arent-I-driving-any-sales-on-my-onli","Why aren't I driving any sales on my online Shopify store?","https://www.quora.com/Why-arent-I-driving-any-sales-on-my-online-Shopify-store-Ive-gotten-32-5k-impressions-367-ad-clicks-and-253-conversions-on-my-store-in-the-past-month-but-not-a-single-sale-Why-is-this","answer","https://www.quora.com/Why-arent-I-driving-any-sales-on-my-online-Shopify-store-Ive-gotten-32-5k-impressions-367-ad-clicks-and-253-conversions-on-my-store-in-the-past-month-but-not-a-single-sale-Why-is-this","Russ Dai","","2026-09-24","","","","N","[R-PAGE via Exa]","RC-EXA","HV-PB-06","there seems to be fake reviews","Sorry, but there's nothing much out there. Not much products. Product pages are not fully optimized. Very thin content. No discription of the products at all. And, importantly there seems to be fake reviews.","","","","4.4","PB-06","NULL","NULL","","","","","NULL","","NULL","belief|skepticism","NULL","NULL","dropshipping/e-commerce category (not Readymerce)","unknown","community diagnostic responder","CUSTOMER_EXPLANATION","NULL","","NULL","NULL","not a first-person sufferer; community-response record; merged_from: PB-06/Q-Q-0002"
"Q-Q-0003","PB-06/URL-20","MARKET_VOC","quora","Quora","Why-arent-I-driving-any-sales-on-my-onli","Why aren't I driving any sales on my online Shopify store?","https://www.quora.com/Why-arent-I-driving-any-sales-on-my-online-Shopify-store-Ive-gotten-32-5k-impressions-367-ad-clicks-and-253-conversions-on-my-store-in-the-past-month-but-not-a-single-sale-Why-is-this","answer","https://www.quora.com/Why-arent-I-driving-any-sales-on-my-online-Shopify-store-Ive-gotten-32-5k-impressions-367-ad-clicks-and-253-conversions-on-my-store-in-the-past-month-but-not-a-single-sale-Why-is-this","William Stephenson Clark","","2026-09-24","","","","N","[R-PAGE via Exa]","RC-EXA","HV-PB-06","They don't sell anything that anyone wants.","They don't sell anything that anyone wants.","","","","5.7","PB-06","NULL","NULL","","","","","NULL","","NULL","belief|skepticism","NULL","NULL","dropshipping/e-commerce category (not Readymerce)","unknown","community diagnostic responder","CUSTOMER_EXPLANATION","NULL","","NULL","NULL","not a first-person sufferer; community-response record; merged_from: PB-06/Q-Q-0003"
"Q-B-0002","PB-06/URL-29","MARKET_VOC","blog_comments","revenueamplify.com","","Lost $1,000 Dropshipping - But I'm Not Giving Up","https://revenueamplify.com/lost-1000-dropshipping-but-im-not-giving-up/","OP","https://revenueamplify.com/lost-1000-dropshipping-but-im-not-giving-up/","Anonymous author","2024-02-01","2026-09-24","","","","N","[R-PAGE via Exa]","RC-EXA","HV-PB-06","I was devastated and frustrated","I was devastated and frustrated [about losing $1,000 on his first dropshipping store].","","","","10.0","PB-06","CP-03","CP-03","","","","","NULL","","NULL","pain|emotion:devastated|made_them_act","TRIED-FAILED","AW-2","dropshipping/e-commerce category (not Readymerce)","former","first-store loss, decided to retry","VERBATIM_VOC","NULL","","NULL","NULL","PARAPHRASE risk: bracketed context is the Exa agent's summary, not verbatim; only the quoted fragment is exact; merged_from: PB-06/Q-B-0001"
"Q-B-0003","PB-06/URL-31","MARKET_VOC","blog_comments","nicojannasch.com","","When You're a Broke Entrepreneur","https://nicojannasch.com/going-all-in-when-youre-broke/","OP","https://nicojannasch.com/going-all-in-when-youre-broke/","Nico Jannasch","2016-06-19","2026-09-24","","","","N","[R-PAGE via Exa]","RC-EXA","HV-PB-06","once again, virtually broke","Only two of nine products sold, leaving him 'once again, virtually broke.'","","","","12.5","PB-06","CP-03","CP-03","","","","","NULL","","NULL","pain|spend|outcome_reported","TRIED-FAILED","AW-2","dropshipping/e-commerce category (not Readymerce)","former","scraped together $1,000, only 2 of 9 products sold","VERBATIM_VOC","NULL","","NULL","NULL","PARAPHRASE risk: lead-in is the Exa agent's summary; only the quoted fragment is exact; merged_from: PB-06/Q-B-0002"
"Q-B-0004","PB-06/URL-32","MARKET_VOC","blog_comments","kblee007.blogspot.com","3-tips-for-succeeding-after-you-fail.htm","3 Tips For Succeeding After You Fail","http://kblee007.blogspot.com/2018/02/3-tips-for-succeeding-after-you-fail.html","OP","http://kblee007.blogspot.com/2018/02/3-tips-for-succeeding-after-you-fail.html","Unknown (page byline)","2018-02-21","2026-09-24","","","","N","[R-PAGE via Exa]","RC-EXA","HV-PB-06","I was afraid to ever try again, but eventually I did","They write: 'I was afraid to ever try again, but eventually I did – several times – and had success.'","","","","6.9","PB-06","CP-03","CP-03","","","","","NULL","","NULL","fear|if_only|made_them_act","TRIED-FAILED","AW-2","dropshipping/e-commerce category (not Readymerce)","former","spent $40k+ over 3 years before closing the store","VERBATIM_VOC","NULL","","NULL","NULL","PARAPHRASE risk: lead-in is the Exa agent's summary; only the quoted fragment is exact; merged_from: PB-06/Q-B-0003"
"Q-Y-0051","PB-06/URL-08","MARKET_VOC","youtube_search","YouTube","iRObd23cn_U","","https://youtu.be/iRObd23cn_U","transcript","https://youtu.be/iRObd23cn_U","Tushar Jain","~2026","2026-09-24","","","","N","[R-SCRAPE]","RC-YTX","HV-PB-06","मुझे ₹50,000 की पड़ी","अगर आप यह सोचते हो कि ड्रॉप शिपिंग से आप घर पे बैठ के लाखों रुपए कमा लोगे तो ये सोच आपको बहुत महंगी पड़ने वाली है। मुझे ₹50,000 की पड़ी आपको और ज्यादा महंगी पड़ सकती है।","","","[translated] It cost me ₹50,000 — and it could cost you even more.","NULL","PB-06","CP-03","CP-03","","","","","NULL","","NULL","pain|spend|hyper_responsive","TRIED-FAILED","AW-3","dropshipping/e-commerce category (not Readymerce)","former","opening line of a Hindi-language dropshipping-loss confessional video","VERBATIM_VOC","NULL","","NULL","NULL","merged_from: PB-06/Q-Y-0041"
"Q-Y-0052","PB-06/URL-08","MARKET_VOC","youtube_search","YouTube","iRObd23cn_U","","https://youtu.be/iRObd23cn_U","transcript","https://youtu.be/iRObd23cn_U","Tushar Jain","~2026","2026-09-24","","","","N","[R-SCRAPE]","RC-YTX","HV-PB-06","यह एक स्कैम ही है","और आज भी मैं यही चीज आपको कहूंगा कि भाई यह जिस तरीके से आपको YouTube पर बेचा जा रहा है, यह एक स्कैम ही है। यह एक नो इन्वेस्टमेंट बिज़नेस नहीं है।","","","[translated] The way this is being sold to you on YouTube, it really is a scam. It is not a no-investment business.","NULL","PB-06","CP-03","CP-03","","","","","NULL","","NULL","skepticism|belief|enemy_blame","TRIED-FAILED","AW-3","dropshipping/e-commerce category (not Readymerce)","former","closing verdict after his own failed attempt","VERBATIM_VOC","NULL","","NULL","NULL","AW-3-target: dropshipping course sellers/gurus; merged_from: PB-06/Q-Y-0042"
"Q-Y-0053","PB-05/URL-01","MARKET_VOC","youtube_search","Business By Nancy channel","xEvaenj4JH8","I FINALLY chose my business idea | 90-days business challenge","https://www.youtube.com/watch?v=xEvaenj4JH8","transcript","https://www.youtube.com/watch?v=xEvaenj4JH8","Business By Nancy","2026-07 (approx, 'posted 2 months ago')","2026-09-24","8912 views","","","N","[R-SCRAPE]","RC-YTX","VOC-PB-05","After weeks of overthinking, I finally committed","Last time was all about making one important decision, choosing the business idea. After weeks of overthinking, I finally committed to selling Canva templates on Etsy. Honestly, just making that decision felt like a huge weight off my shoulders","Hi, I'm Nancy and this is day two of building an online business in just 90 days.","Hi, I'm Nancy and this is day two of building an online business in just 90 days. Last time was all about making one important decision, choosing the business idea.","","6","PB-05","CP-05","CP-05","","","","just decided, not yet built product","NULL","chose niche/product category, has not made a sale","NULL","pain|trigger|made_them_act|emotion:relief","NULL","AW-3","product-selection method (own decision), not our brand","seeker","solo aspiring Etsy seller, day 2 of 90-day challenge","VERBATIM_VOC","NULL","","NULL","NULL","Clean first-person PB-05 match: decision paralysis resolved; merged_from: PB-05/Q-Y-0001"
"Q-Y-0054","PB-05/URL-01","MARKET_VOC","youtube_search","Business By Nancy channel","xEvaenj4JH8","I FINALLY chose my business idea | 90-days business challenge","https://www.youtube.com/watch?v=xEvaenj4JH8","transcript","https://www.youtube.com/watch?v=xEvaenj4JH8","Business By Nancy","2026-07 (approx, 'posted 2 months ago')","2026-09-24","8912 views","","","N","[R-SCRAPE]","RC-YTX","VOC-PB-05","why would someone buy from a new shop","My first thought was why would someone buy from a new shop when there are already established sellers with thousands of reviews","","","","7","PB-05","CP-05","CP-05","","","","","NULL","","NULL","skepticism|objection|fear","NULL","AW-3","product-selection method (own decision), not our brand","seeker","solo aspiring Etsy seller, day 2 of 90-day challenge","VERBATIM_VOC","NULL","","NULL","NULL","Competitive-saturation fear, classic new-seller objection; merged_from: PB-05/Q-Y-0002"
"Q-Y-0055","PB-05/URL-01","MARKET_VOC","youtube_search","Business By Nancy channel","xEvaenj4JH8","I FINALLY chose my business idea | 90-days business challenge","https://www.youtube.com/watch?v=xEvaenj4JH8","transcript","https://www.youtube.com/watch?v=xEvaenj4JH8","Business By Nancy","2026-07 (approx, 'posted 2 months ago')","2026-09-24","8912 views","","","N","[R-SCRAPE]","RC-YTX","VOC-PB-05","competition on Etsy is huge, that was intimidating","Competition on Etsy is huge and at first that was honestly a little intimidating","","","","7","PB-05","CP-05","CP-05","","","","","NULL","","NULL","fear|skepticism|pain","NULL","AW-3","product-selection method (own decision), not our brand","seeker","solo aspiring Etsy seller, day 2 of 90-day challenge","VERBATIM_VOC","NULL","","NULL","NULL","merged_from: PB-05/Q-Y-0003"
"Q-Y-0056","PB-05/URL-01","MARKET_VOC","youtube_search","Business By Nancy channel","xEvaenj4JH8","I FINALLY chose my business idea | 90-days business challenge","https://www.youtube.com/watch?v=xEvaenj4JH8","transcript","https://www.youtube.com/watch?v=xEvaenj4JH8","Business By Nancy","2026-07 (approx, 'posted 2 months ago')","2026-09-24","8912 views","","","N","[R-SCRAPE]","RC-YTX","VOC-PB-05","I don't need to invent something completely new","The biggest lesson from today is that I don't need to invent something completely new to succeed. I just need to create something that's generally useful and present it better","","","","7","PB-05","CP-05","CP-05","","","","","NULL","","NULL","belief|deeper_hope","NULL","AW-3","product-selection method (own decision), not our brand","seeker","solo aspiring Etsy seller, day 2 of 90-day challenge","VERBATIM_VOC","NULL","","NULL","NULL","merged_from: PB-05/Q-Y-0004"
"Q-Y-0057","PB-05/URL-01","MARKET_VOC","youtube_search","Business By Nancy channel","xEvaenj4JH8","I FINALLY chose my business idea | 90-days business challenge","https://www.youtube.com/watch?v=xEvaenj4JH8","transcript","https://www.youtube.com/watch?v=xEvaenj4JH8","Business By Nancy","2026-07 (approx, 'posted 2 months ago')","2026-09-24","8912 views","","","N","[R-SCRAPE]","RC-YTX","VOC-PB-05","I'm not going to let perfection slow me down","I made myself one promise during this challenge. I'm not going to let perfection slow me down. It's easy to spend weeks planning the perfect product, but that doesn't bring in sales","","","","6","PB-05","CP-05","CP-05","","","","","NULL","","NULL","belief|almost_stopped","NULL","AW-3","product-selection method (own decision), not our brand","seeker","solo aspiring Etsy seller, day 2 of 90-day challenge","VERBATIM_VOC","NULL","","NULL","NULL","merged_from: PB-05/Q-Y-0005"
"Q-Y-0058","PB-05/URL-01","MARKET_VOC","youtube_search","Business By Nancy channel","xEvaenj4JH8","I FINALLY chose my business idea | 90-days business challenge","https://www.youtube.com/watch?v=xEvaenj4JH8","transcript","https://www.youtube.com/watch?v=xEvaenj4JH8","Business By Nancy","2026-07 (approx, 'posted 2 months ago')","2026-09-24","8912 views","","","N","[R-SCRAPE]","RC-YTX","VOC-PB-05","I haven't made any sales yet","So that wraps up day two. I haven't made any sales yet. I haven't even created my first product. But I feel like I have built a much stronger foundation than I had yesterday","","","","5","PB-05","CP-05","CP-05","","","","pre-launch","NULL","","NULL","outcome_reported","CONSIDERING","AW-3","product-selection method (own decision), not our brand","seeker","solo aspiring Etsy seller, day 2 of 90-day challenge","VERBATIM_VOC","NULL","","NULL","NULL","merged_from: PB-05/Q-Y-0006"
"Q-Y-0059","PB-05/URL-01","MARKET_VOC","youtube_search","Business By Nancy channel","xEvaenj4JH8","I FINALLY chose my business idea | 90-days business challenge","https://www.youtube.com/watch?v=xEvaenj4JH8","transcript","https://www.youtube.com/watch?v=xEvaenj4JH8","Business By Nancy","2026-07 (approx, 'posted 2 months ago')","2026-09-24","8912 views","","","N","[R-SCRAPE]","RC-YTX","VOC-PB-05","constantly jumping from one idea to another","Just making that decision felt like a huge weight off my shoulders because now I have a clearer direction instead of constantly jumping from one idea to another","","","","6","PB-05","CP-05","CP-05","","","","","NULL","","NULL","emotion:overwhelm|pain|symptom","NULL","AW-3","product-selection method (own decision), not our brand","seeker","solo aspiring Etsy seller, day 2 of 90-day challenge","VERBATIM_VOC","NULL","","NULL","NULL","merged_from: PB-05/Q-Y-0007"
"Q-Y-0060","PB-05/URL-02","MARKET_VOC","youtube_search","Manish kumar channel","xlV60PEwg5c","Why I Wasted My 9 Months in the Starting Days of Dropshipping| Real talk","https://www.youtube.com/watch?v=xlV60PEwg5c","transcript","https://www.youtube.com/watch?v=xlV60PEwg5c","Manish kumar","~2023 (approx, 'posted 3 years ago')","2026-09-24","942 views","","","N","[R-SCRAPE]","RC-YTX","VOC-PB-05","आठ से नो मां इस बिजनेस में मैंने अपना टाइम ही खराब किया है","कम से कम मैंने आठ से नो मां इस बिजनेस में मैंने अपना टाइम ही खराब किया है मतलब ऐसा नहीं कहता की ए कॉमर्स में","","","[translated] At minimum I wasted 8 to 9 months of my time in this business — not saying ecommerce itself is bad","n/a (Hindi, ASR transcript)","PB-05","CP-05","CP-05","","","","researching without applying","product/marketing research videos (self-taught)","","NULL","spend|pain|outcome_reported","TRIED-FAILED","AW-3","own product/marketing research process","veteran","solo dropshipper in India, ex-Canada, reflecting on year 1","VERBATIM_VOC","NULL","","NULL","NULL","[translated] Original Hindi kept in exact_quote/exact_passage; translation is the harvester's own faithful rendering, not a certified translation service; merged_from: PB-05/Q-Y-0008"
"Q-Y-0061","PB-05/URL-02","MARKET_VOC","youtube_search","Manish kumar channel","xlV60PEwg5c","Why I Wasted My 9 Months in the Starting Days of Dropshipping| Real talk","https://www.youtube.com/watch?v=xlV60PEwg5c","transcript","https://www.youtube.com/watch?v=xlV60PEwg5c","Manish kumar","~2023 (approx, 'posted 3 years ago')","2026-09-24","942 views","","","N","[R-SCRAPE]","RC-YTX","VOC-PB-05","हम इनफॉरमेशन के बकरी रहते हैं","क्योंकि हम इनफॉरमेशन के बकरी रहते हैं क्योंकि हमें वहां पद जाता है की इसका भाई की जो इनफॉरमेशन ये बांदा दे रहा है ना ये","","","[translated] Idiom: 'we stay the sacrificial goats of information' — i.e. we keep consuming info without ever applying it","n/a (Hindi, ASR transcript)","PB-05","CP-05","CP-05","","","","","NULL","","NULL","belief|skepticism|consequence","NULL","AW-3","own product/marketing research process","veteran","solo dropshipper in India, ex-Canada, reflecting on year 1","VERBATIM_VOC","NULL","","NULL","NULL","[translated] Self-critical idiom about information-consumption paralysis, directly analogous to PB-05 product-research paralysis; merged_from: PB-05/Q-Y-0009"
"Q-Y-0062","PB-05/URL-02","MARKET_VOC","youtube_search","Manish kumar channel","xlV60PEwg5c","Why I Wasted My 9 Months in the Starting Days of Dropshipping| Real talk","https://www.youtube.com/watch?v=xlV60PEwg5c","transcript","https://www.youtube.com/watch?v=xlV60PEwg5c","Manish kumar","~2023 (approx, 'posted 3 years ago')","2026-09-24","942 views","","","N","[R-SCRAPE]","RC-YTX","VOC-PB-05","तीन मठ के अंदर कुछ ना कुछ तो करना ही है","फिर मैंने साथ में उसके बाद भाई ये डिसीजन लिया की अभी मेरे को ये तीन मठ के अंदर कुछ ना कुछ तो करना ही है","","","[translated] I made the decision that I had to do something, anything, within the next three months","n/a (Hindi, ASR transcript)","PB-05","CP-05","CP-05","","","","","NULL","","NULL","trigger|made_them_act","TRIED-HELPED","AW-3","own product/marketing research process","veteran","solo dropshipper in India, ex-Canada, reflecting on year 1","VERBATIM_VOC","NULL","","NULL","NULL","[translated] Deadline self-imposed after months of unproductive research; matches PH-08 finally-stopped family; merged_from: PB-05/Q-Y-0010"
"Q-Y-0063","PB-05/URL-03","MARKET_VOC","youtube_search","Dave Obiefuna channel","bKdLdxlLmPA","I Finally Found My First Winning Organic DROPSHIPPING Product!","https://www.youtube.com/watch?v=bKdLdxlLmPA","transcript","https://www.youtube.com/watch?v=bKdLdxlLmPA","Dave Obiefuna","~2023 (approx, 'posted 3 years ago')","2026-09-24","21953 views","","","N","[R-SCRAPE]","RC-YTX","VOC-PB-05","I didn't find good suppliers, that was the main problem","I saw that it made 10K only in this month so it was very exciting for it but I didn't find good suppliers that was the main problem at that time — even AliExpress only had two sellers selling this product","","","","6","PB-05","NULL","NULL","","","","","TikTok organic product scouting, AliExpress supplier search","eventually found a private sourcing agent","NULL","pain|failed_solution","TRIED-FAILED","AW-3","product research method","recent_buyer","solo dropshipper, first winning product just found","VERBATIM_VOC","NULL","","NULL","NULL","merged_from: PB-05/Q-Y-0011"
"Q-Y-0064","PB-05/URL-03","MARKET_VOC","youtube_search","Dave Obiefuna channel","bKdLdxlLmPA","I Finally Found My First Winning Organic DROPSHIPPING Product!","https://www.youtube.com/watch?v=bKdLdxlLmPA","transcript","https://www.youtube.com/watch?v=bKdLdxlLmPA","Dave Obiefuna","~2023 (approx, 'posted 3 years ago')","2026-09-24","21953 views","","","N","[R-SCRAPE]","RC-YTX","VOC-PB-05","it takes years to find a winning product","For some people it takes months, for some people it takes days, for some people it takes years to find a winning product, but you just have to stick with it and never give up","","","","6","PB-05","NULL","NULL","","","","","NULL","","NULL","pain|trigger|deeper_hope|made_them_act","TRIED-HELPED","AW-3","product research method","recent_buyer","solo dropshipper, first winning product just found","VERBATIM_VOC","NULL","","NULL","NULL","merged_from: PB-05/Q-Y-0012"
"Q-Y-0065","PB-05/URL-04","MARKET_VOC","youtube_search","Ry (RyPirie) channel","-1Q60dZcuHc","i finally found a winning dropshipping product (Exact Strategy Revealed)","https://www.youtube.com/watch?v=-1Q60dZcuHc","transcript","https://www.youtube.com/watch?v=-1Q60dZcuHc","Ry","~2025 (approx, 'posted 1 year ago')","2026-09-24","698 views","","","N","[R-SCRAPE]","RC-YTX","VOC-PB-05","hard at the beginning to put your emotions aside","Only real way to confirm a winning product is through data. It is really hard at the beginning to put your emotions aside — you think a product's going to do really well, chances are it's going to go to the ground","","","","7","PB-05","NULL","NULL","","","","","NULL","","NULL","pain|belief|hyper_responsive","NULL","AW-4","own product-picking criteria/tools","veteran","scaling dropshipper, ~$20k revenue store","CUSTOMER_EXPLANATION","NULL","","NULL","NULL","merged_from: PB-05/Q-Y-0013"
"Q-Y-0066","PB-05/URL-04","MARKET_VOC","youtube_search","Ry (RyPirie) channel","-1Q60dZcuHc","i finally found a winning dropshipping product (Exact Strategy Revealed)","https://www.youtube.com/watch?v=-1Q60dZcuHc","transcript","https://www.youtube.com/watch?v=-1Q60dZcuHc","Ry","~2025 (approx, 'posted 1 year ago')","2026-09-24","698 views","","","N","[R-SCRAPE]","RC-YTX","VOC-PB-05","chances are it's going to go to the ground","You think this product's going to do really well, chances are it's going to go to the ground","","","","6","PB-05","NULL","NULL","","","","","NULL","","NULL","skepticism|belief|fear","NULL","AW-4","own product-picking criteria/tools","veteran","scaling dropshipper, ~$20k revenue store","CUSTOMER_EXPLANATION","NULL","","NULL","NULL","merged_from: PB-05/Q-Y-0014"
"Q-F-0028","PB-05/URL-09","MARKET_VOC","forum","Warrior Forum — Ecommerce Sites, Wholesaling & Drop Shipping","1320451","winning product ?? dropshipping","https://www.warriorforum.com/ecommerce-sites-wholesaling-drop-shipping/1320451-winning-product-dropshipping.html","OP","https://www.warriorforum.com/ecommerce-sites-wholesaling-drop-shipping/1320451-winning-product-dropshipping.html","alex19890","2017-12-16","2026-09-24","1 reply","","","N","[R-PAGE via Exa]","RC-EXA","VOC-PB-05","how can i find a good product or winning product?","hello my friends, i am Alex 1-i am beginner on drop-shipping and i will know how can i find a good product or winning product? 2-what tools can help me??? best regards","hello my friends, i am Alex","hello my friends, i am Alex 1-i am beginner on drop-shipping and i will know how can i find a good product or winning product?","","4","PB-05","CP-05","CP-05","","","","pre-launch, beginner","NULL","","NULL","pain|question_asked","NULL","AW-2","does not know what tools/methods exist yet","seeker","self-identified beginner dropshipper","VERBATIM_VOC","NULL","","NULL","NULL","Direct, uncomplicated PB-05 statement from a named forum handle; merged_from: PB-05/Q-F-0001"
"Q-F-0029","PB-05/URL-11","MARKET_VOC","forum","Warrior Forum — Offline Marketing","655739","Alibaba.com and dropshipping","https://www.warriorforum.com/offline-marketing/655739-alibaba-com-dropshipping.html","OP","https://www.warriorforum.com/offline-marketing/655739-alibaba-com-dropshipping.html","neeralt","~2012 (14 years ago)","2026-09-24","15 replies","","","N","[R-PAGE via Exa]","RC-EXA","VOC-PB-05","What product do you suggest, the low priced one","I heard that Alibaba.com is a good source of business... What product do you suggest, the low priced one or the high priced one? ...is there any cons in dropshipping?","","","","7","PB-05","NULL","NULL","","","","","NULL","","NULL","pain|question_asked|objection","CONSIDERING","AW-2","NULL","seeker","new to Alibaba sourcing","VERBATIM_VOC","NULL","","NULL","NULL","merged_from: PB-05/Q-F-0002"
"Q-F-0030","PB-05/URL-12","MARKET_VOC","forum","Warrior Forum — Ecommerce Sites, Wholesaling & Drop Shipping","746185","Please some help with Dropshipping.....","https://www.warriorforum.com/ecommerce-sites-wholesaling-drop-shipping/746185-please-some-help-dropshipping.html","OP","https://www.warriorforum.com/ecommerce-sites-wholesaling-drop-shipping/746185-please-some-help-dropshipping.html","clik2000","~2013 (14 years ago)","2026-09-24","8 replies","","","N","[R-PAGE via Exa]","RC-EXA","VOC-PB-05","looking for a drop shipping company with focus on baby clothing","Hi I am looking for a drop shipping company with focus on baby clothing, accessories, etc.. Can anyone recommend a supplier please that can drop ship to Canada or/and International?","","","","6","PB-05","NULL","NULL","","","","","NULL","","NULL","pain|solution_mentioned","CONSIDERING","AW-2","NULL","seeker","","VERBATIM_VOC","NULL","","NULL","NULL","merged_from: PB-05/Q-F-0003"
"Q-F-0031","PB-05/URL-10","MARKET_VOC","forum","Indie Hackers","our-solution-for-finding-winning-products-8173495584","Our solution for finding winning products","https://www.indiehackers.com/post/our-solution-for-finding-winning-products-8173495584","OP","https://www.indiehackers.com/post/our-solution-for-finding-winning-products-8173495584","Ilia Boltianov","2021-09-02","2026-09-24","1 comment / 1 upvote","","","N","[R-PAGE via Exa]","RC-EXA","VOC-PB-05","problem of finding winning products is an eyesore","I'm sure that the problem of finding winning products is an eyesore at this point, considering how many people start an e-commerce store nowadays","","","","8","PB-05","CP-05","CP-05","","","","","NULL","","NULL","belief|pain","NULL","AW-4","NULL","veteran","founder pitching own product-research tool","CUSTOMER_EXPLANATION","NULL","","NULL","NULL","Vendor-adjacent framing (author markets a solution to this exact problem) — kept, flagged, not treated as pure sufferer voice; merged_from: PB-05/Q-F-0004"
"Q-F-0032","PB-05/URL-13","MARKET_VOC","forum","Indie Hackers","no-ideas-for-backend-products-268e3559b8","No ideas for backend products","https://www.indiehackers.com/post/no-ideas-for-backend-products-268e3559b8","OP","https://www.indiehackers.com/post/no-ideas-for-backend-products-268e3559b8","codefella","2021-08-01","2026-09-24","","","","N","[R-PAGE via Exa]","RC-EXA","VOC-PB-05","can't think of a single backend problem to solve","I have always been a backend developer... Can't think of a single backend problem to solve that is simple enough to do by myself or hasn't already been solved. Even if I find something I don't see how to turn it into a product to sell","","","","9","PB-05","NULL","NULL","","","","","NULL","","NULL","pain|hyper_responsive","NULL","AW-2","NULL","seeker","","VERBATIM_VOC","NULL","","NULL","NULL","Digital/SaaS product-ideation struggle, not physical dropshipping — population match imperfect, kept per rule (thin evidence changes label, never existence); merged_from: PB-05/Q-F-0005"
"Q-F-0033","PB-05/URL-11","MARKET_VOC","forum","Warrior Forum — Offline Marketing","655739","Alibaba.com and dropshipping","https://www.warriorforum.com/offline-marketing/655739-alibaba-com-dropshipping.html","comment","https://www.warriorforum.com/offline-marketing/655739-alibaba-com-dropshipping.html","ewenmack","~2012 (14 years ago)","2026-09-24","15 replies","","","N","[R-PAGE via Exa]","RC-EXA","VOC-PB-05","you must do a lot of research yourself","Alibaba.com is a directory of manufacturers and wholesalers. They don't sell products or drop ship... It's for you to decide on a product which you can market well. They won't help you there, therefore you must do a lot of research yourself","","","","8","PB-05","NULL","NULL","","","","","NULL","","NULL","belief|objection|hyper_responsive","NULL","AW-4","NULL","veteran","","CUSTOMER_EXPLANATION","NULL","","NULL","NULL","merged_from: PB-05/Q-F-0006"
"Q-F-0034","PB-05/URL-11","MARKET_VOC","forum","Warrior Forum — Offline Marketing","655739","Alibaba.com and dropshipping","https://www.warriorforum.com/offline-marketing/655739-alibaba-com-dropshipping.html","comment","https://www.warriorforum.com/offline-marketing/655739-alibaba-com-dropshipping.html","","~2013 (13 years ago)","2026-09-24","15 replies","","","N","[R-SNIPPET]","RC-EXA","VOC-PB-05","got sick of misdeliveries and errors in pricing","I had a supplier in alibaba dropshipping chin up bars for me for a couple of months until I got sick of misdeliveries and errors in pricing etc, in the end the admin was far too much for a side business","","","","7","PB-05","NULL","NULL","","","","","NULL","","NULL","failed_solution|outcome_reported","TRIED-HELPED-THEN-RETURNED","NULL","NULL","former","","VERBATIM_VOC","NULL","","NULL","NULL","Author handle not exposed by the retrieved page — unique_author_id left blank, tier downgraded to [R-SNIPPET] per rule (missing unique_author_id), counts toward no floor; merged_from: PB-05/Q-F-0007"
"Q-F-0035","PB-05/URL-12","MARKET_VOC","forum","Warrior Forum — Ecommerce Sites, Wholesaling & Drop Shipping","746185","Please some help with Dropshipping.....","https://www.warriorforum.com/ecommerce-sites-wholesaling-drop-shipping/746185-please-some-help-dropshipping.html","comment","https://www.warriorforum.com/ecommerce-sites-wholesaling-drop-shipping/746185-please-some-help-dropshipping.html","Julia Russo","~2013 (14 years ago)","2026-09-24","8 replies","","","N","[R-PAGE via Exa]","RC-EXA","VOC-PB-05","find a product you have a passion for","Starting out, find a product you have a passion for -- it is easier to sell since you have that interest. See who drop ships that type of product and try your hand at it without investing in a shelf full of inventory","","","","6","PB-05","NULL","NULL","","","","","NULL","","NULL","belief|hyper_responsive","NULL","AW-4","NULL","veteran","","CUSTOMER_EXPLANATION","NULL","","NULL","NULL","merged_from: PB-05/Q-F-0008"
"Q-F-0036","PB-05/URL-12","MARKET_VOC","forum","Warrior Forum — Ecommerce Sites, Wholesaling & Drop Shipping","746185","Please some help with Dropshipping.....","https://www.warriorforum.com/ecommerce-sites-wholesaling-drop-shipping/746185-please-some-help-dropshipping.html","comment","https://www.warriorforum.com/ecommerce-sites-wholesaling-drop-shipping/746185-please-some-help-dropshipping.html","Allen","~2013 (14 years ago)","2026-09-24","8 replies","","","N","[R-PAGE via Exa]","RC-EXA","VOC-PB-05","NUMBERS AND DATA MAKE ALL DECISIONS","Make sure you're researching a market worth and negotiating a cost to acquire based on that market worth! Otherwise, your items will sit without selling... NUMBERS AND DATA MAKE ALL DECISIONS!","","","","7","PB-05","NULL","NULL","","","","","NULL","","NULL","belief","NULL","AW-4","NULL","veteran","","CUSTOMER_EXPLANATION","NULL","","NULL","NULL","merged_from: PB-05/Q-F-0009"
"Q-F-0037","PB-05/URL-11","MARKET_VOC","forum","Warrior Forum — Offline Marketing","655739","Alibaba.com and dropshipping","https://www.warriorforum.com/offline-marketing/655739-alibaba-com-dropshipping.html","comment","https://www.warriorforum.com/offline-marketing/655739-alibaba-com-dropshipping.html","patriciaC","~2012 (14 years ago)","2026-09-24","15 replies","","","N","[R-PAGE via Exa]","RC-EXA","VOC-PB-05","not all sellers on there drop ship","Not all sellers on there drop ship. So you might want to make sure whoever you buy your items from do if that's what you prefer","","","","6","PB-05","NULL","NULL","","","","","NULL","","NULL","belief","NULL","AW-4","NULL","veteran","","CUSTOMER_EXPLANATION","NULL","","NULL","NULL","merged_from: PB-05/Q-F-0010"
"Q-F-0038","PB-05/URL-11","MARKET_VOC","forum","Warrior Forum — Offline Marketing","655739","Alibaba.com and dropshipping","https://www.warriorforum.com/offline-marketing/655739-alibaba-com-dropshipping.html","comment","https://www.warriorforum.com/offline-marketing/655739-alibaba-com-dropshipping.html","khengo","~2013 (13 years ago)","2026-09-24","15 replies","","","N","[R-PAGE via Exa]","RC-EXA","VOC-PB-05","if you are interested in finding dropshippers, pm me","Im pretty sure Alibaba.com manufacturers do not drop ship, but like others have said, it doesnt hurt to ask... if you are or anyone is interested in finding dropshippers pm me ur contact details and I can hook you up","","","","7","PB-05","NULL","NULL","","","","","NULL","","NULL","solution_mentioned","NULL","AW-4","NULL","veteran","","CUSTOMER_EXPLANATION","NULL","","NULL","NULL","merged_from: PB-05/Q-F-0011"
"Q-Q-0004","PB-05/URL-14","MARKET_VOC","quora","Quora — E-Commerce","What-product-will-you-suggest-I-sell","What product will you suggest I sell?","https://www.quora.com/What-product-will-you-suggest-I-sell-I-am-a-25-year-old-lady-and-I-need-help-with-product-ideas-to-sell-even-if-its-in-the-market-It-s-a-fast-moving-product-My-capital-is-500-cedis","OP","https://www.quora.com/What-product-will-you-suggest-I-sell-I-am-a-25-year-old-lady-and-I-need-help-with-product-ideas-to-sell-even-if-its-in-the-market-It-s-a-fast-moving-product-My-capital-is-500-cedis","","not shown on retrieved page","2026-09-24","","","","N","[R-SNIPPET]","RC-EXA","VOC-PB-05","I need help with product ideas to sell","What product will you suggest I sell? I am a 25-year-old lady and I need help with product ideas to sell even if its in the market. It's a fast moving product. My capital is 500 cedis","","","","5","PB-05","CP-05","CP-05","","","","","NULL","","NULL","pain|question_asked","NULL","AW-2","NULL","seeker","","VERBATIM_VOC","NULL","","NULL","NULL","Author handle not exposed by the retrieved page — unique_author_id blank, tier [R-SNIPPET], counts toward no floor; merged_from: PB-05/Q-Q-0001"
"Q-Q-0005","PB-05/URL-14","MARKET_VOC","quora","Quora — E-Commerce","What-product-will-you-suggest-I-sell","What product will you suggest I sell?","https://www.quora.com/What-product-will-you-suggest-I-sell-I-am-a-25-year-old-lady-and-I-need-help-with-product-ideas-to-sell-even-if-its-in-the-market-It-s-a-fast-moving-product-My-capital-is-500-cedis","OP","https://www.quora.com/What-product-will-you-suggest-I-sell-I-am-a-25-year-old-lady-and-I-need-help-with-product-ideas-to-sell-even-if-its-in-the-market-It-s-a-fast-moving-product-My-capital-is-500-cedis","","not shown on retrieved page","2026-09-24","","","","N","[R-SNIPPET]","RC-EXA","VOC-PB-05","My capital is 500 cedis","It's a fast moving product. My capital is 500 cedis","","","","4","PB-05","CP-05","CP-05","","","","","NULL","","NULL","spend|tradeoff","NULL","NULL","NULL","seeker","","VERBATIM_VOC","NULL","","NULL","NULL","Author handle not exposed — unique_author_id blank, tier [R-SNIPPET]; merged_from: PB-05/Q-Q-0002"
"Q-F-0039","PB-05/URL-20","MARKET_VOC","forum","Shopify Community","189935","How do i know the right product to sell","https://community.shopify.com/t/how-do-i-know-the-right-product-to-sell/189935","OP","https://community.shopify.com/t/how-do-i-know-the-right-product-to-sell/189935","Deborah212399","2023-02-07","2026-09-24","2 replies","","","N","[R-PAGE via Exa]","RC-EXA","VOC-PB-05","pls can someone direct me on the right product to sell","Hello every one. I'm new here, pls can someone direct me on the right product to sell and how to go about it. Thank you.","Hello every one","Hello every one. I'm new here, pls can someone direct me on the right product to sell and how to go about it.","","4","PB-05","CP-05","CP-05","","","","pre-launch, just registered","NULL","","NULL","pain|question_asked","NULL","AW-2","NULL","seeker","brand-new Shopify signup","VERBATIM_VOC","NULL","","NULL","NULL","Direct, unprompted PB-05 statement on a reachable (non-blocked) platform; merged_from: PB-05/Q-F-0012"
"Q-F-0040","PB-05/URL-21","MARKET_VOC","forum","Shopify Community","118819","What should I start selling as a new online retailer?","https://community.shopify.com/t/what-should-i-start-selling-as-a-new-online-retailer/118819","OP","https://community.shopify.com/t/what-should-i-start-selling-as-a-new-online-retailer/118819","UserID1158907","2022-05-04","2026-09-24","3 replies","","","N","[R-PAGE via Exa]","RC-EXA","VOC-PB-05","I don't know where to start or what I should sell","Hello friends. Im new to Shopify, I just registered yesterday. I live in Chile and I don't know where to start or what I should sell online, I would like to ask your experience please of what I should start selling with and how?","Hello friends","Hello friends. Im new to Shopify, I just registered yesterday. I live in Chile and I don't know where to start or what I should sell online","","5","PB-05","CP-05","CP-05","","","","pre-launch, just registered","NULL","","NULL","pain|question_asked|hyper_responsive","NULL","AW-2","NULL","seeker","new Shopify signup, Chile","VERBATIM_VOC","NULL","","NULL","NULL","merged_from: PB-05/Q-F-0013"
"Q-F-0041","PB-05/URL-22","MARKET_VOC","forum","Shopify Community","206448","How do I choose my first product to sell online?","https://community.shopify.com/t/how-do-i-choose-my-first-product-to-sell-online/206448","OP","https://community.shopify.com/t/how-do-i-choose-my-first-product-to-sell-online/206448","Marshmallow02","2023-04-07","2026-09-24","1 reply","","","N","[R-PAGE via Exa]","RC-EXA","VOC-PB-05","Do I just choose what I want to sell","I'm new here and honestly trying to figure how to start. I'm at the point where it's asking me my first product. Do I just choose what I want to sell from a website or is there another process I gotta go through?","I'm new here and honestly trying to figure how to start.","I'm new here and honestly trying to figure how to start. I'm at the point where it's asking me my first product.","","5","PB-05","CP-05","CP-05","","","","pre-launch, mid-signup","NULL","","NULL","pain|question_asked|symptom|hyper_responsive","NULL","AW-2","NULL","seeker","mid-Shopify-signup, at the product step","VERBATIM_VOC","NULL","","NULL","NULL","'honestly trying to figure how to start' — confession-style phrasing, matches PH-15 family; merged_from: PB-05/Q-F-0014"
"Q-O-0001","OWNED-US/O-a654f844","OWNED_PROOF","operator_paste","Readymerce sales calls — US","Transcription-Outgoing Call with +16263441949","NULL","NULL","transcript","Transcription-Outgoing Call with +16263441949.txt","O-a654f844","2026-09 (SAMPLE — file date)","2026-09-24","NULL","NULL","NULL","N","[R-OWNED]","RC-OWNED","VOC-OWNED-US","You guys can fully automate my online business","You guys can fully automate my online business. And I have the type of online store I want. You guys will generate advertisements to to draw people to the store, and then I pick the products. And you guys source the products and list the products on the website.","NULL","NULL","NULL","5.1","PB-04","CP-04","CP-04","NULL","NULL","NULL","NULL","NULL","NULL","call_market: US; employment: owns clothing brand (warehouse in Downtown LA, prior factory in Guangzhou); funds: NULL; household: NULL","desire|belief|hyper_responsive","NULL","AW-4","done-for-you store automation","seeker","clothing-brand owner exploring automation","VERBATIM_VOC","NULL","NULL","NULL","NULL","call_outcome: DEPOSIT; lead_quality_marker: existing business owner asked mid-call to move money between his own bank accounts to fund the $500 package; merged_from: OWNED-US/Q-O-0001"
"Q-O-0002","OWNED-US/O-a654f844","OWNED_PROOF","operator_paste","Readymerce sales calls — US","Transcription-Outgoing Call with +16263441949","NULL","NULL","transcript","Transcription-Outgoing Call with +16263441949.txt","O-a654f844","2026-09 (SAMPLE — file date)","2026-09-24","NULL","NULL","NULL","N","[R-OWNED]","RC-OWNED","VOC-OWNED-US","I thought this call was gonna just show me exactly what the $500 pays for","Walk me through, like, the ad — what somebody get a product that they gave you in the actual site. I thought this call was gonna just show me exactly what the $500 pays for. There's a lot of questions ... but as far as being on this Zoom live call, I haven't been shown too much of anything yet.","NULL","NULL","NULL","4.5","PB-01","CP-04","CP-04|CP-05","NULL","NULL","NULL","NULL","NULL","NULL","call_market: US; employment: owns clothing brand (warehouse in Downtown LA, prior factory in Guangzhou); funds: NULL; household: NULL","skepticism|objection|question_asked|hyper_responsive","NULL","AW-4","Readymerce $500 entry package","seeker","wants proof of deliverable before paying","VERBATIM_VOC","NULL","NULL","NULL","NULL","call_outcome: DEPOSIT; lead_quality_marker: existing business owner asked mid-call to move money between his own bank accounts to fund the $500 package; merged_from: OWNED-US/Q-O-0002"
"Q-O-0003","OWNED-US/O-a654f844","OWNED_PROOF","operator_paste","Readymerce sales calls — US","Transcription-Outgoing Call with +16263441949","NULL","NULL","transcript","Transcription-Outgoing Call with +16263441949.txt","O-a654f844","2026-09 (SAMPLE — file date)","2026-09-24","NULL","NULL","NULL","N","[R-OWNED]","RC-OWNED","VOC-OWNED-US","I need to just trust the supplier that everything ... is a trusted supplier","I need to just trust the supplier that everything that that I'm I'm doing is a trusted supplier. It can go from there directly to the the buyer.","NULL","NULL","NULL","5.0","PB-03","CP-04","CP-04","NULL","NULL","NULL","NULL","NULL","NULL","call_market: US; employment: owns clothing brand (warehouse in Downtown LA, prior factory in Guangzhou); funds: NULL; household: NULL","belief|skepticism|tradeoff","NULL","AW-4","supplier sourcing / dropshipping model","seeker","weighing trust in an unseen supplier chain","VERBATIM_VOC","NULL","NULL","NULL","NULL","call_outcome: DEPOSIT; lead_quality_marker: existing business owner asked mid-call to move money between his own bank accounts to fund the $500 package; merged_from: OWNED-US/Q-O-0003"
"Q-O-0004","OWNED-US/O-bd81d158","OWNED_PROOF","operator_paste","Readymerce sales calls — US","Transcription-Incoming Call with +17322422300","NULL","NULL","transcript","Transcription-Incoming Call with +17322422300.txt","O-bd81d158","2026-09 (SAMPLE — file date)","2026-09-24","NULL","NULL","NULL","N","[R-OWNED]","RC-OWNED","VOC-OWNED-US","I invested a lot of my money into buying this business","I'm an electrical engineer, and I wanted to get out of IT ... So I invested a lot of my money into into buying this business. And, unfortunately, it's become a disaster.","NULL","NULL","NULL","8.2","PB-06","CP-03","CP-03","NULL","NULL","NULL","NULL","NULL","NULL","call_market: US; employment: owns a signage manufacturing business (Sarasota, FL area), former IT/electrical engineer; funds: business restructuring debt with banks; household: wife owns a separate small local business","failed_solution|outcome_reported|fear","TRIED-FAILED","NULL","NULL","dissatisfied","bought an existing business that became a disaster","REPORTED_OUTCOME","NULL","NULL","NULL","NULL","call_outcome: DECLINED; lead_quality_marker: wants proof of results before paying $2,500; business in active financial restructuring, cannot commit ad budget; merged_from: OWNED-US/Q-O-0004"
"Q-O-0005","OWNED-US/O-bd81d158","OWNED_PROOF","operator_paste","Readymerce sales calls — US","Transcription-Incoming Call with +17322422300","NULL","NULL","transcript","Transcription-Incoming Call with +17322422300.txt","O-bd81d158","2026-09 (SAMPLE — file date)","2026-09-24","NULL","NULL","NULL","N","[R-OWNED]","RC-OWNED","VOC-OWNED-US","we don't have the budget to be able to do a lot of ads","Right now, I don't think we have the budget to be able to do ad, a lot of ads because ... the company ... was gonna be sold, but the guys who went to buy it, they gave it back to me. So we are in a very tight spot.","NULL","NULL","NULL","2.4","PB-06","CP-04","CP-04|CP-03","NULL","NULL","NULL","NULL","NULL","NULL","call_market: US; employment: owns a signage manufacturing business (Sarasota, FL area), former IT/electrical engineer; funds: business restructuring debt with banks; household: wife owns a separate small local business","spend|objection|tradeoff|hyper_responsive","NULL","NULL","NULL","dissatisfied","cash-strapped business owner rebuilding after a failed sale","VERBATIM_VOC","NULL","NULL","NULL","NULL","call_outcome: DECLINED; lead_quality_marker: wants proof of results before paying $2,500; business in active financial restructuring, cannot commit ad budget; merged_from: OWNED-US/Q-O-0005"
"Q-O-0006","OWNED-US/O-bd81d158","OWNED_PROOF","operator_paste","Readymerce sales calls — US","Transcription-Incoming Call with +17322422300","NULL","NULL","transcript","Transcription-Incoming Call with +17322422300.txt","O-bd81d158","2026-09 (SAMPLE — file date)","2026-09-24","NULL","NULL","NULL","N","[R-OWNED]","RC-OWNED","VOC-OWNED-US","I would not pay $2,500 to anybody unless I could see some results","I'd love to do business with you. I hope maybe in the future, if the business stabilizes, we can do something. But I would not pay $2,500 to anybody unless I could see some results before I could pay you $2,500.","NULL","NULL","NULL","6.1","PB-06","CP-04","CP-04","NULL","NULL","NULL","NULL","NULL","NULL","call_market: US; employment: owns a signage manufacturing business (Sarasota, FL area), former IT/electrical engineer; funds: business restructuring debt with banks; household: wife owns a separate small local business","objection|skepticism|spend|hyper_responsive","NULL","AW-3","paid marketing/SEO service (non-Readymerce-store context)","dissatisfied","wants proof before paying $2,500","VERBATIM_VOC","NULL","NULL","NULL","NULL","call_outcome: DECLINED; lead_quality_marker: wants proof of results before paying $2,500; business in active financial restructuring, cannot commit ad budget; merged_from: OWNED-US/Q-O-0006"
"Q-O-0007","OWNED-US/O-7e217243","OWNED_PROOF","operator_paste","Readymerce sales calls — US","Transcription-Outgoing Call with +14046637285","NULL","NULL","transcript","Transcription-Outgoing Call with +14046637285.txt","O-7e217243","2026-09 (SAMPLE — file date)","2026-09-24","NULL","NULL","NULL","N","[R-OWNED]","RC-OWNED","VOC-OWNED-US","I get Social Security, so I need to protect that","I'm gonna let him put you in his name because I get Social Security, so I need to protect that. And he works. That's why I use him.","NULL","NULL","NULL","2.8","PB-02","CP-01","CP-01","NULL","NULL","NULL","NULL","NULL","NULL","call_market: US; employment: NULL; funds: receives Social Security, structuring purchase through business partner Brian's name; household: has a business partner (Brian)","spend|belief|tradeoff","NULL","AW-4","Readymerce $500 store package","seeker","protecting Social Security by using a partner's name","VERBATIM_VOC","NULL","NULL","NULL","NULL","call_outcome: BOOKED-FOLLOWUP; lead_quality_marker: no personal funds disclosed as income source — receives Social Security and is putting the store in a partner's name to protect benefits; merged_from: OWNED-US/Q-O-0007"
"Q-O-0008","OWNED-US/O-7e217243","OWNED_PROOF","operator_paste","Readymerce sales calls — US","Transcription-Outgoing Call with +14046637285","NULL","NULL","transcript","Transcription-Outgoing Call with +14046637285.txt","O-7e217243","2026-09 (SAMPLE — file date)","2026-09-24","NULL","NULL","NULL","N","[R-OWNED]","RC-OWNED","VOC-OWNED-US","Could I get up to at least $10,000 a month in three months","He was saying that with that $500, I would ask him, could I get up to at least $10,000 a month in three months? And he said, we possibly can. We could either make more or we could make less.","NULL","NULL","NULL","2.1","PB-02","CP-01","CP-01","NULL","NULL","NULL","NULL","NULL","NULL","call_market: US; employment: NULL; funds: receives Social Security, structuring purchase through business partner Brian's name; household: has a business partner (Brian)","desire|belief|question_asked|hyper_responsive","NULL","AW-4","Readymerce $500 store package","seeker","pricing out income expectations against a partner's promise","VERBATIM_VOC","NULL","NULL","NULL","NULL","call_outcome: BOOKED-FOLLOWUP; lead_quality_marker: no personal funds disclosed as income source — receives Social Security and is putting the store in a partner's name to protect benefits; merged_from: OWNED-US/Q-O-0008"
"Q-O-0009","OWNED-US/O-7e217243","OWNED_PROOF","operator_paste","Readymerce sales calls — US","Transcription-Outgoing Call with +14046637285","NULL","NULL","transcript","Transcription-Outgoing Call with +14046637285.txt","O-7e217243","2026-09 (SAMPLE — file date)","2026-09-24","NULL","NULL","NULL","N","[R-OWNED]","RC-OWNED","VOC-OWNED-US","would I at least have $50,000 worth of money","Let's say if I don't take any money out — at a $500 store, if I don't take no money out for a whole year, would I at least have $50,000 worth of money?","NULL","NULL","NULL","9.8","PB-02","CP-01","CP-01","NULL","NULL","NULL","NULL","NULL","NULL","call_market: US; employment: NULL; funds: receives Social Security, structuring purchase through business partner Brian's name; household: has a business partner (Brian)","desire|question_asked|belief","NULL","AW-4","Readymerce $500 store package","seeker","projecting a year of untouched store profit","VERBATIM_VOC","NULL","NULL","NULL","NULL","call_outcome: BOOKED-FOLLOWUP; lead_quality_marker: no personal funds disclosed as income source — receives Social Security and is putting the store in a partner's name to protect benefits; merged_from: OWNED-US/Q-O-0009"
"Q-O-0010","OWNED-US/O-f85633d6","OWNED_PROOF","operator_paste","Readymerce sales calls — US","Transcription-Outgoing Call with +12396994029 (1)","NULL","NULL","transcript","Transcription-Outgoing Call with +12396994029 (1).txt","O-f85633d6","2026-09 (SAMPLE — file date)","2026-09-24","NULL","NULL","NULL","N","[R-OWNED]","RC-OWNED","VOC-OWNED-US","I just got out of prison for seven years","And just got out of prison for seven years. I just did. And I'm just trying to find a job and make something of myself so I go to the court and tell them, like, hey, I can be a regular member of society. I'm doing this. I started a business.","NULL","NULL","NULL","3.2","PB-02","CP-03","CP-03","NULL","NULL","NULL","NULL","NULL","NULL","call_market: US; employment: recently released after 7 years in prison, looking for legitimate income; funds: prior $170,000 lost to fraud; household: NULL","trigger|made_them_act|identity|scene|hyper_responsive","NULL","NULL","NULL","seeker","just released from prison, proving legitimacy to the court","VERBATIM_VOC","NULL","NULL","NULL","NULL","call_outcome: BOOKED-FOLLOWUP; lead_quality_marker: wants to show a court/parole system he is 'a regular member of society'; prior large fraud loss; merged_from: OWNED-US/Q-O-0010"
"Q-O-0011","OWNED-US/O-f85633d6","OWNED_PROOF","operator_paste","Readymerce sales calls — US","Transcription-Outgoing Call with +12396994029 (1)","NULL","NULL","transcript","Transcription-Outgoing Call with +12396994029 (1).txt","O-f85633d6","2026-09 (SAMPLE — file date)","2026-09-24","NULL","NULL","NULL","N","[R-OWNED]","RC-OWNED","VOC-OWNED-US","these fucking Americans ... won a $170,000 from me","and on top of the seven years I did, the — again, the fucking Americans, fucking Americans, these motherfuckers won a $170,000 from me. For what? Y'all are tripping.","NULL","NULL","NULL","5.8","PB-03","CP-03","CP-03","NULL","NULL","NULL","NULL","NULL","NULL","call_market: US; employment: recently released after 7 years in prison, looking for legitimate income; funds: prior $170,000 lost to fraud; household: NULL","spend|enemy_blame|skepticism|fear","TRIED-FAILED","NULL","NULL","dissatisfied","lost $170,000 to a prior fraud before this call","REPORTED_OUTCOME","NULL","NULL","NULL","NULL","call_outcome: BOOKED-FOLLOWUP; lead_quality_marker: wants to show a court/parole system he is 'a regular member of society'; prior large fraud loss; merged_from: OWNED-US/Q-O-0011"
"Q-O-0012","OWNED-US/O-aeea92be","OWNED_PROOF","operator_paste","Readymerce sales calls — US","Transcription-Outgoing Call with +12396994029","NULL","NULL","transcript","Transcription-Outgoing Call with +12396994029.txt","O-aeea92be","2026-09 (SAMPLE — file date)","2026-09-24","NULL","NULL","NULL","N","[R-OWNED]","RC-OWNED","VOC-OWNED-US","with all these fucking scams ... stop fucking calling me","with all these fucking scams man stop fucking calling me bro take me off whatever fucking list you got bro","NULL","NULL","NULL","7.6","PB-03","CP-03","CP-03","NULL","NULL","NULL","NULL","NULL","NULL","call_market: US; employment: NULL; funds: NULL; household: NULL","skepticism|objection|refuses|tired_of_hearing","NULL","NULL","NULL","dissatisfied","opens the call assuming it is another scam","VERBATIM_VOC","NULL","NULL","NULL","NULL","call_outcome: DEPOSIT; lead_quality_marker: opens hostile ('all these fucking scams'), ends agreeing to set up the store — second call with the same prospect as Q-O-0010/0011; merged_from: OWNED-US/Q-O-0012"
"Q-O-0013","OWNED-US/O-aeea92be","OWNED_PROOF","operator_paste","Readymerce sales calls — US","Transcription-Outgoing Call with +12396994029","NULL","NULL","transcript","Transcription-Outgoing Call with +12396994029.txt","O-aeea92be","2026-09 (SAMPLE — file date)","2026-09-24","NULL","NULL","NULL","N","[R-OWNED]","RC-OWNED","VOC-OWNED-US","I'm getting it ready promise","get the shop ready — alright get i'm getting it ready promise","NULL","NULL","NULL","5.9","PB-01","CP-03","CP-03","NULL","NULL","NULL","NULL","NULL","NULL","call_market: US; employment: NULL; funds: NULL; household: NULL","made_them_act|outcome_reported","NULL","AW-4","Readymerce store setup","recent_buyer","agrees at call close to finish setting up the store","VERBATIM_VOC","NULL","NULL","NULL","NULL","call_outcome: DEPOSIT; lead_quality_marker: opens hostile ('all these fucking scams'), ends agreeing to set up the store — second call with the same prospect as Q-O-0010/0011; merged_from: OWNED-US/Q-O-0013"
"Q-O-0014","OWNED-US/O-a09fbc4f","OWNED_PROOF","operator_paste","Readymerce sales calls — US","Transcription-Outgoing Call with +18723444380","NULL","NULL","transcript","Transcription-Outgoing Call with +18723444380.txt","O-a09fbc4f","2026-09 (SAMPLE — file date)","2026-09-24","NULL","NULL","NULL","N","[R-OWNED]","RC-OWNED","VOC-OWNED-US","It won't let me get on live at all","When I go to live, it keeps telling me something went wrong. It won't let me get on live at all. ... So I need you to instruct me on what I need to do to get my own store.","NULL","NULL","NULL","1.2","PB-01","CP-05","CP-05","NULL","NULL","NULL","NULL","NULL","NULL","call_market: US; employment: NULL; funds: wants to clear over $1,000/month from the store; household: NULL","symptom|objection|failed_solution|hyper_responsive","TRIED-FAILED","AW-4","Readymerce storefront portal","seeker","blocked by repeated app errors trying to launch her store","VERBATIM_VOC","NULL","NULL","NULL","NULL","call_outcome: DECLINED; lead_quality_marker: could not get the storefront live (repeated app errors), wanted hands-on help picking products, declines at the end citing no funds; merged_from: OWNED-US/Q-O-0014"
"Q-O-0015","OWNED-US/O-a09fbc4f","OWNED_PROOF","operator_paste","Readymerce sales calls — US","Transcription-Outgoing Call with +18723444380","NULL","NULL","transcript","Transcription-Outgoing Call with +18723444380.txt","O-a09fbc4f","2026-09 (SAMPLE — file date)","2026-09-24","NULL","NULL","NULL","N","[R-OWNED]","RC-OWNED","VOC-OWNED-US","build a a income that I can sit back and relax","I like for people to get things that they really want ... And it helped me out to build a a income that I can sit back and relax a little bit.","NULL","NULL","NULL","3.8","PB-01","CP-05","CP-05","NULL","NULL","NULL","NULL","NULL","NULL","call_market: US; employment: NULL; funds: wants to clear over $1,000/month from the store; household: NULL","desire|deeper_hope","NULL","AW-4","Readymerce store","seeker","pictures a store that lets her relax once it is running","VERBATIM_VOC","NULL","NULL","NULL","NULL","call_outcome: DECLINED; lead_quality_marker: could not get the storefront live (repeated app errors), wanted hands-on help picking products, declines at the end citing no funds; merged_from: OWNED-US/Q-O-0015"
"Q-O-0016","OWNED-US/O-a09fbc4f","OWNED_PROOF","operator_paste","Readymerce sales calls — US","Transcription-Outgoing Call with +18723444380","NULL","NULL","transcript","Transcription-Outgoing Call with +18723444380.txt","O-a09fbc4f","2026-09 (SAMPLE — file date)","2026-09-24","NULL","NULL","NULL","N","[R-OWNED]","RC-OWNED","VOC-OWNED-US","I'm not able to get the funds for it","Well, if it's not expensive for me to want and to bill. But for my income right now, I can't do it because I'm not able to get the funds for it. But I thank you for talking to me.","NULL","NULL","NULL","2.9","PB-02","CP-05","CP-05","NULL","NULL","NULL","NULL","NULL","NULL","call_market: US; employment: NULL; funds: wants to clear over $1,000/month from the store; household: NULL","spend|objection|refuses|hyper_responsive","NULL","AW-4","Readymerce store","seeker","wants the store but cannot fund it right now","VERBATIM_VOC","NULL","NULL","NULL","NULL","call_outcome: DECLINED; lead_quality_marker: could not get the storefront live (repeated app errors), wanted hands-on help picking products, declines at the end citing no funds; merged_from: OWNED-US/Q-O-0016"
"Q-O-0017","OWNED-US/O-9d547e9d","OWNED_PROOF","operator_paste","Readymerce sales calls — US","Transcription-Outgoing Call with +14372612571","NULL","NULL","transcript","Transcription-Outgoing Call with +14372612571.txt","O-9d547e9d","2026-09 (SAMPLE — file date)","2026-09-24","NULL","NULL","NULL","N","[R-OWNED]","RC-OWNED","VOC-OWNED-US","I'm in a parking lot, and I'm gonna pick up my son","I'm in parking parking lot, and I'm gonna pick up my son. So can I just call you, or can we do do I have to do something else?","NULL","NULL","NULL","3.9","PB-04","CP-02","CP-02","NULL","NULL","NULL","NULL","NULL","NULL","call_market: US; employment: NULL; funds: NULL; household: husband (decision partner), a son she is picking up during the call","scene","NULL","NULL","NULL","seeker","taking the sales call from a parking lot before school pickup","VERBATIM_VOC","NULL","NULL","NULL","NULL","call_outcome: BOOKED-FOLLOWUP; lead_quality_marker: wants to talk to her husband before deciding; distracted picking up her son mid-call; merged_from: OWNED-US/Q-O-0017"
"Q-O-0018","OWNED-US/O-9d547e9d","OWNED_PROOF","operator_paste","Readymerce sales calls — US","Transcription-Outgoing Call with +14372612571","NULL","NULL","transcript","Transcription-Outgoing Call with +14372612571.txt","O-9d547e9d","2026-09 (SAMPLE — file date)","2026-09-24","NULL","NULL","NULL","N","[R-OWNED]","RC-OWNED","VOC-OWNED-US","I need to talk to my husband about it","Yeah. I think I need to talk to my husband. Yeah. I need to talk to my husband about it.","NULL","NULL","NULL","0","PB-02","CP-02","CP-02|CP-07","NULL","NULL","NULL","NULL","NULL","NULL","call_market: US; employment: NULL; funds: NULL; household: husband (decision partner), a son she is picking up during the call","objection|tradeoff|almost_stopped","NULL","AW-4","Readymerce Etsy/Shopify package","seeker","defers the decision to her husband","VERBATIM_VOC","NULL","NULL","NULL","NULL","call_outcome: BOOKED-FOLLOWUP; lead_quality_marker: wants to talk to her husband before deciding; distracted picking up her son mid-call; merged_from: OWNED-US/Q-O-0018"
"Q-O-0019","OWNED-US/O-9d547e9d","OWNED_PROOF","operator_paste","Readymerce sales calls — US","Transcription-Outgoing Call with +14372612571","NULL","NULL","transcript","Transcription-Outgoing Call with +14372612571.txt","O-9d547e9d","2026-09 (SAMPLE — file date)","2026-09-24","NULL","NULL","NULL","N","[R-OWNED]","RC-OWNED","VOC-OWNED-US","Okay. So I don't need to wait, ma'am. I don't need to pay the supplier","Okay. So I don't need to wait, ma'am. I don't need to pay the supplier. After because the the the customer will pay me. Right? So I will pay the supplier when they shipped already or before ship.","NULL","NULL","NULL","2.1","PB-05","CP-02","CP-02","NULL","NULL","NULL","NULL","NULL","NULL","call_market: US; employment: NULL; funds: NULL; household: husband (decision partner), a son she is picking up during the call","question_asked|skepticism","NULL","AW-4","Readymerce dropshipping / supplier payment flow","seeker","works out exactly when money changes hands before committing","VERBATIM_VOC","NULL","NULL","NULL","NULL","call_outcome: BOOKED-FOLLOWUP; lead_quality_marker: wants to talk to her husband before deciding; distracted picking up her son mid-call; merged_from: OWNED-US/Q-O-0019"
"Q-O-0020","OWNED-US/O-22f51137","OWNED_PROOF","operator_paste","Readymerce sales calls — US","Transcription-Outgoing Call with +15878791324","NULL","NULL","transcript","Transcription-Outgoing Call with +15878791324.txt","O-22f51137","2026-09 (SAMPLE — file date)","2026-09-24","NULL","NULL","NULL","N","[R-OWNED]","RC-OWNED","VOC-OWNED-US","I have some health issue. I don't work. I'm carpenter","I really I I told you the truth. I have some why I stopped thinking about online business because I have some health issue. I don't work. I'm carpenter. So I don't work.","NULL","NULL","NULL","2.4","PB-02","CP-01","CP-01|CP-02","NULL","NULL","NULL","NULL","NULL","NULL","call_market: US; employment: carpenter, off work over a year due to a heart condition (in treatment); funds: cannot pay now, prior savings largely spent; household: wife works ~20 hours a week, kids in high school","scene|identity|fear","NULL","NULL","NULL","sufferer","carpenter sidelined a year by a heart condition","VERBATIM_VOC","NULL","NULL","NULL","NULL","call_outcome: DECLINED; lead_quality_marker: carpenter off work 1+ year for a heart condition; wife works part-time; says he cannot pay now but may reconsider once back to work; merged_from: OWNED-US/Q-O-0020"
"Q-O-0021","OWNED-US/O-22f51137","OWNED_PROOF","operator_paste","Readymerce sales calls — US","Transcription-Outgoing Call with +15878791324","NULL","NULL","transcript","Transcription-Outgoing Call with +15878791324.txt","O-22f51137","2026-09 (SAMPLE — file date)","2026-09-24","NULL","NULL","NULL","N","[R-OWNED]","RC-OWNED","VOC-OWNED-US","Almost everything I paid, and now it's very expensive","Almost everything I paid, and now it's very expensive. And you have kids, then high school and kids in that's too much too much charge.","NULL","NULL","NULL","4.4","PB-02","CP-02","CP-02","NULL","NULL","NULL","NULL","NULL","NULL","call_market: US; employment: carpenter, off work over a year due to a heart condition (in treatment); funds: cannot pay now, prior savings largely spent; household: wife works ~20 hours a week, kids in high school","spend|tradeoff|fear","NULL","NULL","NULL","sufferer","weighing the cost against high-school-age kids' expenses","VERBATIM_VOC","NULL","NULL","NULL","NULL","call_outcome: DECLINED; lead_quality_marker: carpenter off work 1+ year for a heart condition; wife works part-time; says he cannot pay now but may reconsider once back to work; merged_from: OWNED-US/Q-O-0021"
"Q-O-0022","OWNED-US/O-22f51137","OWNED_PROOF","operator_paste","Readymerce sales calls — US","Transcription-Outgoing Call with +15878791324","NULL","NULL","transcript","Transcription-Outgoing Call with +15878791324.txt","O-22f51137","2026-09 (SAMPLE — file date)","2026-09-24","NULL","NULL","NULL","N","[R-OWNED]","RC-OWNED","VOC-OWNED-US","I can't pay you now, ma'am. I can't make any money now","If you don't go for the risk, you lose. I know. I understand that. But my situation, I can't pay you now, ma'am. I can't make any money now. And thank you for the report.","NULL","NULL","NULL","0.8","PB-02","CP-01","CP-01","NULL","NULL","NULL","NULL","NULL","NULL","call_market: US; employment: carpenter, off work over a year due to a heart condition (in treatment); funds: cannot pay now, prior savings largely spent; household: wife works ~20 hours a week, kids in high school","objection|spend|refuses|hyper_responsive","NULL","AW-4","Readymerce package","sufferer","declines on the spot, no money to commit now","VERBATIM_VOC","NULL","NULL","NULL","NULL","call_outcome: DECLINED; lead_quality_marker: carpenter off work 1+ year for a heart condition; wife works part-time; says he cannot pay now but may reconsider once back to work; merged_from: OWNED-US/Q-O-0022"
"Q-O-0023","OWNED-US/O-decf68af","OWNED_PROOF","operator_paste","Readymerce sales calls — US","Transcription-Outgoing Call with +15512245308","NULL","NULL","transcript","Transcription-Outgoing Call with +15512245308.txt","O-decf68af","2026-09 (SAMPLE — file date)","2026-09-24","NULL","NULL","NULL","N","[R-OWNED]","RC-OWNED","VOC-OWNED-US","I had a Zoom meeting with somebody the other day","I had a Zoom meeting with somebody the other day. And he told me to send them a $100 for for us to to for him to put me, like, on the on the Internet.","NULL","NULL","NULL","5.3","PB-03","CP-05","CP-05","NULL","NULL","NULL","NULL","NULL","NULL","call_market: US; employment: hands-on repair work (e-bikes); funds: no money on hand right now; household: NULL","skepticism|failed_solution","TRIED-UNCLEAR","NULL","NULL","sufferer","recalls a prior $100 ask from an unrelated online-advertising pitch","REPORTED_OUTCOME","NULL","NULL","NULL","NULL","call_outcome: BOOKED-FOLLOWUP; lead_quality_marker: wants an e-bike parts store; no funds on hand now, open to reconnecting once more prepared; a different party previously asked him for $100 toward online advertising; merged_from: OWNED-US/Q-O-0023"
"Q-O-0024","OWNED-US/O-decf68af","OWNED_PROOF","operator_paste","Readymerce sales calls — US","Transcription-Outgoing Call with +15512245308","NULL","NULL","transcript","Transcription-Outgoing Call with +15512245308.txt","O-decf68af","2026-09 (SAMPLE — file date)","2026-09-24","NULL","NULL","NULL","N","[R-OWNED]","RC-OWNED","VOC-OWNED-US","I will like to make a online shop","I will like to make a online shop I've seen the commercial. I don't know how how much upfront of it. But, you know, would like to have a online shop for, like, e bikes, you know, like parts of it.","NULL","NULL","NULL","3.3","PB-05","CP-05","CP-05","NULL","NULL","NULL","NULL","NULL","NULL","call_market: US; employment: hands-on repair work (e-bikes); funds: no money on hand right now; household: NULL","desire","NULL","AW-3","online store (saw a Readymerce commercial)","seeker","pictures an e-bike parts store built on his repair know-how","VERBATIM_VOC","NULL","NULL","NULL","NULL","call_outcome: BOOKED-FOLLOWUP; lead_quality_marker: wants an e-bike parts store; no funds on hand now, open to reconnecting once more prepared; a different party previously asked him for $100 toward online advertising; merged_from: OWNED-US/Q-O-0024"
"Q-O-0025","OWNED-US/O-decf68af","OWNED_PROOF","operator_paste","Readymerce sales calls — US","Transcription-Outgoing Call with +15512245308","NULL","NULL","transcript","Transcription-Outgoing Call with +15512245308.txt","O-decf68af","2026-09 (SAMPLE — file date)","2026-09-24","NULL","NULL","NULL","N","[R-OWNED]","RC-OWNED","VOC-OWNED-US","I don't have the money on me right now","Listen. Listen. It's not about that. The thing is it's just I don't have the money on me right now. So that's all I'm saying, like, it has been nice talking to you.","NULL","NULL","NULL","0.6","PB-02","CP-05","CP-05","NULL","NULL","NULL","NULL","NULL","NULL","call_market: US; employment: hands-on repair work (e-bikes); funds: no money on hand right now; household: NULL","objection|spend","NULL","AW-4","Readymerce package","seeker","declines for now purely on lack of funds","VERBATIM_VOC","NULL","NULL","NULL","NULL","call_outcome: BOOKED-FOLLOWUP; lead_quality_marker: wants an e-bike parts store; no funds on hand now, open to reconnecting once more prepared; a different party previously asked him for $100 toward online advertising; merged_from: OWNED-US/Q-O-0025"
"Q-O-0026","OWNED-US/O-decf68af","OWNED_PROOF","operator_paste","Readymerce sales calls — US","Transcription-Outgoing Call with +15512245308","NULL","NULL","transcript","Transcription-Outgoing Call with +15512245308.txt","O-decf68af","2026-09 (SAMPLE — file date)","2026-09-24","NULL","NULL","NULL","N","[R-OWNED]","RC-OWNED","VOC-OWNED-US","I would like to get in touch with y'all when I'm more prepared","I would like I would like to get in touch with y'all when I'm more prepared and I have more time for you guys ... it's a great proposition for me and then something that I would like to do and perform.","NULL","NULL","NULL","6.5","PB-05","CP-05","CP-05","NULL","NULL","NULL","NULL","NULL","NULL","call_market: US; employment: hands-on repair work (e-bikes); funds: no money on hand right now; household: NULL","belief|almost_stopped|hyper_responsive","NULL","AW-4","Readymerce package","seeker","wants to come back once more prepared, not a hard no","VERBATIM_VOC","NULL","NULL","NULL","NULL","call_outcome: BOOKED-FOLLOWUP; lead_quality_marker: wants an e-bike parts store; no funds on hand now, open to reconnecting once more prepared; a different party previously asked him for $100 toward online advertising; merged_from: OWNED-US/Q-O-0026"
"Q-O-0027","OWNED-US/O-3dd099fe","OWNED_PROOF","operator_paste","Readymerce sales calls — US","Transcription-Outgoing Call with +16476422279","NULL","NULL","transcript","Transcription-Outgoing Call with +16476422279.txt","O-3dd099fe","2026-09 (SAMPLE — file date)","2026-09-24","NULL","NULL","NULL","N","[R-OWNED]","RC-OWNED","VOC-OWNED-US","how fast do I start making a return on my investment","So after I do that, how quickly do those three — like, at start, what how fast do I start making a return on my investment on those three products? Typically?","NULL","NULL","NULL","6.0","PB-05","CP-04","CP-04","NULL","NULL","NULL","NULL","NULL","NULL","call_market: US; employment: runs a fitness/nutrition and mindset-coaching business; funds: waiting on a client payment before she can fund the $500; household: NULL","question_asked|desire","NULL","AW-4","Readymerce three-product package","seeker","wants a timeline for return before committing","VERBATIM_VOC","NULL","NULL","NULL","NULL","call_outcome: BOOKED-FOLLOWUP (rescheduled 2pm next day); lead_quality_marker: wants an ROI timeline before paying; asked whether pricing is USD because she says she is in Canada; merged_from: OWNED-US/Q-O-0027"
"Q-O-0028","OWNED-US/O-3dd099fe","OWNED_PROOF","operator_paste","Readymerce sales calls — US","Transcription-Outgoing Call with +16476422279","NULL","NULL","transcript","Transcription-Outgoing Call with +16476422279.txt","O-3dd099fe","2026-09 (SAMPLE — file date)","2026-09-24","NULL","NULL","NULL","N","[R-OWNED]","RC-OWNED","VOC-OWNED-US","I pay $500 and then I'm gonna have to pay more money down the road","So let me get the street. I pay $500 and then I'm gonna have to pay more money down the road for services?","NULL","NULL","NULL","2.6","PB-01","CP-04","CP-04","NULL","NULL","NULL","NULL","NULL","NULL","call_market: US; employment: runs a fitness/nutrition and mindset-coaching business; funds: waiting on a client payment before she can fund the $500; household: NULL","question_asked|spend|skepticism","NULL","AW-4","Readymerce pricing tiers","seeker","checking for hidden costs beyond the $500","VERBATIM_VOC","NULL","NULL","NULL","NULL","call_outcome: BOOKED-FOLLOWUP (rescheduled 2pm next day); lead_quality_marker: wants an ROI timeline before paying; asked whether pricing is USD because she says she is in Canada; merged_from: OWNED-US/Q-O-0028"
"Q-O-0029","OWNED-US/O-3dd099fe","OWNED_PROOF","operator_paste","Readymerce sales calls — US","Transcription-Outgoing Call with +16476422279","NULL","NULL","transcript","Transcription-Outgoing Call with +16476422279.txt","O-3dd099fe","2026-09 (SAMPLE — file date)","2026-09-24","NULL","NULL","NULL","N","[R-OWNED]","RC-OWNED","VOC-OWNED-US","I'll start with the 500, and then I'll hopefully graduate to the next level","Okay. Great. Okay. So alright. Yeah. So I'll start with the 500, and then I'll hopefully graduate to the next level.","NULL","NULL","NULL","2.2","PB-05","CP-04","CP-04","NULL","NULL","NULL","NULL","NULL","NULL","call_market: US; employment: runs a fitness/nutrition and mindset-coaching business; funds: waiting on a client payment before she can fund the $500; household: NULL","belief|made_them_act","NULL","AW-4","Readymerce tier upgrade path","recent_buyer","commits to the entry tier hoping to upgrade later","VERBATIM_VOC","NULL","NULL","NULL","NULL","call_outcome: BOOKED-FOLLOWUP (rescheduled 2pm next day); lead_quality_marker: wants an ROI timeline before paying; asked whether pricing is USD because she says she is in Canada; merged_from: OWNED-US/Q-O-0029"
"Q-O-0030","OWNED-US/O-5455cbcf","OWNED_PROOF","operator_paste","Readymerce sales calls — US","Transcription-Outgoing Call with +15182104178","NULL","NULL","transcript","Transcription-Outgoing Call with +15182104178.txt","O-5455cbcf","2026-09 (SAMPLE — file date)","2026-09-24","NULL","NULL","NULL","Y","[R-OWNED]","RC-OWNED","VOC-OWNED-US","if it's gonna take fourteen days how can i take back your money in seven","make sense if it's gonna take fourteen days how can i take back your money in seven","NULL","NULL","NULL","5.6","PB-03","CP-05","CP-05","NULL","NULL","NULL","NULL","NULL","NULL","call_market: US; employment: has a job (mentions being off work on Mondays); funds: paid the $500 during the call; household: NULL","objection|skepticism","NULL","AW-4","Readymerce 7-day refund guarantee vs 14-day build","seeker","catches a mismatch between build time and the refund window","VERBATIM_VOC","NULL","NULL","NULL","NULL","call_outcome: PAID; lead_quality_marker: paid $500 and received a confirmation email during the call; challenged the mismatch between a 14-day build timeline and a 7-day refund window; merged_from: OWNED-US/Q-O-0030"
"Q-O-0031","OWNED-US/O-5455cbcf","OWNED_PROOF","operator_paste","Readymerce sales calls — US","Transcription-Outgoing Call with +15182104178","NULL","NULL","transcript","Transcription-Outgoing Call with +15182104178.txt","O-5455cbcf","2026-09 (SAMPLE — file date)","2026-09-24","NULL","NULL","NULL","Y","[R-OWNED]","RC-OWNED","VOC-OWNED-US","purchase ready thank you for purchase i got a confirmation email","pay sorry did you get the payment thing okay here we go purchase ready thank you for purchase i got a confirmation email","NULL","NULL","NULL","10.3","PB-01","CP-05","CP-05","NULL","NULL","NULL","NULL","NULL","NULL","call_market: US; employment: has a job (mentions being off work on Mondays); funds: paid the $500 during the call; household: NULL","outcome_reported|made_them_act","NULL","AW-5","Readymerce purchase confirmation","recent_buyer","completes payment live on the call and gets a confirmation email","REPORTED_OUTCOME","NULL","NULL","NULL","NULL","call_outcome: PAID; lead_quality_marker: paid $500 and received a confirmation email during the call; challenged the mismatch between a 14-day build timeline and a 7-day refund window; merged_from: OWNED-US/Q-O-0031"
"Q-O-0032","OWNED-US/O-5455cbcf","OWNED_PROOF","operator_paste","Readymerce sales calls — US","Transcription-Outgoing Call with +15182104178","NULL","NULL","transcript","Transcription-Outgoing Call with +15182104178.txt","O-5455cbcf","2026-09 (SAMPLE — file date)","2026-09-24","NULL","NULL","NULL","Y","[R-OWNED]","RC-OWNED","VOC-OWNED-US","who do i come to who do i kill for my money","don't get the my my thing who do i come to who do i kill for my money","NULL","NULL","NULL","3.9","PB-03","CP-05","CP-05","NULL","NULL","NULL","NULL","NULL","NULL","call_market: US; employment: has a job (mentions being off work on Mondays); funds: paid the $500 during the call; household: NULL","skepticism|enemy_blame","NULL","AW-5","Readymerce accountability / refund escalation path","recent_buyer","jokes about who is accountable if the money disappears","VERBATIM_VOC","NULL","NULL","NULL","NULL","call_outcome: PAID; lead_quality_marker: paid $500 and received a confirmation email during the call; challenged the mismatch between a 14-day build timeline and a 7-day refund window; merged_from: OWNED-US/Q-O-0032"
"Q-O-0033","OWNED-US/O-0feb370b","OWNED_PROOF","operator_paste","Readymerce sales calls — US","Transcription-Outgoing Call with +12674449193","NULL","NULL","transcript","Transcription-Outgoing Call with +12674449193.txt","O-0feb370b","2026-09 (SAMPLE — file date)","2026-09-24","NULL","NULL","NULL","N","[R-OWNED]","RC-OWNED","VOC-OWNED-US","I don't have a job at the moment, so I'm using my my wife's income","Okay. Come on. And I will attempt to try to come up with $500. You know what I'm saying? Things are hard. I don't have a job at the moment, so I'm using my my wife's income. You know what mean? And she's not really making much.","NULL","NULL","NULL","0.5","PB-02","CP-01","CP-01|CP-02","NULL","NULL","NULL","NULL","NULL","NULL","call_market: US; employment: unemployed, using wife's income (her job hours are inconsistent); funds: prior Shopify store frozen for nonpayment, LLC filing mistake blocked a tax refund; household: wife (income earner)","spend|tradeoff|hyper_responsive","NULL","NULL","NULL","seeker","unemployed, funding the attempt from his wife's income","VERBATIM_VOC","NULL","NULL","NULL","NULL","call_outcome: UNKNOWN; lead_quality_marker: unemployed, relying on wife's inconsistent-hours income; already runs several small side ventures (jewelry/sportswear/dance/consulting brands); a prior Shopify store was frozen for nonpayment; merged_from: OWNED-US/Q-O-0033"
"Q-O-0034","OWNED-US/O-0feb370b","OWNED_PROOF","operator_paste","Readymerce sales calls — US","Transcription-Outgoing Call with +12674449193","NULL","NULL","transcript","Transcription-Outgoing Call with +12674449193.txt","O-0feb370b","2026-09 (SAMPLE — file date)","2026-09-24","NULL","NULL","NULL","N","[R-OWNED]","RC-OWNED","VOC-OWNED-US","the problem with Shopify is you don't come up with the payment","Right now, it's at a 163 and 62 change. I don't have that. So the problem with Shopify is you don't come up with the payment. They'll freeze your they'll freeze your storefront.","NULL","NULL","NULL","1.5","PB-06","CP-03","CP-03","NULL","NULL","NULL","NULL","NULL","NULL","call_market: US; employment: unemployed, using wife's income (her job hours are inconsistent); funds: prior Shopify store frozen for nonpayment, LLC filing mistake blocked a tax refund; household: wife (income earner)","failed_solution|fear","TRIED-FAILED","AW-3","Shopify (prior DIY store)","dissatisfied","had a prior Shopify store frozen for nonpayment","REPORTED_OUTCOME","NULL","NULL","NULL","NULL","call_outcome: UNKNOWN; lead_quality_marker: unemployed, relying on wife's inconsistent-hours income; already runs several small side ventures (jewelry/sportswear/dance/consulting brands); a prior Shopify store was frozen for nonpayment; merged_from: OWNED-US/Q-O-0034"
"Q-O-0035","OWNED-US/O-0feb370b","OWNED_PROOF","operator_paste","Readymerce sales calls — US","Transcription-Outgoing Call with +12674449193","NULL","NULL","transcript","Transcription-Outgoing Call with +12674449193.txt","O-0feb370b","2026-09 (SAMPLE — file date)","2026-09-24","NULL","NULL","NULL","N","[R-OWNED]","RC-OWNED","VOC-OWNED-US","I don't really like showing my face on social media","So I'm like, okay. No matter how many times I try to fix it, Google makes it easy to get on there, but they to fix it, they make it difficult. So my problem is I don't really like showing my face on social media.","NULL","NULL","NULL","5.5","PB-04","CP-03","CP-03","NULL","NULL","NULL","NULL","NULL","NULL","call_market: US; employment: unemployed, using wife's income (her job hours are inconsistent); funds: prior Shopify store frozen for nonpayment, LLC filing mistake blocked a tax refund; household: wife (income earner)","fear|objection|hyper_responsive","NULL","NULL","NULL","dissatisfied","avoids being on camera for marketing","VERBATIM_VOC","NULL","NULL","NULL","NULL","call_outcome: UNKNOWN; lead_quality_marker: unemployed, relying on wife's inconsistent-hours income; already runs several small side ventures (jewelry/sportswear/dance/consulting brands); a prior Shopify store was frozen for nonpayment; merged_from: OWNED-US/Q-O-0035"
"Q-O-0036","OWNED-US/O-7efb82c7","OWNED_PROOF","operator_paste","Readymerce sales calls — US","Transcription-Outgoing Call with Mark","NULL","NULL","transcript","Transcription-Outgoing Call with Mark.txt","O-7efb82c7","2026-09 (SAMPLE — file date)","2026-09-24","NULL","NULL","NULL","N","[R-OWNED]","RC-OWNED","VOC-OWNED-US","I've been out of work. And I'm just not well","Well, I've been suffering from work. And I've been out of work. And I'm just not well. I'm getting better here and there.","NULL","NULL","NULL","0.5","PB-02","CP-01","CP-01","NULL","NULL","NULL","NULL","NULL","NULL","call_market: US; employment: out of work due to illness; funds: card declined twice by his credit union's fraud filter, paid via an alternate method; household: NULL","scene|fear","NULL","NULL","NULL","sufferer","taking the call while sick and out of work","VERBATIM_VOC","NULL","NULL","NULL","NULL","call_outcome: PAID; lead_quality_marker: unwell and out of work; wanted the money to eventually buy an electric bike; bank blocked two payment attempts as suspected fraud before it went through; merged_from: OWNED-US/Q-O-0036"
"Q-O-0037","OWNED-US/O-7efb82c7","OWNED_PROOF","operator_paste","Readymerce sales calls — US","Transcription-Outgoing Call with Mark","NULL","NULL","transcript","Transcription-Outgoing Call with Mark.txt","O-7efb82c7","2026-09 (SAMPLE — file date)","2026-09-24","NULL","NULL","NULL","Y","[R-OWNED]","RC-OWNED","VOC-OWNED-US","I was gonna buy an electric bike with this money","Ready much. I feel awful right now. I'm doing — you know, I was gonna buy an electric bike with this money. I hope this is gonna happen for me.","NULL","NULL","NULL","2.3","PB-02","CP-01","CP-01","NULL","NULL","NULL","NULL","NULL","NULL","call_market: US; employment: out of work due to illness; funds: card declined twice by his credit union's fraud filter, paid via an alternate method; household: NULL","desire|deeper_hope","NULL","AW-5","Readymerce store earnings","recent_buyer","pictures buying an electric bike with future store money","VERBATIM_VOC","NULL","NULL","NULL","NULL","call_outcome: PAID; lead_quality_marker: unwell and out of work; wanted the money to eventually buy an electric bike; bank blocked two payment attempts as suspected fraud before it went through; merged_from: OWNED-US/Q-O-0037"
"Q-O-0038","OWNED-US/O-7efb82c7","OWNED_PROOF","operator_paste","Readymerce sales calls — US","Transcription-Outgoing Call with Mark","NULL","NULL","transcript","Transcription-Outgoing Call with Mark.txt","O-7efb82c7","2026-09 (SAMPLE — file date)","2026-09-24","NULL","NULL","NULL","Y","[R-OWNED]","RC-OWNED","VOC-OWNED-US","I had so much fraud through this federal credit union","Yeah. But that's unusual. That my bank listen. I I had a lot of fraud through this federal credit union I'm trying to use right now, and they red flag anything that might be a problem.","NULL","NULL","NULL","3.0","PB-03","CP-01","CP-01","NULL","NULL","NULL","NULL","NULL","NULL","call_market: US; employment: out of work due to illness; funds: card declined twice by his credit union's fraud filter, paid via an alternate method; household: NULL","fear|objection|failed_solution|hyper_responsive","TRIED-FAILED","NULL","NULL","recent_buyer","bank blocks his own payment over past fraud on the account","REPORTED_OUTCOME","NULL","NULL","NULL","NULL","call_outcome: PAID; lead_quality_marker: unwell and out of work; wanted the money to eventually buy an electric bike; bank blocked two payment attempts as suspected fraud before it went through; merged_from: OWNED-US/Q-O-0038"
"Q-O-0039","OWNED-US/O-7efb82c7","OWNED_PROOF","operator_paste","Readymerce sales calls — US","Transcription-Outgoing Call with Mark","NULL","NULL","transcript","Transcription-Outgoing Call with Mark.txt","O-7efb82c7","2026-09 (SAMPLE — file date)","2026-09-24","NULL","NULL","NULL","Y","[R-OWNED]","RC-OWNED","VOC-OWNED-US","It says payment's on its way","I think you I think it went — let me see here. It says payment's on its way.","NULL","NULL","NULL","0.2","PB-01","CP-01","CP-01","NULL","NULL","NULL","NULL","NULL","NULL","call_market: US; employment: out of work due to illness; funds: card declined twice by his credit union's fraud filter, paid via an alternate method; household: NULL","outcome_reported|made_them_act","NULL","AW-5","Readymerce payment confirmation","recent_buyer","finally gets the payment through on a third method","REPORTED_OUTCOME","NULL","NULL","NULL","NULL","call_outcome: PAID; lead_quality_marker: unwell and out of work; wanted the money to eventually buy an electric bike; bank blocked two payment attempts as suspected fraud before it went through; merged_from: OWNED-US/Q-O-0039"
"Q-O-0040","OWNED-US/O-9fc681ce","OWNED_PROOF","operator_paste","Readymerce sales calls — US","Transcription-Outgoing Call with +18625763163","NULL","NULL","transcript","Transcription-Outgoing Call with +18625763163.txt","O-9fc681ce","2026-09 (SAMPLE — file date)","2026-09-24","NULL","NULL","NULL","N","[R-OWNED]","RC-OWNED","VOC-OWNED-US","she rather me give her the money than pay for what y'all offering","No. She just she she rather me give her the money than me pay for something like what y'all offering and that's how the conversation ended.","NULL","NULL","NULL","5.8","PB-07","CP-02","CP-02","NULL","NULL","NULL","NULL","NULL","NULL","call_market: US; employment: NULL; funds: NULL; household: adult daughter (declined the idea), another adult child works for him in transportation","objection|refuses","NULL","AW-3","Readymerce store (as a gift for his daughter)","passive","daughter turned down a store in favor of cash","VERBATIM_VOC","NULL","NULL","NULL","NULL","call_outcome: DECLINED; lead_quality_marker: originally exploring the store for his daughter, who preferred cash to a business; says he personally lacks time for the required due diligence; merged_from: OWNED-US/Q-O-0040"
"Q-O-0041","OWNED-US/O-9fc681ce","OWNED_PROOF","operator_paste","Readymerce sales calls — US","Transcription-Outgoing Call with +18625763163","NULL","NULL","transcript","Transcription-Outgoing Call with +18625763163.txt","O-9fc681ce","2026-09 (SAMPLE — file date)","2026-09-24","NULL","NULL","NULL","N","[R-OWNED]","RC-OWNED","VOC-OWNED-US","he used to say, man, cherish this time","and he used to give me he used to give me money. Thank you. He used to give me money. He used to say, man, cherish this time. Because soon the money that's — do you see how that money going in your pocket?","NULL","NULL","NULL","2.6","PB-07","CP-06","CP-06","NULL","NULL","NULL","NULL","NULL","NULL","call_market: US; employment: NULL; funds: NULL; household: adult daughter (declined the idea), another adult child works for him in transportation","deeper_hope|belief|hyper_responsive","NULL","NULL","NULL","passive","reflects on money and time lessons from his late father","VERBATIM_VOC","NULL","NULL","NULL","NULL","call_outcome: DECLINED; lead_quality_marker: originally exploring the store for his daughter, who preferred cash to a business; says he personally lacks time for the required due diligence; merged_from: OWNED-US/Q-O-0041"
"Q-O-0042","OWNED-US/O-9fc681ce","OWNED_PROOF","operator_paste","Readymerce sales calls — US","Transcription-Outgoing Call with +18625763163","NULL","NULL","transcript","Transcription-Outgoing Call with +18625763163.txt","O-9fc681ce","2026-09 (SAMPLE — file date)","2026-09-24","NULL","NULL","NULL","N","[R-OWNED]","RC-OWNED","VOC-OWNED-US","I don't have the time to do the due diligence","No. No. Hey. I said No. I don't have the time to to do the due diligence to make it successful.","NULL","NULL","NULL","0.1","PB-04","CP-06","CP-06","NULL","NULL","NULL","NULL","NULL","NULL","call_market: US; employment: NULL; funds: NULL; household: adult daughter (declined the idea), another adult child works for him in transportation","objection|tradeoff","NULL","AW-3","running a Readymerce store","passive","declines partly because he won't have time to run it himself","VERBATIM_VOC","NULL","NULL","NULL","NULL","call_outcome: DECLINED; lead_quality_marker: originally exploring the store for his daughter, who preferred cash to a business; says he personally lacks time for the required due diligence; merged_from: OWNED-US/Q-O-0042"
"Q-O-0043","OWNED-US/O-48b8dedb","OWNED_PROOF","operator_paste","Readymerce sales calls — US","Transcription-Outgoing Call with +14132346086","NULL","NULL","transcript","Transcription-Outgoing Call with +14132346086.txt","O-48b8dedb","2026-09 (SAMPLE — file date)","2026-09-24","NULL","NULL","NULL","N","[R-OWNED]","RC-OWNED","VOC-OWNED-US","sometimes 14 thousand 14 k sometimes 10 k","Yes. For the monthly, sometimes 14 thousand 14 k sometimes 10 k. It depends if the month.","NULL","NULL","NULL","5.6","PB-05","CP-04","CP-04","NULL","NULL","NULL","NULL","NULL","NULL","call_market: US; employment: runs an existing side business selling sewn clothing and skincare items sourced from Africa; funds: monthly revenue cited around $10,000-14,000; household: NULL","spend","NULL","NULL","NULL","satisfied","states existing monthly revenue from her current side business","VERBATIM_VOC","NULL","NULL","NULL","NULL","call_outcome: BOOKED-FOLLOWUP; lead_quality_marker: runs an existing import/sewing side business with self-reported $10k-14k monthly revenue; wants a specific skincare product line (dark-spot and stretch-mark removers) sourced; merged_from: OWNED-US/Q-O-0043"
"Q-O-0044","OWNED-US/O-48b8dedb","OWNED_PROOF","operator_paste","Readymerce sales calls — US","Transcription-Outgoing Call with +14132346086","NULL","NULL","transcript","Transcription-Outgoing Call with +14132346086.txt","O-48b8dedb","2026-09 (SAMPLE — file date)","2026-09-24","NULL","NULL","NULL","N","[R-OWNED]","RC-OWNED","VOC-OWNED-US","making the skin be nice, something like that","the time but most of time come, like, the face is changed, like, dark spot, remove the dark spot, and, like, making the skin be nice, something like that. So for the, like, flat tummy, making, like, the stretch mark and remover, I need, like, product like that.","NULL","NULL","NULL","8.0","PB-05","CP-04","CP-04","NULL","NULL","NULL","NULL","NULL","NULL","call_market: US; employment: runs an existing side business selling sewn clothing and skincare items sourced from Africa; funds: monthly revenue cited around $10,000-14,000; household: NULL","desire|hyper_responsive","NULL","AW-4","Readymerce product sourcing (skincare niche)","seeker","names the exact skincare products she wants sourced","VERBATIM_VOC","NULL","NULL","NULL","NULL","call_outcome: BOOKED-FOLLOWUP; lead_quality_marker: runs an existing import/sewing side business with self-reported $10k-14k monthly revenue; wants a specific skincare product line (dark-spot and stretch-mark removers) sourced; merged_from: OWNED-US/Q-O-0044"
"Q-O-0045","OWNED-US/O-48b8dedb","OWNED_PROOF","operator_paste","Readymerce sales calls — US","Transcription-Outgoing Call with +14132346086","NULL","NULL","transcript","Transcription-Outgoing Call with +14132346086.txt","O-48b8dedb","2026-09 (SAMPLE — file date)","2026-09-24","NULL","NULL","NULL","N","[R-OWNED]","RC-OWNED","VOC-OWNED-US","I don't need to mix the other business with my own","I don't need to mix the other business with my own. Yeah. So I I can maybe I can use just my own bank.","NULL","NULL","NULL","0.8","PB-05","CP-04","CP-04","NULL","NULL","NULL","NULL","NULL","NULL","call_market: US; employment: runs an existing side business selling sewn clothing and skincare items sourced from Africa; funds: monthly revenue cited around $10,000-14,000; household: NULL","tradeoff|belief","NULL","NULL","NULL","seeker","wants to keep the new store's finances separate from her existing business","VERBATIM_VOC","NULL","NULL","NULL","NULL","call_outcome: BOOKED-FOLLOWUP; lead_quality_marker: runs an existing import/sewing side business with self-reported $10k-14k monthly revenue; wants a specific skincare product line (dark-spot and stretch-mark removers) sourced; merged_from: OWNED-US/Q-O-0045"
"Q-O-0046","OWNED-US/O-32a00cca","OWNED_PROOF","operator_paste","Readymerce sales calls — US","Transcription-Outgoing Call with +14387227695","NULL","NULL","transcript","Transcription-Outgoing Call with +14387227695.txt","O-32a00cca","2026-09 (SAMPLE — file date)","2026-09-24","NULL","NULL","NULL","N","[R-OWNED]","RC-OWNED","VOC-OWNED-US","I want a stable income flow","Yeah. No. Because I want a stable income flow. Right? Because if I invest in stocks and bonds, which has already been done — it's a time taking process. It's not going to give you monthly.","NULL","NULL","NULL","1.5","PB-02","CP-01","CP-01","NULL","NULL","NULL","NULL","NULL","NULL","call_market: US; employment: NULL; funds: considered stocks/bonds as an alternative income route; household: NULL","desire|belief|hyper_responsive","CONSIDERING","NULL","NULL","seeker","wants monthly income, not a slow stocks-and-bonds payoff","VERBATIM_VOC","NULL","NULL","NULL","NULL","call_outcome: BOOKED-FOLLOWUP (rescheduled Tuesday, same time); lead_quality_marker: wants proof of results before paying; argues a 7-day refund window is too short against a longer claimed build time; merged_from: OWNED-US/Q-O-0046"
"Q-O-0047","OWNED-US/O-32a00cca","OWNED_PROOF","operator_paste","Readymerce sales calls — US","Transcription-Outgoing Call with +14387227695","NULL","NULL","transcript","Transcription-Outgoing Call with +14387227695.txt","O-32a00cca","2026-09 (SAMPLE — file date)","2026-09-24","NULL","NULL","NULL","N","[R-OWNED]","RC-OWNED","VOC-OWNED-US","seven days is two lesser time. Seven days too. It's not realistic","No. But seven days is two lesser time. Seven days too. It's not realistic. Maybe I would like to assess it for a month.","NULL","NULL","NULL","1.0","PB-03","CP-01","CP-01","NULL","NULL","NULL","NULL","NULL","NULL","call_market: US; employment: NULL; funds: considered stocks/bonds as an alternative income route; household: NULL","objection|skepticism","NULL","AW-4","Readymerce 7-day refund window","seeker","argues the refund window is too short to fairly judge the store","VERBATIM_VOC","NULL","NULL","NULL","NULL","call_outcome: BOOKED-FOLLOWUP (rescheduled Tuesday, same time); lead_quality_marker: wants proof of results before paying; argues a 7-day refund window is too short against a longer claimed build time; merged_from: OWNED-US/Q-O-0047"
"Q-O-0048","OWNED-US/O-32a00cca","OWNED_PROOF","operator_paste","Readymerce sales calls — US","Transcription-Outgoing Call with +14387227695","NULL","NULL","transcript","Transcription-Outgoing Call with +14387227695.txt","O-32a00cca","2026-09 (SAMPLE — file date)","2026-09-24","NULL","NULL","NULL","N","[R-OWNED]","RC-OWNED","VOC-OWNED-US","I'm just worried about the total cost","Mhmm. So I just I'm I'm just worried about the total cost. So it's $500 plus whatever the s Etsy store charges, we shop at $500 per month, I believe.","NULL","NULL","NULL","3.2","PB-01","CP-01","CP-01","NULL","NULL","NULL","NULL","NULL","NULL","call_market: US; employment: NULL; funds: considered stocks/bonds as an alternative income route; household: NULL","spend|skepticism","NULL","AW-4","Readymerce $500 package plus platform fees","seeker","tallies the full cost beyond the advertised $500","VERBATIM_VOC","NULL","NULL","NULL","NULL","call_outcome: BOOKED-FOLLOWUP (rescheduled Tuesday, same time); lead_quality_marker: wants proof of results before paying; argues a 7-day refund window is too short against a longer claimed build time; merged_from: OWNED-US/Q-O-0048"
"Q-O-0049","OWNED-US/O-5625961c","OWNED_PROOF","operator_paste","Readymerce sales calls — US","Transcription-Outgoing Call with +14388334336","NULL","NULL","transcript","Transcription-Outgoing Call with +14388334336.txt","O-5625961c","2026-09 (SAMPLE — file date)","2026-09-24","NULL","NULL","NULL","N","[R-OWNED]","RC-OWNED","VOC-OWNED-US","I've not been able to figure out like, what's gonna be the best platform","Almost, like, five years, but I've not been able to figure out like, what's gonna be the best platform or how is gonna be so that, like, I guess?","NULL","NULL","NULL","9.6","PB-01","CP-05","CP-05","NULL","NULL","NULL","NULL","NULL","NULL","call_market: US; employment: part-time job at a fruit and vegetable store (15-18 hours/week); funds: no working credit card, rebuilding finances; household: NULL","failed_solution|belief","CONSIDERING","AW-3","online store platforms in general","passive","five years of wanting to start without picking a platform","VERBATIM_VOC","NULL","NULL","NULL","NULL","call_outcome: DECLINED (for now); lead_quality_marker: curious about e-commerce for about 5 years without acting; currently has no working credit card and is financially rebuilding; will reach out once ready; merged_from: OWNED-US/Q-O-0049"
"Q-O-0050","OWNED-US/O-5625961c","OWNED_PROOF","operator_paste","Readymerce sales calls — US","Transcription-Outgoing Call with +14388334336","NULL","NULL","transcript","Transcription-Outgoing Call with +14388334336.txt","O-5625961c","2026-09 (SAMPLE — file date)","2026-09-24","NULL","NULL","NULL","N","[R-OWNED]","RC-OWNED","VOC-OWNED-US","a part time job ... fifteen to eighteen hours a week","Yeah. I'm doing a part time job in a stop of, like, just fifteen to eighteen hours a week. It's a fruit and vegetable store. I work as a food and vegetable plant.","NULL","NULL","NULL","1.6","PB-02","CP-05","CP-05","NULL","NULL","NULL","NULL","NULL","NULL","call_market: US; employment: part-time job at a fruit and vegetable store (15-18 hours/week); funds: no working credit card, rebuilding finances; household: NULL","scene","NULL","NULL","NULL","seeker","works a limited-hours part-time retail job","VERBATIM_VOC","NULL","NULL","NULL","NULL","call_outcome: DECLINED (for now); lead_quality_marker: curious about e-commerce for about 5 years without acting; currently has no working credit card and is financially rebuilding; will reach out once ready; merged_from: OWNED-US/Q-O-0050"
"Q-O-0051","OWNED-US/O-5625961c","OWNED_PROOF","operator_paste","Readymerce sales calls — US","Transcription-Outgoing Call with +14388334336","NULL","NULL","transcript","Transcription-Outgoing Call with +14388334336.txt","O-5625961c","2026-09 (SAMPLE — file date)","2026-09-24","NULL","NULL","NULL","N","[R-OWNED]","RC-OWNED","VOC-OWNED-US","I don't even have a credit card because it's canceled","Okay. My my economy is very bad right now. I cannot I don't even have a credit card because it's canceled and I'm just trying to get back on my feet financially.","NULL","NULL","NULL","5.5","PB-02","CP-05","CP-05","NULL","NULL","NULL","NULL","NULL","NULL","call_market: US; employment: part-time job at a fruit and vegetable store (15-18 hours/week); funds: no working credit card, rebuilding finances; household: NULL","spend|fear","NULL","NULL","NULL","seeker","no working credit card while rebuilding finances","VERBATIM_VOC","NULL","NULL","NULL","NULL","call_outcome: DECLINED (for now); lead_quality_marker: curious about e-commerce for about 5 years without acting; currently has no working credit card and is financially rebuilding; will reach out once ready; merged_from: OWNED-US/Q-O-0051"
"Q-O-0052","OWNED-US/O-5625961c","OWNED_PROOF","operator_paste","Readymerce sales calls — US","Transcription-Outgoing Call with +14388334336","NULL","NULL","transcript","Transcription-Outgoing Call with +14388334336.txt","O-5625961c","2026-09 (SAMPLE — file date)","2026-09-24","NULL","NULL","NULL","N","[R-OWNED]","RC-OWNED","VOC-OWNED-US","anytime that I know that I'm ready ... I'll get back to you","Okay. I'm gonna save this number, and anytime that I know that I'm ready or I've been able to get something, then I'll get back to you.","NULL","NULL","NULL","5.0","PB-01","CP-05","CP-05","NULL","NULL","NULL","NULL","NULL","NULL","call_market: US; employment: part-time job at a fruit and vegetable store (15-18 hours/week); funds: no working credit card, rebuilding finances; household: NULL","almost_stopped|belief","NULL","AW-4","Readymerce package","seeker","postpones rather than refuses outright","VERBATIM_VOC","NULL","NULL","NULL","NULL","call_outcome: DECLINED (for now); lead_quality_marker: curious about e-commerce for about 5 years without acting; currently has no working credit card and is financially rebuilding; will reach out once ready; merged_from: OWNED-US/Q-O-0052"
"Q-O-0053","OWNED-US/O-735a0ad4","OWNED_PROOF","operator_paste","Readymerce sales calls — US","Transcription-Outgoing Call with +16096082324","NULL","NULL","transcript","Transcription-Outgoing Call with +16096082324.txt","O-735a0ad4","2026-09 (SAMPLE — file date)","2026-09-24","NULL","NULL","NULL","N","[R-OWNED]","RC-OWNED","VOC-OWNED-US","I'm actually thinking to, you know, replace my job","So I'm actually thinking to, you know, replace my job. So I'm, like, maybe an average, let's say, what is the average.","NULL","NULL","NULL","4.8","PB-02","CP-01","CP-01|CP-04","NULL","NULL","NULL","NULL","NULL","NULL","call_market: US; employment: runs an independent IT/web-services business for clients; funds: NULL; household: NULL","desire","NULL","NULL","NULL","seeker","IT-services owner weighing whether this could replace her job","VERBATIM_VOC","NULL","NULL","NULL","NULL","call_outcome: BOOKED-FOLLOWUP; lead_quality_marker: wants to review materials at her desk before deciding; already builds websites for her own clients; merged_from: OWNED-US/Q-O-0053"
"Q-O-0054","OWNED-US/O-735a0ad4","OWNED_PROOF","operator_paste","Readymerce sales calls — US","Transcription-Outgoing Call with +16096082324","NULL","NULL","transcript","Transcription-Outgoing Call with +16096082324.txt","O-735a0ad4","2026-09 (SAMPLE — file date)","2026-09-24","NULL","NULL","NULL","N","[R-OWNED]","RC-OWNED","VOC-OWNED-US","I just wanna go through with it","I just wanna go through with it. And then we'll take it from there.","NULL","NULL","NULL","0","PB-01","CP-04","CP-04","NULL","NULL","NULL","NULL","NULL","NULL","call_market: US; employment: runs an independent IT/web-services business for clients; funds: NULL; household: NULL","made_them_act|belief","NULL","AW-4","Readymerce store setup","seeker","wants materials in front of her before committing further","VERBATIM_VOC","NULL","NULL","NULL","NULL","call_outcome: BOOKED-FOLLOWUP; lead_quality_marker: wants to review materials at her desk before deciding; already builds websites for her own clients; merged_from: OWNED-US/Q-O-0054"
"Q-O-0055","OWNED-US/O-82f75d9e","OWNED_PROOF","operator_paste","Readymerce sales calls — US","Transcription-Outgoing Call with +16824591502","NULL","NULL","transcript","Transcription-Outgoing Call with +16824591502.txt","O-82f75d9e","2026-09 (SAMPLE — file date)","2026-09-24","NULL","NULL","NULL","N","[R-OWNED]","RC-OWNED","VOC-OWNED-US","send me something to make me understand that you are legitimate","I'm saying I'm very interested. It's just gonna take next month. And can you send me something through email to make me understand that you are legitimate?","NULL","NULL","NULL","5.4","PB-03","CP-01","CP-01","NULL","NULL","NULL","NULL","NULL","NULL","call_market: US; employment: works in security; funds: budget cap around $600, waiting on October paycheck; household: NULL","skepticism|objection","NULL","AW-4","Readymerce legitimacy","seeker","wants written proof of legitimacy before committing","VERBATIM_VOC","NULL","NULL","NULL","NULL","call_outcome: BOOKED-FOLLOWUP (October); lead_quality_marker: asks for proof the company is legitimate before committing; wants to partner/invest money without doing the work himself; merged_from: OWNED-US/Q-O-0055"
"Q-O-0056","OWNED-US/O-82f75d9e","OWNED_PROOF","operator_paste","Readymerce sales calls — US","Transcription-Outgoing Call with +16824591502","NULL","NULL","transcript","Transcription-Outgoing Call with +16824591502.txt","O-82f75d9e","2026-09 (SAMPLE — file date)","2026-09-24","NULL","NULL","NULL","N","[R-OWNED]","RC-OWNED","VOC-OWNED-US","I don't wanna be trained to do it","and you guys are doing a full time work, though. I don't I don't expect to just you know, do all the work myself. I don't wanna be trained to do it. I wanna just put the money forward.","NULL","NULL","NULL","2.1","PB-01","CP-01","CP-01","NULL","NULL","NULL","NULL","NULL","NULL","call_market: US; employment: works in security; funds: budget cap around $600, waiting on October paycheck; household: NULL","desire|belief|hyper_responsive","NULL","AW-4","Readymerce done-for-you model","seeker","wants to fund it and stay hands-off entirely","VERBATIM_VOC","NULL","NULL","NULL","NULL","call_outcome: BOOKED-FOLLOWUP (October); lead_quality_marker: asks for proof the company is legitimate before committing; wants to partner/invest money without doing the work himself; merged_from: OWNED-US/Q-O-0056"
"Q-O-0057","OWNED-US/O-82f75d9e","OWNED_PROOF","operator_paste","Readymerce sales calls — US","Transcription-Outgoing Call with +16824591502","NULL","NULL","transcript","Transcription-Outgoing Call with +16824591502.txt","O-82f75d9e","2026-09 (SAMPLE — file date)","2026-09-24","NULL","NULL","NULL","N","[R-OWNED]","RC-OWNED","VOC-OWNED-US","how much is it? Is it 500 investment? 200 investment?","Okay. And now, like I said, I got till October. That's that's when I'm gonna push this. But my question to you is, man, how much is it? Is it 500 investment? 200 investment? Because I'm not going past 6.","NULL","NULL","NULL","1.5","PB-01","CP-01","CP-01","NULL","NULL","NULL","NULL","NULL","NULL","call_market: US; employment: works in security; funds: budget cap around $600, waiting on October paycheck; household: NULL","question_asked|spend|hyper_responsive","NULL","AW-4","Readymerce entry pricing","seeker","sets a hard cap on what he will spend","VERBATIM_VOC","NULL","NULL","NULL","NULL","call_outcome: BOOKED-FOLLOWUP (October); lead_quality_marker: asks for proof the company is legitimate before committing; wants to partner/invest money without doing the work himself; merged_from: OWNED-US/Q-O-0057"
"Q-O-0058","OWNED-US/O-f2df9424","OWNED_PROOF","operator_paste","Readymerce sales calls — US","Transcription-Outgoing Call with +16784379841","NULL","NULL","transcript","Transcription-Outgoing Call with +16784379841.txt","O-f2df9424","2026-09 (SAMPLE — file date)","2026-09-24","NULL","NULL","NULL","N","[R-OWNED]","RC-OWNED","VOC-OWNED-US","I want to at least get to a million or a billion","Well, I want to at least get to a million or a billion. Realistically.","NULL","NULL","NULL","4.0","PB-02","CP-02","CP-02","NULL","NULL","NULL","NULL","NULL","NULL","call_market: US; employment: NULL; funds: waiting on a Wednesday paycheck, card declined for insufficient funds, does not check his bank account regularly; household: girlfriend, four children, not married","desire|deeper_hope","NULL","NULL","NULL","seeker","names an outsized long-run money goal","VERBATIM_VOC","NULL","NULL","NULL","NULL","call_outcome: BOOKED-FOLLOWUP; lead_quality_marker: card declined for insufficient funds; plans to try again after Wednesday's pay; merged_from: OWNED-US/Q-O-0058"
"Q-O-0059","OWNED-US/O-f2df9424","OWNED_PROOF","operator_paste","Readymerce sales calls — US","Transcription-Outgoing Call with +16784379841","NULL","NULL","transcript","Transcription-Outgoing Call with +16784379841.txt","O-f2df9424","2026-09 (SAMPLE — file date)","2026-09-24","NULL","NULL","NULL","N","[R-OWNED]","RC-OWNED","VOC-OWNED-US","I do have a girlfriend. I have four children","Well, I am I do have a girlfriend. She's there from time to time. I have four children.","NULL","NULL","NULL","0","PB-02","CP-02","CP-02","NULL","NULL","NULL","NULL","NULL","NULL","call_market: US; employment: NULL; funds: waiting on a Wednesday paycheck, card declined for insufficient funds, does not check his bank account regularly; household: girlfriend, four children, not married","scene|identity","NULL","NULL","NULL","seeker","describes his household while sorting out payment","VERBATIM_VOC","NULL","NULL","NULL","NULL","call_outcome: BOOKED-FOLLOWUP; lead_quality_marker: card declined for insufficient funds; plans to try again after Wednesday's pay; merged_from: OWNED-US/Q-O-0059"
"Q-O-0060","OWNED-US/O-f2df9424","OWNED_PROOF","operator_paste","Readymerce sales calls — US","Transcription-Outgoing Call with +16784379841","NULL","NULL","transcript","Transcription-Outgoing Call with +16784379841.txt","O-f2df9424","2026-09 (SAMPLE — file date)","2026-09-24","NULL","NULL","NULL","N","[R-OWNED]","RC-OWNED","VOC-OWNED-US","your car has insufficient funds to complete","I can't complete it. So your car has insufficient funds to complete and partially use a different.","NULL","NULL","NULL","5.8","PB-02","CP-02","CP-02","NULL","NULL","NULL","NULL","NULL","NULL","call_market: US; employment: NULL; funds: waiting on a Wednesday paycheck, card declined for insufficient funds, does not check his bank account regularly; household: girlfriend, four children, not married","spend|objection|fear","NULL","AW-4","Readymerce payment attempt","seeker","card declines live on the call for insufficient funds","REPORTED_OUTCOME","NULL","NULL","NULL","NULL","call_outcome: BOOKED-FOLLOWUP; lead_quality_marker: card declined for insufficient funds; plans to try again after Wednesday's pay; merged_from: OWNED-US/Q-O-0060"
"Q-O-0061","OWNED-US/O-f2df9424","OWNED_PROOF","operator_paste","Readymerce sales calls — US","Transcription-Outgoing Call with +16784379841","NULL","NULL","transcript","Transcription-Outgoing Call with +16784379841.txt","O-f2df9424","2026-09 (SAMPLE — file date)","2026-09-24","NULL","NULL","NULL","N","[R-OWNED]","RC-OWNED","VOC-OWNED-US","I do not check my bank account regularly","If I do have something left over in the bank, I will have to confirm that with them. I do not check my I do not check my bank account regularly.","NULL","NULL","NULL","5.3","PB-02","CP-02","CP-02","NULL","NULL","NULL","NULL","NULL","NULL","call_market: US; employment: NULL; funds: waiting on a Wednesday paycheck, card declined for insufficient funds, does not check his bank account regularly; household: girlfriend, four children, not married","belief","NULL","NULL","NULL","seeker","admits he does not track his own bank balance","VERBATIM_VOC","NULL","NULL","NULL","NULL","call_outcome: BOOKED-FOLLOWUP; lead_quality_marker: card declined for insufficient funds; plans to try again after Wednesday's pay; merged_from: OWNED-US/Q-O-0061"
"Q-O-0062","OWNED-US/O-81abb644","OWNED_PROOF","operator_paste","Readymerce sales calls — US","Transcription-Outgoing Call with +12516488337","NULL","NULL","transcript","Transcription-Outgoing Call with +12516488337.txt","O-81abb644","2026-09 (SAMPLE — file date)","2026-09-24","NULL","NULL","NULL","N","[R-OWNED]","RC-OWNED","VOC-OWNED-US","I gave somebody $4,500, and they took my money","And I I I I I did the same thing. Gave somebody right right it might have been 400 $4,500, and they they took my money.","NULL","NULL","NULL","2.9","PB-03","CP-03","CP-03","NULL","NULL","NULL","NULL","NULL","NULL","call_market: US; employment: NULL; funds: previously lost $4,500 to a scam, currently gathering money; household: NULL","failed_solution|spend|fear","TRIED-FAILED","NULL","NULL","dissatisfied","lost $4,500 to a prior similar offer before this call","REPORTED_OUTCOME","NULL","NULL","NULL","NULL","call_outcome: BOOKED-FOLLOWUP (2 weeks); lead_quality_marker: lost $4,500 to a prior scam; asked to be called back once he has money together; merged_from: OWNED-US/Q-O-0062"
"Q-O-0063","OWNED-US/O-81abb644","OWNED_PROOF","operator_paste","Readymerce sales calls — US","Transcription-Outgoing Call with +12516488337","NULL","NULL","transcript","Transcription-Outgoing Call with +12516488337.txt","O-81abb644","2026-09 (SAMPLE — file date)","2026-09-24","NULL","NULL","NULL","N","[R-OWNED]","RC-OWNED","VOC-OWNED-US","I need to, you know, get my money together","So I need to, you know, get my get my money together get some money together Yeah. I I just kinda had some things going on myself.","NULL","NULL","NULL","5.0","PB-01","CP-03","CP-03","NULL","NULL","NULL","NULL","NULL","NULL","call_market: US; employment: NULL; funds: previously lost $4,500 to a scam, currently gathering money; household: NULL","spend","NULL","AW-4","Readymerce $500 package","seeker","needs time to gather the money before he can pay","VERBATIM_VOC","NULL","NULL","NULL","NULL","call_outcome: BOOKED-FOLLOWUP (2 weeks); lead_quality_marker: lost $4,500 to a prior scam; asked to be called back once he has money together; merged_from: OWNED-US/Q-O-0063"
"Q-O-0064","OWNED-US/O-81abb644","OWNED_PROOF","operator_paste","Readymerce sales calls — US","Transcription-Outgoing Call with +12516488337","NULL","NULL","transcript","Transcription-Outgoing Call with +12516488337.txt","O-81abb644","2026-09 (SAMPLE — file date)","2026-09-24","NULL","NULL","NULL","N","[R-OWNED]","RC-OWNED","VOC-OWNED-US","Call me back in two weeks","Or or the next two weeks. Let's give it two let's give it two weeks. Call me back yeah. Call me back in two weeks. Two weeks, and we'll we'll go from there.","NULL","NULL","NULL","0","PB-01","CP-03","CP-03","NULL","NULL","NULL","NULL","NULL","NULL","call_market: US; employment: NULL; funds: previously lost $4,500 to a scam, currently gathering money; household: NULL","made_them_act|belief","NULL","AW-4","Readymerce follow-up","seeker","sets a concrete follow-up window rather than declining","VERBATIM_VOC","NULL","NULL","NULL","NULL","call_outcome: BOOKED-FOLLOWUP (2 weeks); lead_quality_marker: lost $4,500 to a prior scam; asked to be called back once he has money together; merged_from: OWNED-US/Q-O-0064"
"Q-O-0065","OWNED-US/O-9750469a","OWNED_PROOF","operator_paste","Readymerce sales calls — US","Transcription-Outgoing Call with +12396994029 (2)","NULL","NULL","transcript","Transcription-Outgoing Call with +12396994029 (2).txt","O-9750469a","2026-09 (SAMPLE — file date)","2026-09-24","NULL","NULL","NULL","N","[R-OWNED]","RC-OWNED","VOC-OWNED-US","I still haven't got a job with over 700 applications","I've been out of prison since July 17, the 2025, and I still haven't got a job with over 700 applications.","NULL","NULL","NULL","7.8","PB-02","CP-03","CP-03","NULL","NULL","NULL","NULL","NULL","NULL","call_market: US; employment: unemployed, multi-convicted felon, over 700 job applications since release (July 2025); funds: owes $180,000 in restitution, car repossessed ($2,800 to retrieve); household: NULL","scene|fear|trigger","TRIED-FAILED","NULL","NULL","sufferer","cannot find employment despite hundreds of applications","REPORTED_OUTCOME","NULL","NULL","NULL","NULL","call_outcome: UNKNOWN; lead_quality_marker: same prospect as Q-O-0010/0011/0012/0013 on a later call; unemployed despite 700+ applications; questions why he'd pay when AI tools could let him DIY; merged_from: OWNED-US/Q-O-0065"
"Q-O-0066","OWNED-US/O-9750469a","OWNED_PROOF","operator_paste","Readymerce sales calls — US","Transcription-Outgoing Call with +12396994029 (2)","NULL","NULL","transcript","Transcription-Outgoing Call with +12396994029 (2).txt","O-9750469a","2026-09 (SAMPLE — file date)","2026-09-24","NULL","NULL","NULL","N","[R-OWNED]","RC-OWNED","VOC-OWNED-US","I owe a $180,000 after doing seven years in prison","I also didn't think I'd owe a $180,000 after doing seven years in prison. I just did seven years in prison, and then I came home and they wanted a $180,000 in restitution.","NULL","NULL","NULL","6.1","PB-03","CP-03","CP-03","NULL","NULL","NULL","NULL","NULL","NULL","call_market: US; employment: unemployed, multi-convicted felon, over 700 job applications since release (July 2025); funds: owes $180,000 in restitution, car repossessed ($2,800 to retrieve); household: NULL","spend|fear","NULL","NULL","NULL","sufferer","carries a $180,000 restitution debt from before this call","REPORTED_OUTCOME","NULL","NULL","NULL","NULL","call_outcome: UNKNOWN; lead_quality_marker: same prospect as Q-O-0010/0011/0012/0013 on a later call; unemployed despite 700+ applications; questions why he'd pay when AI tools could let him DIY; merged_from: OWNED-US/Q-O-0066"
"Q-O-0067","OWNED-US/O-9750469a","OWNED_PROOF","operator_paste","Readymerce sales calls — US","Transcription-Outgoing Call with +12396994029 (2)","NULL","NULL","transcript","Transcription-Outgoing Call with +12396994029 (2).txt","O-9750469a","2026-09 (SAMPLE — file date)","2026-09-24","NULL","NULL","NULL","N","[R-OWNED]","RC-OWNED","VOC-OWNED-US","they want $2,800 for me to just get it out of there","I just went to the just went to just went to the bank and you know, asked about my repossessed card that they just took the other day. And they want $2,800 for me to just get it out of there.","NULL","NULL","NULL","5.8","PB-02","CP-03","CP-03","NULL","NULL","NULL","NULL","NULL","NULL","call_market: US; employment: unemployed, multi-convicted felon, over 700 job applications since release (July 2025); funds: owes $180,000 in restitution, car repossessed ($2,800 to retrieve); household: NULL","spend|scene|hyper_responsive","NULL","NULL","NULL","sufferer","his car was just repossessed on the way into this call","REPORTED_OUTCOME","NULL","NULL","NULL","NULL","call_outcome: UNKNOWN; lead_quality_marker: same prospect as Q-O-0010/0011/0012/0013 on a later call; unemployed despite 700+ applications; questions why he'd pay when AI tools could let him DIY; merged_from: OWNED-US/Q-O-0067"
"Q-O-0068","OWNED-US/O-9750469a","OWNED_PROOF","operator_paste","Readymerce sales calls — US","Transcription-Outgoing Call with +12396994029 (2)","NULL","NULL","transcript","Transcription-Outgoing Call with +12396994029 (2).txt","O-9750469a","2026-09 (SAMPLE — file date)","2026-09-24","NULL","NULL","NULL","N","[R-OWNED]","RC-OWNED","VOC-OWNED-US","What would stop me from just doing this?","So let me ask you, like, a real question. I'm not trying to bust your balls or anything. What would stop me from just doing this? I'm pretty cognitive. I'm pretty smart.","NULL","NULL","NULL","1.3","PB-01","CP-03","CP-03","NULL","NULL","NULL","NULL","NULL","NULL","call_market: US; employment: unemployed, multi-convicted felon, over 700 job applications since release (July 2025); funds: owes $180,000 in restitution, car repossessed ($2,800 to retrieve); household: NULL","objection|skepticism","NULL","AW-3","AI tools (ChatGPT, Cursor, Perplexity) as a DIY substitute","seeker","questions why he needs to pay when AI could do it himself","VERBATIM_VOC","NULL","NULL","NULL","NULL","call_outcome: UNKNOWN; lead_quality_marker: same prospect as Q-O-0010/0011/0012/0013 on a later call; unemployed despite 700+ applications; questions why he'd pay when AI tools could let him DIY; merged_from: OWNED-US/Q-O-0068"
"Q-O-0069","OWNED-US/O-cd4a2a0d","OWNED_PROOF","operator_paste","Readymerce sales calls — US","Transcription-Outgoing Call with +12406919537","NULL","NULL","transcript","Transcription-Outgoing Call with +12406919537.txt","O-cd4a2a0d","2026-09 (SAMPLE — file date)","2026-09-24","NULL","NULL","NULL","N","[R-OWNED]","RC-OWNED","VOC-OWNED-US","I've been on the list for two years for apartment","Yep. It's it's that bad out here, man. I put myself on a list, and I've been on the list for two years for apartment. Ain't got apartment yet.","NULL","NULL","NULL","1.1","PB-07","CP-06","CP-06","NULL","NULL","NULL","NULL","NULL","NULL","call_market: US; employment: gig work (DoorDash), recently left a nursing home; funds: relies on a Social Security check, on a 2-year waitlist for an apartment; household: briefly married in the past, a son who died","scene|fear","NULL","NULL","NULL","sufferer","two years on a waitlist with no apartment yet","VERBATIM_VOC","NULL","NULL","NULL","NULL","call_outcome: BOOKED-FOLLOWUP (call back in a few days); lead_quality_marker: turning 68 in September, on Social Security, doing DoorDash, on a two-year apartment waitlist; merged_from: OWNED-US/Q-O-0069"
"Q-O-0070","OWNED-US/O-cd4a2a0d","OWNED_PROOF","operator_paste","Readymerce sales calls — US","Transcription-Outgoing Call with +12406919537","NULL","NULL","transcript","Transcription-Outgoing Call with +12406919537.txt","O-cd4a2a0d","2026-09 (SAMPLE — file date)","2026-09-24","NULL","NULL","NULL","N","[R-OWNED]","RC-OWNED","VOC-OWNED-US","I'm doing DoorDash, and I just got out of nursing home","Doing DoorDash, and I'm I'm I just got out of nursing home. Last month, it was I'm on a twenty fifth, and I've been doing DoorDash.","NULL","NULL","NULL","3.1","PB-07","CP-06","CP-06","NULL","NULL","NULL","NULL","NULL","NULL","call_market: US; employment: gig work (DoorDash), recently left a nursing home; funds: relies on a Social Security check, on a 2-year waitlist for an apartment; household: briefly married in the past, a son who died","scene|identity","NULL","NULL","NULL","sufferer","doing gig delivery work shortly after leaving a nursing home","VERBATIM_VOC","NULL","NULL","NULL","NULL","call_outcome: BOOKED-FOLLOWUP (call back in a few days); lead_quality_marker: turning 68 in September, on Social Security, doing DoorDash, on a two-year apartment waitlist; merged_from: OWNED-US/Q-O-0070"
"Q-O-0071","OWNED-US/O-cd4a2a0d","OWNED_PROOF","operator_paste","Readymerce sales calls — US","Transcription-Outgoing Call with +12406919537","NULL","NULL","transcript","Transcription-Outgoing Call with +12406919537.txt","O-cd4a2a0d","2026-09 (SAMPLE — file date)","2026-09-24","NULL","NULL","NULL","N","[R-OWNED]","RC-OWNED","VOC-OWNED-US","I ain't getting the money right this second","I need to think about it because I ain't getting the money right this second.","NULL","NULL","NULL","6.0","PB-07","CP-06","CP-06","NULL","NULL","NULL","NULL","NULL","NULL","call_market: US; employment: gig work (DoorDash), recently left a nursing home; funds: relies on a Social Security check, on a 2-year waitlist for an apartment; household: briefly married in the past, a son who died","objection|spend","NULL","AW-4","Readymerce package","sufferer","cannot fund it today, needs time to think","VERBATIM_VOC","NULL","NULL","NULL","NULL","call_outcome: BOOKED-FOLLOWUP (call back in a few days); lead_quality_marker: turning 68 in September, on Social Security, doing DoorDash, on a two-year apartment waitlist; merged_from: OWNED-US/Q-O-0071"
"Q-O-0072","OWNED-US/O-cd4a2a0d","OWNED_PROOF","operator_paste","Readymerce sales calls — US","Transcription-Outgoing Call with +12406919537","NULL","NULL","transcript","Transcription-Outgoing Call with +12406919537.txt","O-cd4a2a0d","2026-09 (SAMPLE — file date)","2026-09-24","NULL","NULL","NULL","N","[R-OWNED]","RC-OWNED","VOC-OWNED-US","If I can make the money, I'm a do it","I'm try I'm a I'm a I'm a try. If I if I if I can make the make the money, I'm I'm a do it. I think I can do.","NULL","NULL","NULL","0.6","PB-07","CP-06","CP-06","NULL","NULL","NULL","NULL","NULL","NULL","call_market: US; employment: gig work (DoorDash), recently left a nursing home; funds: relies on a Social Security check, on a 2-year waitlist for an apartment; household: briefly married in the past, a son who died","made_them_act|belief","NULL","AW-4","Readymerce package","sufferer","commits to trying once he can raise the money","VERBATIM_VOC","NULL","NULL","NULL","NULL","call_outcome: BOOKED-FOLLOWUP (call back in a few days); lead_quality_marker: turning 68 in September, on Social Security, doing DoorDash, on a two-year apartment waitlist; merged_from: OWNED-US/Q-O-0072"
"Q-O-0073","OWNED-US/O-cc8c465f","OWNED_PROOF","operator_paste","Readymerce sales calls — US","Transcription-Incoming Call with +15804836325","NULL","NULL","transcript","Transcription-Incoming Call with +15804836325.txt","O-cc8c465f","2026-09 (SAMPLE — file date)","2026-09-24","NULL","NULL","NULL","N","[R-OWNED]","RC-OWNED","VOC-OWNED-US","I felt like it was a scam","Honestly, for me, it didn't last that long because I felt like it was a scam because I would put money in and put money in, and then there'll be certain times where I wasn't allowed to pull my money whenever I needed to pull my money.","NULL","NULL","NULL","18.6","PB-03","CP-03","CP-03","NULL","NULL","NULL","NULL","NULL","NULL","call_market: US; employment: hourly worker with a variable schedule, runs multiple side hustles; funds: over $1,000 stuck in a prior dropshipping account she cannot withdraw; household: NULL","failed_solution|skepticism|fear|hyper_responsive","TRIED-FAILED","AW-4","a prior dropshipping platform","dissatisfied","prior store felt like a scam once she tried to withdraw","REPORTED_OUTCOME","NULL","NULL","NULL","NULL","call_outcome: DECLINED; lead_quality_marker: ran a dropshipping store before that felt like a scam — over $1,000 is still stuck in that account and she cannot withdraw it; merged_from: OWNED-US/Q-O-0073"
"Q-O-0074","OWNED-US/O-cc8c465f","OWNED_PROOF","operator_paste","Readymerce sales calls — US","Transcription-Incoming Call with +15804836325","NULL","NULL","transcript","Transcription-Incoming Call with +15804836325.txt","O-cc8c465f","2026-09 (SAMPLE — file date)","2026-09-24","NULL","NULL","NULL","N","[R-OWNED]","RC-OWNED","VOC-OWNED-US","over a thousand dollars sitting in my account","Currently, till this day, I have, like, over a thousand dollars sitting in my, that account, and I can't pull my money out. So yeah.","NULL","NULL","NULL","4.9","PB-06","CP-03","CP-03","NULL","NULL","NULL","NULL","NULL","NULL","call_market: US; employment: hourly worker with a variable schedule, runs multiple side hustles; funds: over $1,000 stuck in a prior dropshipping account she cannot withdraw; household: NULL","spend|fear|outcome_reported","TRIED-FAILED","NULL","NULL","dissatisfied","still has over $1,000 locked in a prior store's account","REPORTED_OUTCOME","NULL","NULL","NULL","NULL","call_outcome: DECLINED; lead_quality_marker: ran a dropshipping store before that felt like a scam — over $1,000 is still stuck in that account and she cannot withdraw it; merged_from: OWNED-US/Q-O-0074"
"Q-O-0075","OWNED-US/O-cc8c465f","OWNED_PROOF","operator_paste","Readymerce sales calls — US","Transcription-Incoming Call with +15804836325","NULL","NULL","transcript","Transcription-Incoming Call with +15804836325.txt","O-cc8c465f","2026-09 (SAMPLE — file date)","2026-09-24","NULL","NULL","NULL","N","[R-OWNED]","RC-OWNED","VOC-OWNED-US","it would be too much to do anything at all right now","Really, right now, it it's like it would be too much to do anything at all. Right now waiting till I get, like, a second job or something of that nature and then I'd be ready.","NULL","NULL","NULL","6.2","PB-06","CP-03","CP-03","NULL","NULL","NULL","NULL","NULL","NULL","call_market: US; employment: hourly worker with a variable schedule, runs multiple side hustles; funds: over $1,000 stuck in a prior dropshipping account she cannot withdraw; household: NULL","objection|spend","NULL","AW-4","Readymerce package","dissatisfied","waiting on a second job before she can afford to try again","VERBATIM_VOC","NULL","NULL","NULL","NULL","call_outcome: DECLINED; lead_quality_marker: ran a dropshipping store before that felt like a scam — over $1,000 is still stuck in that account and she cannot withdraw it; merged_from: OWNED-US/Q-O-0075"
"Q-O-0076","OWNED-US/O-ff7f44b5","OWNED_PROOF","operator_paste","Readymerce sales calls — US","Transcription-Outgoing Call with +13024099829","NULL","NULL","transcript","Transcription-Outgoing Call with +13024099829.txt","O-ff7f44b5","2026-09 (SAMPLE — file date)","2026-09-24","NULL","NULL","NULL","N","[R-OWNED]","RC-OWNED","VOC-OWNED-US","I'm 56. I don't have I'm not in Internet","I don't know how to do that. I'm I'm 56. I don't have I'm not in Internet.","NULL","NULL","NULL","0","PB-01","NULL","NULL","NULL","NULL","NULL","NULL","NULL","NULL","call_market: US; employment: works until midnight (job unspecified); funds: NULL; household: NULL","identity|fear|symptom","NULL","NULL","NULL","seeker","describes herself as not being an internet person","VERBATIM_VOC","NULL","NULL","NULL","NULL","call_outcome: BOOKED-FOLLOWUP; lead_quality_marker: 56 years old, describes herself as not internet-savvy; exhausted from a late shift during the call, could not get past a browser security warning; merged_from: OWNED-US/Q-O-0076"
"Q-O-0077","OWNED-US/O-ff7f44b5","OWNED_PROOF","operator_paste","Readymerce sales calls — US","Transcription-Outgoing Call with +13024099829","NULL","NULL","transcript","Transcription-Outgoing Call with +13024099829.txt","O-ff7f44b5","2026-09 (SAMPLE — file date)","2026-09-24","NULL","NULL","NULL","N","[R-OWNED]","RC-OWNED","VOC-OWNED-US","I don't know what to do. This is not working for me","I don't know what to do. This is not working for me.","NULL","NULL","NULL","0","PB-01","NULL","NULL","NULL","NULL","NULL","NULL","NULL","NULL","call_market: US; employment: works until midnight (job unspecified); funds: NULL; household: NULL","symptom|failed_solution|objection","TRIED-FAILED","AW-4","Readymerce sign-up page","seeker","stuck on a browser security warning she cannot resolve","VERBATIM_VOC","NULL","NULL","NULL","NULL","call_outcome: BOOKED-FOLLOWUP; lead_quality_marker: 56 years old, describes herself as not internet-savvy; exhausted from a late shift during the call, could not get past a browser security warning; merged_from: OWNED-US/Q-O-0077"
"Q-O-0078","OWNED-US/O-ff7f44b5","OWNED_PROOF","operator_paste","Readymerce sales calls — US","Transcription-Outgoing Call with +13024099829","NULL","NULL","transcript","Transcription-Outgoing Call with +13024099829.txt","O-ff7f44b5","2026-09 (SAMPLE — file date)","2026-09-24","NULL","NULL","NULL","N","[R-OWNED]","RC-OWNED","VOC-OWNED-US","I'm tired, baby. I gotta go to work","No. I need you to do nothing. I have to lay down. I'm tired, baby. I'm gotta go to work, and I don't get off till twelve tonight.","NULL","NULL","NULL","0.5","PB-04","NULL","NULL","NULL","NULL","NULL","NULL","NULL","NULL","call_market: US; employment: works until midnight (job unspecified); funds: NULL; household: NULL","scene","NULL","NULL","NULL","seeker","exhausted before a late-night work shift","VERBATIM_VOC","NULL","NULL","NULL","NULL","call_outcome: BOOKED-FOLLOWUP; lead_quality_marker: 56 years old, describes herself as not internet-savvy; exhausted from a late shift during the call, could not get past a browser security warning; merged_from: OWNED-US/Q-O-0078"
"Q-O-0079","OWNED-US/O-6c263bde","OWNED_PROOF","operator_paste","Readymerce sales calls — US","Transcription-Incoming Call with +16266265126","NULL","NULL","transcript","Transcription-Incoming Call with +16266265126.txt","O-6c263bde","2026-09 (SAMPLE — file date)","2026-09-24","NULL","NULL","NULL","N","[R-OWNED]","RC-OWNED","VOC-OWNED-US","The AI is getting too fast. Too crazy","Yeah. But it's all good. It's all good. Yeah. We'll try to make some money, bro. Right now, it's very important. The AI is getting too fast. Too crazy. So right now, it's very important. I'm working twenty four hours a day, seven days a week.","NULL","NULL","NULL","1.1","PB-02","NULL","NULL","NULL","NULL","NULL","NULL","NULL","NULL","call_market: US; employment: describes working around the clock on his own hustle; funds: NULL; household: no children, does not plan to have any","trigger|belief|hyper_responsive","NULL","NULL","NULL","seeker","feels time pressure from how fast AI is moving","VERBATIM_VOC","NULL","NULL","NULL","NULL","call_outcome: BOOKED-FOLLOWUP (Monday); lead_quality_marker: frames AI as a closing window of opportunity he needs to move fast on; merged_from: OWNED-US/Q-O-0079"
"Q-O-0080","OWNED-US/O-6c263bde","OWNED_PROOF","operator_paste","Readymerce sales calls — US","Transcription-Incoming Call with +16266265126","NULL","NULL","transcript","Transcription-Incoming Call with +16266265126.txt","O-6c263bde","2026-09 (SAMPLE — file date)","2026-09-24","NULL","NULL","NULL","N","[R-OWNED]","RC-OWNED","VOC-OWNED-US","I don't have any kids. I don't plan on having kids","Yeah. But then, you know, sometimes for me, I don't have any kids. Right? But I say, I feel like I'm still a kid. Because I don't plan on having kids.","NULL","NULL","NULL","0.9","NULL","NULL","NULL","NULL","NULL","NULL","NULL","NULL","NULL","call_market: US; employment: describes working around the clock on his own hustle; funds: NULL; household: no children, does not plan to have any","identity","NULL","NULL","NULL","seeker","volunteers that he has and wants no children","VERBATIM_VOC","NULL","NULL","NULL","NULL","call_outcome: BOOKED-FOLLOWUP (Monday); lead_quality_marker: frames AI as a closing window of opportunity he needs to move fast on; merged_from: OWNED-US/Q-O-0080"
"Q-O-0081","OWNED-US/O-1bf10396","OWNED_PROOF","operator_paste","Readymerce sales calls — US","Transcription-Outgoing Call with +12403420578","NULL","NULL","transcript","Transcription-Outgoing Call with +12403420578.txt","O-1bf10396","2026-09 (SAMPLE — file date)","2026-09-24","NULL","NULL","NULL","N","[R-OWNED]","RC-OWNED","VOC-OWNED-US","How do I know you're real?","How do I know how do I know what changed my life? How do I know you you're real?","NULL","NULL","NULL","0.5","PB-03","CP-06","CP-06","NULL","NULL","NULL","NULL","NULL","NULL","call_market: US; employment: NULL; funds: Social Security recipient, living in Washington DC (high cost of living); household: NULL","skepticism|objection","NULL","AW-4","Readymerce (caller legitimacy)","seeker","questions whether the caller and claims are legitimate","VERBATIM_VOC","NULL","NULL","NULL","NULL","call_outcome: BOOKED-FOLLOWUP (will call once money is secured); lead_quality_marker: prior Wix store attempt ('Dream...Boutique') did not work; guarded about whether the caller and offer are real; merged_from: OWNED-US/Q-O-0081"
"Q-O-0082","OWNED-US/O-1bf10396","OWNED_PROOF","operator_paste","Readymerce sales calls — US","Transcription-Outgoing Call with +12403420578","NULL","NULL","transcript","Transcription-Outgoing Call with +12403420578.txt","O-1bf10396","2026-09 (SAMPLE — file date)","2026-09-24","NULL","NULL","NULL","N","[R-OWNED]","RC-OWNED","VOC-OWNED-US","I picked the baby store. It just didn't work","they you know, I picked the baby store. It was called something Dream Something Boutique but it just didn't work because they said I had to they didn't do 95% or I don't know what percent of it that they did.","NULL","NULL","NULL","7.0","PB-06","CP-03","CP-03|CP-06","NULL","NULL","NULL","NULL","NULL","NULL","call_market: US; employment: NULL; funds: Social Security recipient, living in Washington DC (high cost of living); household: NULL","failed_solution|outcome_reported","TRIED-FAILED","AW-3","Wix (prior DIY store attempt)","dissatisfied","a prior self-built store under a different platform did not work out","REPORTED_OUTCOME","NULL","NULL","NULL","NULL","call_outcome: BOOKED-FOLLOWUP (will call once money is secured); lead_quality_marker: prior Wix store attempt ('Dream...Boutique') did not work; guarded about whether the caller and offer are real; merged_from: OWNED-US/Q-O-0082"
"Q-O-0083","OWNED-US/O-1bf10396","OWNED_PROOF","operator_paste","Readymerce sales calls — US","Transcription-Outgoing Call with +12403420578","NULL","NULL","transcript","Transcription-Outgoing Call with +12403420578.txt","O-1bf10396","2026-09 (SAMPLE — file date)","2026-09-24","NULL","NULL","NULL","N","[R-OWNED]","RC-OWNED","VOC-OWNED-US","It's not easy to get $500, especially with other bills","secured in my account and know that it's safe, that I can do that. Because that's $500. It's not easy to get $500, especially you know, with other bills. Living in DC is expensive.","NULL","NULL","NULL","3.8","PB-02","CP-06","CP-06","NULL","NULL","NULL","NULL","NULL","NULL","call_market: US; employment: NULL; funds: Social Security recipient, living in Washington DC (high cost of living); household: NULL","spend|tradeoff","NULL","AW-4","Readymerce $500 package","seeker","weighs $500 against a high cost of living on a fixed income","VERBATIM_VOC","NULL","NULL","NULL","NULL","call_outcome: BOOKED-FOLLOWUP (will call once money is secured); lead_quality_marker: prior Wix store attempt ('Dream...Boutique') did not work; guarded about whether the caller and offer are real; merged_from: OWNED-US/Q-O-0083"
"Q-O-0084","OWNED-US/O-1bf10396","OWNED_PROOF","operator_paste","Readymerce sales calls — US","Transcription-Outgoing Call with +12403420578","NULL","NULL","transcript","Transcription-Outgoing Call with +12403420578.txt","O-1bf10396","2026-09 (SAMPLE — file date)","2026-09-24","NULL","NULL","NULL","N","[R-OWNED]","RC-OWNED","VOC-OWNED-US","I might not wake up tomorrow. So who knows?","I can't do nothing, you know, because I might not wake up tomorrow. So who knows?","NULL","NULL","NULL","2.3","PB-07","CP-06","CP-06","NULL","NULL","NULL","NULL","NULL","NULL","call_market: US; employment: NULL; funds: Social Security recipient, living in Washington DC (high cost of living); household: NULL","fear","NULL","NULL","NULL","seeker","weighs the decision against her own mortality","VERBATIM_VOC","NULL","NULL","NULL","NULL","call_outcome: BOOKED-FOLLOWUP (will call once money is secured); lead_quality_marker: prior Wix store attempt ('Dream...Boutique') did not work; guarded about whether the caller and offer are real; merged_from: OWNED-US/Q-O-0084"
"Q-O-0085","OWNED-US/O-264472f5","OWNED_PROOF","operator_paste","Readymerce sales calls — US","Transcription-Outgoing Call with +15713082717","NULL","NULL","transcript","Transcription-Outgoing Call with +15713082717.txt","O-264472f5","2026-09 (SAMPLE — file date)","2026-09-24","NULL","NULL","NULL","N","[R-OWNED]","RC-OWNED","VOC-OWNED-US","I have to pay for my student my son college fees","It's not that part because I have to I have to pay for my student my son college fees also. So that is the way that is the primary.","NULL","NULL","NULL","4.3","PB-02","CP-02","CP-02","NULL","NULL","NULL","NULL","NULL","NULL","call_market: US; employment: works in finance and software development, relocated to the US for his company; funds: paying his son's college tuition, daughter starting college in 2-3 years; household: son in college, daughter approaching college age","spend|tradeoff","NULL","NULL","NULL","seeker","son's college fees are the main financial pressure","VERBATIM_VOC","NULL","NULL","NULL","NULL","call_outcome: BOOKED-FOLLOWUP (Wednesday 1pm EST); lead_quality_marker: exploring 3-4 business ideas in parallel, online being one; college tuition for two children drives the need for extra income; merged_from: OWNED-US/Q-O-0085"
"Q-O-0086","OWNED-US/O-264472f5","OWNED_PROOF","operator_paste","Readymerce sales calls — US","Transcription-Outgoing Call with +15713082717","NULL","NULL","transcript","Transcription-Outgoing Call with +15713082717.txt","O-264472f5","2026-09 (SAMPLE — file date)","2026-09-24","NULL","NULL","NULL","N","[R-OWNED]","RC-OWNED","VOC-OWNED-US","My daughter is going to start college in two, three years","I have another child. My daughter, she is going to start college in two, three years.","NULL","NULL","NULL","2.3","PB-02","CP-02","CP-02","NULL","NULL","NULL","NULL","NULL","NULL","call_market: US; employment: works in finance and software development, relocated to the US for his company; funds: paying his son's college tuition, daughter starting college in 2-3 years; household: son in college, daughter approaching college age","scene","NULL","NULL","NULL","seeker","a second round of tuition is approaching","VERBATIM_VOC","NULL","NULL","NULL","NULL","call_outcome: BOOKED-FOLLOWUP (Wednesday 1pm EST); lead_quality_marker: exploring 3-4 business ideas in parallel, online being one; college tuition for two children drives the need for extra income; merged_from: OWNED-US/Q-O-0086"
"Q-O-0087","OWNED-US/O-264472f5","OWNED_PROOF","operator_paste","Readymerce sales calls — US","Transcription-Outgoing Call with +15713082717","NULL","NULL","transcript","Transcription-Outgoing Call with +15713082717.txt","O-264472f5","2026-09 (SAMPLE — file date)","2026-09-24","NULL","NULL","NULL","N","[R-OWNED]","RC-OWNED","VOC-OWNED-US","I will start at least three to four businesses","I have several other options already open. I'm already going in the other direction also. But this is one of the option I'm thinking about, but I I I will start at least three to four businesses. So online is one of the business.","NULL","NULL","NULL","6.4","PB-05","CP-02","CP-02","NULL","NULL","NULL","NULL","NULL","NULL","call_market: US; employment: works in finance and software development, relocated to the US for his company; funds: paying his son's college tuition, daughter starting college in 2-3 years; household: son in college, daughter approaching college age","belief|desire|hyper_responsive","CONSIDERING","AW-3","online store as one of several business ideas","seeker","treats the store as one bet among several business ideas","VERBATIM_VOC","NULL","NULL","NULL","NULL","call_outcome: BOOKED-FOLLOWUP (Wednesday 1pm EST); lead_quality_marker: exploring 3-4 business ideas in parallel, online being one; college tuition for two children drives the need for extra income; merged_from: OWNED-US/Q-O-0087"
"Q-O-0088","OWNED-US/O-7198f7ec","OWNED_PROOF","operator_paste","Readymerce sales calls — US","Transcription-Outgoing Call with +15059303142","NULL","NULL","transcript","Transcription-Outgoing Call with +15059303142.txt","O-7198f7ec","2026-09 (SAMPLE — file date)","2026-09-24","NULL","NULL","NULL","N","[R-OWNED]","RC-OWNED","VOC-OWNED-US","I need to finish school. That's my main goal","That's why I have to just slow down some and not be making any promises ... I need to finish school. That's my main goal.","NULL","NULL","NULL","1.8","PB-02","NULL","NULL","NULL","NULL","NULL","NULL","NULL","NULL","call_market: US; employment: student; funds: NULL; household: NULL","belief|tradeoff","NULL","NULL","NULL","seeker","wants to finish school before starting anything","VERBATIM_VOC","NULL","NULL","NULL","NULL","call_outcome: BOOKED-FOLLOWUP; lead_quality_marker: wants to wait until she finishes school before committing money or time; merged_from: OWNED-US/Q-O-0088"
"Q-O-0089","OWNED-US/O-0dc3510d","OWNED_PROOF","operator_paste","Readymerce sales calls — US","Transcription-Outgoing Call with +12674449193 (1)","NULL","NULL","transcript","Transcription-Outgoing Call with +12674449193 (1).txt","O-0dc3510d","2026-09 (SAMPLE — file date)","2026-09-24","NULL","NULL","NULL","N","[R-OWNED]","RC-OWNED","VOC-OWNED-US","My problem is again, a marketing and visibility","I have products. I have a website. I have all of that with zero out of pocket. My problem is again, a marketing and visibility. With no visibility, you can have all of that and it don't need shit.","NULL","NULL","NULL","4.1","PB-06","CP-03","CP-03","NULL","NULL","NULL","NULL","NULL","NULL","call_market: US; employment: unemployed, using wife's income; funds: aiming to come up with $500; household: wife (income earner)","objection|failed_solution","TRIED-UNCLEAR","AW-4","Readymerce marketing package","seeker","already built a brand himself, stuck only on visibility","VERBATIM_VOC","NULL","NULL","NULL","NULL","call_outcome: BOOKED-FOLLOWUP (2 weeks); lead_quality_marker: same prospect as Q-O-0033/0034/0035 on a later call; says he already has products and a website, just needs marketing; merged_from: OWNED-US/Q-O-0089"
"Q-O-0090","OWNED-US/O-3f6219f9","OWNED_PROOF","operator_paste","Readymerce sales calls — US","Transcription-Outgoing Call with +13526724594","NULL","NULL","transcript","Transcription-Outgoing Call with +13526724594.txt","O-3f6219f9","2026-09 (SAMPLE — file date)","2026-09-24","NULL","NULL","NULL","N","[R-OWNED]","RC-OWNED","VOC-OWNED-US","I closed it because I didn't have time to work the business","i closed it because i didn't have time to try and work the business to see sales.","NULL","NULL","NULL","6.3","PB-06","NULL","NULL","NULL","NULL","NULL","NULL","NULL","NULL","call_market: US; employment: Medicare insurance sales agent (9 years licensed), seasonal 12-14 hour overtime days; funds: NULL; household: NULL","failed_solution|tradeoff","TRIED-FAILED","NULL","NULL","seeker","closed a past store when her day job's overtime season hit","VERBATIM_VOC","NULL","NULL","NULL","NULL","call_outcome: UNKNOWN; lead_quality_marker: works Medicare insurance sales, licensed 9 years; closed a prior online store for lack of time during a seasonal overtime crunch; merged_from: OWNED-US/Q-O-0090"
"Q-O-0091","OWNED-US/O-f3e705fd","OWNED_PROOF","operator_paste","Readymerce sales calls — US","Transcription-Outgoing Call with +15512088836","NULL","NULL","transcript","Transcription-Outgoing Call with +15512088836.txt","O-f3e705fd","2026-09 (SAMPLE — file date)","2026-09-24","NULL","NULL","NULL","N","[R-OWNED]","RC-OWNED","VOC-OWNED-US","Just give me a big a figure. That's all I want","Just give me a big a figure. That's all I want to hear from you. Give me a conservative figure if I invest 500.","NULL","NULL","NULL","2.3","PB-01","NULL","NULL","NULL","NULL","NULL","NULL","NULL","NULL","call_market: US; employment: NULL; funds: NULL; household: NULL","objection|skepticism|question_asked","NULL","NULL","NULL","seeker","demands a hard ROI number before continuing","VERBATIM_VOC","NULL","NULL","NULL","NULL","call_outcome: BOOKED-FOLLOWUP; lead_quality_marker: repeatedly refuses to proceed without a concrete return-on-investment number; merged_from: OWNED-US/Q-O-0091"
"Q-O-0092","OWNED-US/O-7e92990b","OWNED_PROOF","operator_paste","Readymerce sales calls — US","Transcription-Outgoing Call with +17863555097 (1)","NULL","NULL","transcript","Transcription-Outgoing Call with +17863555097 (1).txt","O-7e92990b","2026-09 (SAMPLE — file date)","2026-09-24","NULL","NULL","NULL","N","[R-OWNED]","RC-OWNED","VOC-OWNED-US","I have one of the Wix Wix store","Not quite. I don't know. I'm getting involved. Kinda like this. Shopify kinda — so I have one of the Wix Wix store. It's — so yeah. It's not like that.","NULL","NULL","NULL","0.7","PB-01","NULL","NULL","NULL","NULL","NULL","NULL","NULL","NULL","call_market: US; employment: NULL; funds: NULL; household: NULL","failed_solution","TRIED-UNCLEAR","NULL","NULL","seeker","compares the new signup flow to her existing Wix store","VERBATIM_VOC","NULL","NULL","NULL","NULL","call_outcome: UNKNOWN; lead_quality_marker: references an existing Wix store while getting confused navigating the Readymerce sign-up flow; merged_from: OWNED-US/Q-O-0092"
"Q-O-0093","OWNED-US/O-a0874b00","OWNED_PROOF","operator_paste","Readymerce sales calls — US","Transcription-Incoming Call with +14096229317","NULL","NULL","transcript","Transcription-Incoming Call with +14096229317.txt","O-a0874b00","2026-09 (SAMPLE — file date)","2026-09-24","NULL","NULL","NULL","N","[R-OWNED]","RC-OWNED","VOC-OWNED-US","I learned about a lot of this stuff when I was locked up in county","I also learned about a lot lot of this stuff when I was locked up in county. That's that's how I learned about it.","NULL","NULL","NULL","4.3","PB-02","CP-03","CP-03","NULL","NULL","NULL","NULL","NULL","NULL","call_market: US; employment: works Monday-Thursday, off Friday-Sunday; funds: NULL; household: NULL","trigger|scene","NULL","NULL","NULL","seeker","first heard about online income programs while in county jail","VERBATIM_VOC","NULL","NULL","NULL","NULL","call_outcome: BOOKED-FOLLOWUP (call back 2pm); lead_quality_marker: works Monday-Thursday, off Fri-Sun, wants something to fill his time; learned about affiliate/marketing programs while incarcerated; merged_from: OWNED-US/Q-O-0093"
"Q-O-0094","OWNED-US/O-a0874b00","OWNED_PROOF","operator_paste","Readymerce sales calls — US","Transcription-Incoming Call with +14096229317","NULL","NULL","transcript","Transcription-Incoming Call with +14096229317.txt","O-a0874b00","2026-09 (SAMPLE — file date)","2026-09-24","NULL","NULL","NULL","N","[R-OWNED]","RC-OWNED","VOC-OWNED-US","they were sending me orders that cost way too much","No. I just would... I mean, they were sending me orders that were cost way too much for me to even... And I didn't see no no benefit from it.","NULL","NULL","NULL","1.1","PB-06","CP-03","CP-03","NULL","NULL","NULL","NULL","NULL","NULL","call_market: US; employment: works Monday-Thursday, off Friday-Sunday; funds: NULL; household: NULL","failed_solution|outcome_reported","TRIED-FAILED","NULL","NULL","seeker","a prior affiliate program cost him money with no benefit","REPORTED_OUTCOME","NULL","NULL","NULL","NULL","call_outcome: BOOKED-FOLLOWUP (call back 2pm); lead_quality_marker: a prior affiliate/marketing program cost him more than it returned; merged_from: OWNED-US/Q-O-0094"
"Q-O-0095","OWNED-US/O-d5f8ca6a","OWNED_PROOF","operator_paste","Readymerce sales calls — US","Transcription-Outgoing Call with +13432540337 (1)","NULL","NULL","transcript","Transcription-Outgoing Call with +13432540337 (1).txt","O-d5f8ca6a","2026-09 (SAMPLE — file date)","2026-09-24","NULL","NULL","NULL","N","[R-OWNED]","RC-OWNED","VOC-OWNED-US","I'm a retired man. And I want to spend some time","Alright. Look. I'm a retired man. And I want to spend some time. Yeah.","NULL","NULL","NULL","0","PB-07","CP-06","CP-06","NULL","NULL","NULL","NULL","NULL","NULL","call_market: US; employment: retired; funds: NULL; household: recently relocated (newcomer to Canada, per his own words)","identity|desire","NULL","NULL","NULL","seeker","retired and looking for something to stay active with","VERBATIM_VOC","NULL","NULL","NULL","NULL","call_outcome: UNKNOWN; lead_quality_marker: retired, describes himself as a newcomer to Canada, wants to stay active and productive; merged_from: OWNED-US/Q-O-0095"
"Q-O-0096","OWNED-US/O-b64e4cf7","OWNED_PROOF","operator_paste","Readymerce sales calls — US","Transcription-Outgoing Call with +13529579124","NULL","NULL","transcript","Transcription-Outgoing Call with +13529579124.txt","O-b64e4cf7","2026-09 (SAMPLE — file date)","2026-09-24","NULL","NULL","NULL","N","[R-OWNED]","RC-OWNED","VOC-OWNED-US","I wish I was doing something else","Yeah. Yeah. You know, you have, you know, you have your days where it's like come on, man. I wish I was doing something else. You know what I mean?","NULL","NULL","NULL","0","PB-02","CP-01","CP-01","NULL","NULL","NULL","NULL","NULL","NULL","call_market: US; employment: warehouse worker; funds: NULL; household: NULL","desire|scene","NULL","NULL","NULL","seeker","warehouse job leaves him wishing for something else","VERBATIM_VOC","NULL","NULL","NULL","NULL","call_outcome: UNKNOWN; lead_quality_marker: warehouse worker who wants an alternative to his current job; merged_from: OWNED-US/Q-O-0096"
"Q-O-0097","OWNED-US/O-09a3b957","OWNED_PROOF","operator_paste","Readymerce sales calls — US","Transcription-Outgoing Call with +12624530896","NULL","NULL","transcript","Transcription-Outgoing Call with +12624530896.txt","O-09a3b957","2026-09 (SAMPLE — file date)","2026-09-24","NULL","NULL","NULL","N","[R-OWNED]","RC-OWNED","VOC-OWNED-US","I had one before. I just ended it because I was dealing with a lot","Yeah. I had one before. I I just ended it because I was I was dealing with a lot of stuff, and so I couldn't really keep up with going online and stuff at moment.","NULL","NULL","NULL","3.1","PB-06","CP-03","CP-03","NULL","NULL","NULL","NULL","NULL","NULL","call_market: US; employment: runs her own existing (unspecified) business; funds: does not have the full $500 on hand right now; household: NULL","failed_solution","TRIED-UNCLEAR","NULL","NULL","seeker","closed a prior store during a chaotic move","VERBATIM_VOC","NULL","NULL","NULL","NULL","call_outcome: BOOKED-FOLLOWUP; lead_quality_marker: closed a prior online store while moving; now more settled and open to trying again; merged_from: OWNED-US/Q-O-0097"
"Q-O-0098","OWNED-US/O-09a3b957","OWNED_PROOF","operator_paste","Readymerce sales calls — US","Transcription-Outgoing Call with +12624530896","NULL","NULL","transcript","Transcription-Outgoing Call with +12624530896.txt","O-09a3b957","2026-09 (SAMPLE — file date)","2026-09-24","NULL","NULL","NULL","N","[R-OWNED]","RC-OWNED","VOC-OWNED-US","I don't know that I would have the full 500 right away","I said I don't know that I would have the the full 500 right away, like but I know I'll have money to invest. That's something that I I I do wouldn't mind doing.","NULL","NULL","NULL","4.4","PB-01","CP-03","CP-03","NULL","NULL","NULL","NULL","NULL","NULL","call_market: US; employment: runs her own existing (unspecified) business; funds: does not have the full $500 on hand right now; household: NULL","spend|belief|hyper_responsive","NULL","AW-4","Readymerce $500 package","seeker","expects to have money to invest soon, just not today","VERBATIM_VOC","NULL","NULL","NULL","NULL","call_outcome: BOOKED-FOLLOWUP; lead_quality_marker: closed a prior online store while moving; now more settled and open to trying again; merged_from: OWNED-US/Q-O-0098"
"Q-O-0099","OWNED-US/O-b9ed2904","OWNED_PROOF","operator_paste","Readymerce sales calls — US","Transcription-Outgoing Call with +13432540337 (2)","NULL","NULL","transcript","Transcription-Outgoing Call with +13432540337 (2).txt","O-b9ed2904","2026-09 (SAMPLE — file date)","2026-09-24","NULL","NULL","NULL","N","[R-OWNED]","RC-OWNED","VOC-OWNED-US","even if you want to close this company, you cannot","to and then I asked about this Chargebee and they told me that you are not controlling anything even if you want to to close this company, you cannot close it because you have no right to close it. This what I'm afraid about.","NULL","NULL","NULL","8.5","PB-03","CP-06","CP-06","NULL","NULL","NULL","NULL","NULL","NULL","call_market: US; employment: retired; funds: NULL; household: recently relocated (newcomer to Canada, per his own words)","fear|objection|hyper_responsive","NULL","AW-4","Readymerce billing/subscription control","seeker","fears he could never cancel an automated billing relationship","VERBATIM_VOC","NULL","NULL","NULL","NULL","call_outcome: BOOKED-FOLLOWUP; lead_quality_marker: same retired prospect as Q-O-0095 on a later call; afraid he would lose control over automated billing and could not cancel; merged_from: OWNED-US/Q-O-0099"
"Q-O-0100","OWNED-US/O-27a44c94","OWNED_PROOF","operator_paste","Readymerce sales calls — US","Transcription-Outgoing Call with +15614377980","NULL","NULL","transcript","Transcription-Outgoing Call with +15614377980.txt","O-27a44c94","2026-09 (SAMPLE — file date)","2026-09-24","NULL","NULL","NULL","N","[R-OWNED]","RC-OWNED","VOC-OWNED-US","I felt like you're trying to make money of me","he did say they carry the product, they're gonna ship it and all the stuff, but at the end, I felt like you're trying to make, you know, make money of me because he told me to send him the money.","NULL","NULL","NULL","13.9","PB-03","NULL","NULL","NULL","NULL","NULL","NULL","NULL","NULL","call_market: US; employment: former Walmart manager; funds: NULL; household: NULL","skepticism|fear|hyper_responsive","NULL","NULL","NULL","seeker","protects herself with PayPal after a suspicious money request","VERBATIM_VOC","NULL","NULL","NULL","NULL","call_outcome: UNKNOWN; lead_quality_marker: former Walmart manager; describes a prior online-selling contact who asked her to wire money directly, so she insisted on PayPal to protect herself; merged_from: OWNED-US/Q-O-0100"
"Q-O-0101","OWNED-US/O-78f82c95","OWNED_PROOF","operator_paste","Readymerce sales calls — US","Transcription-Outgoing Call with +12397194848","NULL","NULL","transcript","Transcription-Outgoing Call with +12397194848.txt","O-78f82c95","2026-09 (SAMPLE — file date)","2026-09-24","NULL","NULL","NULL","N","[R-OWNED]","RC-OWNED","VOC-OWNED-US","my store didn't even make $20, so I had to come out","after the first month, my my store didn't even with all of their management and experience my my store didn't even make $20 so i had to come out of that deal and fortunately i was able to get my monies back.","NULL","NULL","NULL","15.9","PB-06","CP-03","CP-03","NULL","NULL","NULL","NULL","NULL","NULL","call_market: US; employment: NULL; funds: paid $300 initial + $200/month to a prior similar service before exiting; household: NULL","failed_solution|outcome_reported|skepticism|hyper_responsive","TRIED-FAILED","NULL","NULL","seeker","a near-identical prior service made him under $20 in a month","REPORTED_OUTCOME","NULL","NULL","NULL","NULL","call_outcome: DECLINED; lead_quality_marker: paid a prior DFY-style vendor $300 upfront plus $200/month; the store made under $20 in the first month before he got a refund and exited; merged_from: OWNED-US/Q-O-0101"
"Q-O-0102","OWNED-US/O-78f82c95","OWNED_PROOF","operator_paste","Readymerce sales calls — US","Transcription-Outgoing Call with +12397194848","NULL","NULL","transcript","Transcription-Outgoing Call with +12397194848.txt","O-78f82c95","2026-09 (SAMPLE — file date)","2026-09-24","NULL","NULL","NULL","N","[R-OWNED]","RC-OWNED","VOC-OWNED-US","go do a Google review of your company and see","that's exactly what i'm doing because right now so far for all of you companies that i have looked into — go and do a google review of your company and see what your prospective customers are saying.","NULL","NULL","NULL","15.1","PB-03","CP-03","CP-03","NULL","NULL","NULL","NULL","NULL","NULL","call_market: US; employment: NULL; funds: paid $300 initial + $200/month to a prior similar service before exiting; household: NULL","skepticism|objection|hyper_responsive","NULL","NULL","NULL","seeker","checks public reviews rather than taking the pitch at face value","VERBATIM_VOC","NULL","NULL","NULL","NULL","call_outcome: DECLINED; lead_quality_marker: checks Google reviews before trusting any DFY-store vendor's claims; merged_from: OWNED-US/Q-O-0102"
"Q-O-0103","OWNED-US/O-3fd51b13","OWNED_PROOF","operator_paste","Readymerce sales calls — US","Transcription-Outgoing Call with +16476422279 (1)","NULL","NULL","transcript","Transcription-Outgoing Call with +16476422279 (1).txt","O-3fd51b13","2026-09 (SAMPLE — file date)","2026-09-24","NULL","NULL","NULL","N","[R-OWNED]","RC-OWNED","VOC-OWNED-US","I must have three or four Shopify stores just sitting there","I must have three or four Shopify and other stores that are just sitting there ready to be loaded, and I haven't done anything with them in years.","NULL","NULL","NULL","11.3","PB-01","CP-04","CP-04","NULL","NULL","NULL","NULL","NULL","NULL","call_market: US; employment: runs a fitness/nutrition/mindset coaching business with four locations, former professional basketball player and competitive Muay Thai fighter; funds: quoted $5,000-$20,000 by other DFY vendors previously; household: NULL","failed_solution","TRIED-UNCLEAR","NULL","NULL","seeker","several half-finished DIY stores abandoned for years","VERBATIM_VOC","NULL","NULL","NULL","NULL","call_outcome: BOOKED-FOLLOWUP; lead_quality_marker: same fitness/mindset-coaching prospect as Q-O-0027/0028/0029 on a later call; has several abandoned self-built stores and was quoted $5k-$20k by other DFY vendors; merged_from: OWNED-US/Q-O-0103"
"Q-O-0104","OWNED-US/O-3fd51b13","OWNED_PROOF","operator_paste","Readymerce sales calls — US","Transcription-Outgoing Call with +16476422279 (1)","NULL","NULL","transcript","Transcription-Outgoing Call with +16476422279 (1).txt","O-3fd51b13","2026-09 (SAMPLE — file date)","2026-09-24","NULL","NULL","NULL","N","[R-OWNED]","RC-OWNED","VOC-OWNED-US","at an exorbitant cost, $5,000, $20,000, $15,000","Yeah. Well, no. Like, to build the online store, it's usually $19.97 or $29.97 — but at an exorbitant cost, $5,000, $20,000, $15,000. I'm like, seriously? Come on.","NULL","NULL","NULL","1.7","PB-01","CP-04","CP-04","NULL","NULL","NULL","NULL","NULL","NULL","call_market: US; employment: runs a fitness/nutrition/mindset coaching business with four locations, former professional basketball player and competitive Muay Thai fighter; funds: quoted $5,000-$20,000 by other DFY vendors previously; household: NULL","objection|spend","NULL","NULL","NULL","seeker","balks at competitor quotes far above Readymerce's $500","VERBATIM_VOC","NULL","NULL","NULL","NULL","call_outcome: BOOKED-FOLLOWUP; lead_quality_marker: was quoted $5k-$20k by other DFY vendors before this call; merged_from: OWNED-US/Q-O-0104"
"Q-O-0105","OWNED-US/O-3fd51b13","OWNED_PROOF","operator_paste","Readymerce sales calls — US","Transcription-Outgoing Call with +16476422279 (1)","NULL","NULL","transcript","Transcription-Outgoing Call with +16476422279 (1).txt","O-3fd51b13","2026-09 (SAMPLE — file date)","2026-09-24","NULL","NULL","NULL","N","[R-OWNED]","RC-OWNED","VOC-OWNED-US","turn this side hustle into a main job","Listen. If I can turn this side hustle into a main job where I work anywhere in the world and don't have to worry about anything, that's ideal.","NULL","NULL","NULL","5.5","PB-02","CP-04","CP-04","NULL","NULL","NULL","NULL","NULL","NULL","call_market: US; employment: runs a fitness/nutrition/mindset coaching business with four locations, former professional basketball player and competitive Muay Thai fighter; funds: quoted $5,000-$20,000 by other DFY vendors previously; household: NULL","desire|deeper_hope","NULL","NULL","NULL","seeker","pictures a location-independent main income","VERBATIM_VOC","NULL","NULL","NULL","NULL","call_outcome: BOOKED-FOLLOWUP; lead_quality_marker: wants the store to eventually replace her coaching income and let her work from anywhere; merged_from: OWNED-US/Q-O-0105"
"Q-O-0106","OWNED-US/O-cca911d9","OWNED_PROOF","operator_paste","Readymerce sales calls — US","Transcription-Outgoing Call with +18329234135","NULL","NULL","transcript","Transcription-Outgoing Call with +18329234135.txt","O-cca911d9","2026-09 (SAMPLE — file date)","2026-09-24","NULL","NULL","NULL","N","[R-OWNED]","RC-OWNED","VOC-OWNED-US","When I came back, I didn't get a job","But I tried it back home to go see my family. When I came back, I didn't got a job. So I I was — 1,200.","NULL","NULL","NULL","0.3","PB-02","NULL","NULL","NULL","NULL","NULL","NULL","NULL","NULL","call_market: US; employment: job-seeking since returning from visiting family abroad; funds: NULL; household: NULL","scene|trigger","NULL","NULL","NULL","seeker","came back from visiting family to find no job waiting","VERBATIM_VOC","NULL","NULL","NULL","NULL","call_outcome: BOOKED-FOLLOWUP (once he has money); lead_quality_marker: lost his job after traveling to visit family abroad; currently on his phone because his computer is broken; merged_from: OWNED-US/Q-O-0106"
"Q-O-0107","OWNED-US/O-f721f574","OWNED_PROOF","operator_paste","Readymerce sales calls — US","Transcription-Outgoing Call with +12516488337 (1)","NULL","NULL","transcript","Transcription-Outgoing Call with +12516488337 (1).txt","O-f721f574","2026-09 (SAMPLE — file date)","2026-09-24","NULL","NULL","NULL","N","[R-OWNED]","RC-OWNED","VOC-OWNED-US","what kind of money are we talking about","So what does it look like? I know different products. So you say you start making money. So what kind of money are we talking about?","NULL","NULL","NULL","2.4","PB-01","CP-03","CP-03","NULL","NULL","NULL","NULL","NULL","NULL","call_market: US; employment: NULL; funds: previously lost $4,500 to a scam; household: NULL","question_asked|desire","NULL","NULL","NULL","seeker","presses for a concrete earnings number, having heard the pitch before","VERBATIM_VOC","NULL","NULL","NULL","NULL","call_outcome: BOOKED-FOLLOWUP (Monday next week); lead_quality_marker: same prospect as Q-O-0062/0063/0064 (prior $4,500 scam loss) on a later call; already familiar with the pitch, presses for concrete earnings; merged_from: OWNED-US/Q-O-0107"
"Q-O-0108","OWNED-US/O-89f4c88a","OWNED_PROOF","operator_paste","Readymerce sales calls — US","Transcription-Outgoing Call with +12145144418","NULL","NULL","transcript","Transcription-Outgoing Call with +12145144418.txt","O-89f4c88a","2026-09 (SAMPLE — file date)","2026-09-24","NULL","NULL","NULL","N","[R-OWNED]","RC-OWNED","VOC-OWNED-US","the product did not sell, so I had to close the store","Yeah. I've done in the in the past. That was over ten years, and that was it. The product did not sell, so I have to shut it. I have to close the store.","NULL","NULL","NULL","0","PB-06","CP-03","CP-03","NULL","NULL","NULL","NULL","NULL","NULL","call_market: US; employment: solar sales, commission-based (no sale, no pay); funds: does not have the $500 right now; household: NULL","failed_solution|outcome_reported","TRIED-FAILED","NULL","NULL","seeker","a decade-old store failed on a bad product pick","REPORTED_OUTCOME","NULL","NULL","NULL","NULL","call_outcome: BOOKED-FOLLOWUP (next week); lead_quality_marker: solar-sales commission worker; closed a store over ten years ago after hiring Fiverr help and picking a product that did not sell; merged_from: OWNED-US/Q-O-0108"
"Q-O-0109","OWNED-US/O-89f4c88a","OWNED_PROOF","operator_paste","Readymerce sales calls — US","Transcription-Outgoing Call with +12145144418","NULL","NULL","transcript","Transcription-Outgoing Call with +12145144418.txt","O-89f4c88a","2026-09 (SAMPLE — file date)","2026-09-24","NULL","NULL","NULL","N","[R-OWNED]","RC-OWNED","VOC-OWNED-US","I'm looking for a steady income","I'm looking for a steady income because solar price is mostly based on commission. Base. So if homeowners are not interested, again, no sales.","NULL","NULL","NULL","7.2","PB-02","CP-01","CP-01","NULL","NULL","NULL","NULL","NULL","NULL","call_market: US; employment: solar sales, commission-based (no sale, no pay); funds: does not have the $500 right now; household: NULL","desire","NULL","NULL","NULL","seeker","wants income that does not depend entirely on commission","VERBATIM_VOC","NULL","NULL","NULL","NULL","call_outcome: BOOKED-FOLLOWUP (next week); lead_quality_marker: commission-only solar sales income is unpredictable, wants something steadier; merged_from: OWNED-US/Q-O-0109"
"C-0001","OWNED-US/NULL","OWNED_PROOF","expert","Readymerce sales calls — US","Transcription-Incoming Call with +15804836325","NULL","NULL","transcript","Transcription-Incoming Call with +15804836325.txt","NULL","2026-09 (SAMPLE — file date)","2026-09-24","NULL","NULL","NULL","N","[R-OWNED]","RC-OWNED","VOC-OWNED-US","to get started, is only 500 US dollar","Well, to get started, is only 500 US dollar. It's not cheap by now. However, it's not even expensive.","NULL","NULL","NULL","3.8","NULL","NULL","NULL","NULL","NULL","NULL","NULL","NULL","NULL","NULL","NULL","NULL","NULL","NULL","NULL","NULL","CUSTOMER_EXPLANATION","NULL","NULL","NULL","NULL","sales-rep pitch — contextual, never VOC, never in a language bank; topic: entry price framing ($500); recurs in 61 of 155 calls (pattern-matched on rep turns); merged_from: OWNED-US/C-0001"
"C-0002","OWNED-US/NULL","OWNED_PROOF","expert","Readymerce sales calls — US","Transcription-Incoming Call with +15804836325","NULL","NULL","transcript","Transcription-Incoming Call with +15804836325.txt","NULL","2026-09 (SAMPLE — file date)","2026-09-24","NULL","NULL","NULL","N","[R-OWNED]","RC-OWNED","VOC-OWNED-US","you do have a seven day money back guarantee","You do have a seven day money back guarantee in case you don't like our services, you don't like the store we built.","NULL","NULL","NULL","7.7","NULL","NULL","NULL","NULL","NULL","NULL","NULL","NULL","NULL","NULL","NULL","NULL","NULL","NULL","NULL","NULL","CUSTOMER_EXPLANATION","NULL","NULL","NULL","NULL","sales-rep pitch — contextual, never VOC, never in a language bank; topic: 7-day money-back guarantee; recurs in 17 of 155 calls (pattern-matched on rep turns); merged_from: OWNED-US/C-0002"
"C-0003","OWNED-US/NULL","OWNED_PROOF","expert","Readymerce sales calls — US","Transcription-Outgoing Call with +12093264309","NULL","NULL","transcript","Transcription-Outgoing Call with +12093264309.txt","NULL","2026-09 (SAMPLE — file date)","2026-09-24","NULL","NULL","NULL","N","[R-OWNED]","RC-OWNED","VOC-OWNED-US","we find three products from our researching team","After we create a professional website with a good niche that we discuss with you, we find three products from our researching team that does the research.","NULL","NULL","NULL","11.1","NULL","NULL","NULL","NULL","NULL","NULL","NULL","NULL","NULL","NULL","NULL","NULL","NULL","NULL","NULL","NULL","CUSTOMER_EXPLANATION","NULL","NULL","NULL","NULL","sales-rep pitch — contextual, never VOC, never in a language bank; topic: three vetted products included in the package; recurs in 25 of 155 calls (pattern-matched on rep turns); merged_from: OWNED-US/C-0003"
"C-0004","OWNED-US/NULL","OWNED_PROOF","expert","Readymerce sales calls — US","Transcription-Incoming Call with +15093197999","NULL","NULL","transcript","Transcription-Incoming Call with +15093197999.txt","NULL","2026-09 (SAMPLE — file date)","2026-09-24","NULL","NULL","NULL","N","[R-OWNED]","RC-OWNED","VOC-OWNED-US","we build it for you. We find the pro[duct]","We are a company that builds businesses for our clients. If you want an online business that can generate you money, we build it for you. We find the product.","NULL","NULL","NULL","4.8","NULL","NULL","NULL","NULL","NULL","NULL","NULL","NULL","NULL","NULL","NULL","NULL","NULL","NULL","NULL","NULL","CUSTOMER_EXPLANATION","NULL","NULL","NULL","NULL","sales-rep pitch — contextual, never VOC, never in a language bank; topic: done-for-you framing (""we build it, we run it, you own it""); recurs in 50 of 155 calls (pattern-matched on rep turns); merged_from: OWNED-US/C-0004"
"C-0005","OWNED-US/NULL","OWNED_PROOF","expert","Readymerce sales calls — US","Transcription-Incoming Call with +14096229317","NULL","NULL","transcript","Transcription-Incoming Call with +14096229317.txt","NULL","2026-09 (SAMPLE — file date)","2026-09-24","NULL","NULL","NULL","N","[R-OWNED]","RC-OWNED","VOC-OWNED-US","we continue with our clients in building them online stores like in Etsy or Shopify","We usually continue with our clients in building them online stores like in Etsy or Shopify, and it's their own choice.","NULL","NULL","NULL","9.5","NULL","NULL","NULL","NULL","NULL","NULL","NULL","NULL","NULL","NULL","NULL","NULL","NULL","NULL","NULL","NULL","CUSTOMER_EXPLANATION","NULL","NULL","NULL","NULL","sales-rep pitch — contextual, never VOC, never in a language bank; topic: Shopify vs Etsy platform choice; recurs in 20 of 155 calls (pattern-matched on rep turns); merged_from: OWNED-US/C-0005"
"C-0006","OWNED-US/NULL","OWNED_PROOF","expert","Readymerce sales calls — US","Transcription-Outgoing Call with +12252569841","NULL","NULL","transcript","Transcription-Outgoing Call with +12252569841.txt","NULL","2026-09 (SAMPLE — file date)","2026-09-24","NULL","NULL","NULL","N","[R-OWNED]","RC-OWNED","VOC-OWNED-US","Do you have credit on your credit card?","We have — do you have credit on your credit card?","NULL","NULL","NULL","2.5","NULL","NULL","NULL","NULL","NULL","NULL","NULL","NULL","NULL","NULL","NULL","NULL","NULL","NULL","NULL","NULL","CUSTOMER_EXPLANATION","NULL","NULL","NULL","NULL","sales-rep pitch — contextual, never VOC, never in a language bank; topic: checking prospect has available credit before pitching payment; recurs in 15 of 155 calls (pattern-matched on rep turns); merged_from: OWNED-US/C-0006"
"C-0007","OWNED-US/NULL","OWNED_PROOF","expert","Readymerce sales calls — US","Transcription-Outgoing Call with +14387227695","NULL","NULL","transcript","Transcription-Outgoing Call with +14387227695.txt","NULL","2026-09 (SAMPLE — file date)","2026-09-24","NULL","NULL","NULL","N","[R-OWNED]","RC-OWNED","VOC-OWNED-US","you're gonna always have a personal assigned account manager","You're gonna always have a personal assigned account manager, which you're gonna always ask him or you can also have the group where you can chat.","NULL","NULL","NULL","11.8","NULL","NULL","NULL","NULL","NULL","NULL","NULL","NULL","NULL","NULL","NULL","NULL","NULL","NULL","NULL","NULL","CUSTOMER_EXPLANATION","NULL","NULL","NULL","NULL","sales-rep pitch — contextual, never VOC, never in a language bank; topic: dedicated account manager / expert group chat; recurs in 4 of 155 calls (pattern-matched on rep turns); merged_from: OWNED-US/C-0007"
"C-0008","OWNED-US/NULL","OWNED_PROOF","expert","Readymerce sales calls — US","Transcription-Outgoing Call with +12144151787","NULL","NULL","transcript","Transcription-Outgoing Call with +12144151787.txt","NULL","2026-09 (SAMPLE — file date)","2026-09-24","NULL","NULL","NULL","N","[R-OWNED]","RC-OWNED","VOC-OWNED-US","you did the registration on one of our online advertisements","I called you around thirty minutes ago. Well, you did the registration on one of our online advertisements where you showed interest for wanting to open your own online store.","NULL","NULL","NULL","9.9","NULL","NULL","NULL","NULL","NULL","NULL","NULL","NULL","NULL","NULL","NULL","NULL","NULL","NULL","NULL","NULL","CUSTOMER_EXPLANATION","NULL","NULL","NULL","NULL","sales-rep pitch — contextual, never VOC, never in a language bank; topic: opening line referencing the prospect's ad registration; recurs in 23 of 155 calls (pattern-matched on rep turns); merged_from: OWNED-US/C-0008"
"C-0009","OWNED-US/NULL","OWNED_PROOF","expert","Readymerce sales calls — US","Transcription-Outgoing Call with +12144482850 (1)","NULL","NULL","transcript","Transcription-Outgoing Call with +12144482850 (1).txt","NULL","2026-09 (SAMPLE — file date)","2026-09-24","NULL","NULL","NULL","N","[R-OWNED]","RC-OWNED","VOC-OWNED-US","If there was a legitimate way for you to build an online business","Let me ask you something right off the bat then. If there was a legitimate way for you to build an online business, alongside what you're currently doing, would that be something that interests you?","NULL","NULL","NULL","8.4","NULL","NULL","NULL","NULL","NULL","NULL","NULL","NULL","NULL","NULL","NULL","NULL","NULL","NULL","NULL","NULL","CUSTOMER_EXPLANATION","NULL","NULL","NULL","NULL","sales-rep pitch — contextual, never VOC, never in a language bank; topic: pre-empting the 'is this legitimate/a scam' objection; recurs in 8 of 155 calls (pattern-matched on rep turns); merged_from: OWNED-US/C-0009"
"C-0010","OWNED-US/NULL","OWNED_PROOF","expert","Readymerce sales calls — US","Transcription-Outgoing Call with +12406919537","NULL","NULL","transcript","Transcription-Outgoing Call with +12406919537.txt","NULL","2026-09 (SAMPLE — file date)","2026-09-24","NULL","NULL","NULL","N","[R-OWNED]","RC-OWNED","VOC-OWNED-US","We will design it for you ... but it is yours","We will design it for you. We will build it for you, but in the end of the day, it's yours. You'll be the one which will be getting the money.","NULL","NULL","NULL","1.4","NULL","NULL","NULL","NULL","NULL","NULL","NULL","NULL","NULL","NULL","NULL","NULL","NULL","NULL","NULL","NULL","CUSTOMER_EXPLANATION","NULL","NULL","NULL","NULL","sales-rep pitch — contextual, never VOC, never in a language bank; topic: ownership framing (""it's yours""); recurs in 9 of 155 calls (pattern-matched on rep turns); merged_from: OWNED-US/C-0010"
"C-0011","OWNED-US/NULL","OWNED_PROOF","expert","Readymerce sales calls — US","Transcription-Outgoing Call with +15182104178","NULL","NULL","transcript","Transcription-Outgoing Call with +15182104178.txt","NULL","2026-09 (SAMPLE — file date)","2026-09-24","NULL","NULL","NULL","N","[R-OWNED]","RC-OWNED","VOC-OWNED-US","the gateway ... you pay $500 for one time it creates one store","So when you are in top ups you can see all the packages that we offer — first one which is the gateway is that you pay $500 for one time, it creates one store, one professional [store].","NULL","NULL","NULL","13.2","NULL","NULL","NULL","NULL","NULL","NULL","NULL","NULL","NULL","NULL","NULL","NULL","NULL","NULL","NULL","NULL","CUSTOMER_EXPLANATION","NULL","NULL","NULL","NULL","sales-rep pitch — contextual, never VOC, never in a language bank; topic: tier/upgrade ladder above the $500 entry package; recurs in 2 of 155 calls (pattern-matched on rep turns); merged_from: OWNED-US/C-0011"
"C-0012","OWNED-US/NULL","OWNED_PROOF","expert","Readymerce sales calls — US","Transcription-Outgoing Call with +14132346086","NULL","NULL","transcript","Transcription-Outgoing Call with +14132346086.txt","NULL","2026-09 (SAMPLE — file date)","2026-09-24","NULL","NULL","NULL","N","[R-OWNED]","RC-OWNED","VOC-OWNED-US","We give you digital training and no experience required","We give you digital training and no experience required. Okay? Now if we keep going down.","NULL","NULL","NULL","4.2","NULL","NULL","NULL","NULL","NULL","NULL","NULL","NULL","NULL","NULL","NULL","NULL","NULL","NULL","NULL","NULL","CUSTOMER_EXPLANATION","NULL","NULL","NULL","NULL","sales-rep pitch — contextual, never VOC, never in a language bank; topic: no prior experience needed; recurs in 5 of 155 calls (pattern-matched on rep turns); merged_from: OWNED-US/C-0012"
"C-0013","OWNED-US/NULL","OWNED_PROOF","expert","Readymerce sales calls — US","Transcription-Outgoing Call with +17322422300","NULL","NULL","transcript","Transcription-Outgoing Call with +17322422300.txt","NULL","2026-09 (SAMPLE — file date)","2026-09-24","NULL","NULL","NULL","N","[R-OWNED]","RC-OWNED","VOC-OWNED-US","we can run ads for your shop as well","So we run — we can run ads for for for your shop as well.","NULL","NULL","NULL","1.7","NULL","NULL","NULL","NULL","NULL","NULL","NULL","NULL","NULL","NULL","NULL","NULL","NULL","NULL","NULL","NULL","CUSTOMER_EXPLANATION","NULL","NULL","NULL","NULL","sales-rep pitch — contextual, never VOC, never in a language bank; topic: marketing/ad-running as part of the service; recurs in 39 of 155 calls (pattern-matched on rep turns); merged_from: OWNED-US/C-0013"
"C-0014","OWNED-US/NULL","OWNED_PROOF","expert","Readymerce sales calls — US","Transcription-Incoming Call with +15093197999","NULL","NULL","transcript","Transcription-Incoming Call with +15093197999.txt","NULL","2026-09 (SAMPLE — file date)","2026-09-24","NULL","NULL","NULL","N","[R-OWNED]","RC-OWNED","VOC-OWNED-US","we find the pro[duct], the supplier","We build it for you. We find the product, the supplier, and we get you started.","NULL","NULL","NULL","1.5","NULL","NULL","NULL","NULL","NULL","NULL","NULL","NULL","NULL","NULL","NULL","NULL","NULL","NULL","NULL","NULL","CUSTOMER_EXPLANATION","NULL","NULL","NULL","NULL","sales-rep pitch — contextual, never VOC, never in a language bank; topic: supplier sourcing handled by the company; recurs in 43 of 155 calls (pattern-matched on rep turns); merged_from: OWNED-US/C-0014"
"C-0015","OWNED-US/NULL","OWNED_PROOF","expert","Readymerce sales calls — US","Transcription-Outgoing Call with +12145144418","NULL","NULL","transcript","Transcription-Outgoing Call with +12145144418.txt","NULL","2026-09 (SAMPLE — file date)","2026-09-24","NULL","NULL","NULL","N","[R-OWNED]","RC-OWNED","VOC-OWNED-US","we are in this for the long run","Is this something that you see yourself doing in the long run? Because one thing that I love to tell my clients is we are in this for the long run.","NULL","NULL","NULL","3.8","NULL","NULL","NULL","NULL","NULL","NULL","NULL","NULL","NULL","NULL","NULL","NULL","NULL","NULL","NULL","NULL","CUSTOMER_EXPLANATION","NULL","NULL","NULL","NULL","sales-rep pitch — contextual, never VOC, never in a language bank; topic: long-run partnership reassurance (anti-scam framing); recurs in 8 of 155 calls (pattern-matched on rep turns); merged_from: OWNED-US/C-0015"
"C-0016","OWNED-US/NULL","OWNED_PROOF","expert","Readymerce sales calls — US","Transcription-Outgoing Call with +16476422279","NULL","NULL","transcript","Transcription-Outgoing Call with +16476422279.txt","NULL","2026-09 (SAMPLE — file date)","2026-09-24","NULL","NULL","NULL","N","[R-OWNED]","RC-OWNED","VOC-OWNED-US","clients that have done the $500 ... graduated immediately in one day, two days","We've had clients that have done the $500 and they've spoke with the ecommerce expert, and they graduated immediately in one day, two days, one week.","NULL","NULL","NULL","10.2","NULL","NULL","NULL","NULL","NULL","NULL","NULL","NULL","NULL","NULL","NULL","NULL","NULL","NULL","NULL","NULL","CUSTOMER_EXPLANATION","NULL","NULL","NULL","NULL","sales-rep pitch — contextual, never VOC, never in a language bank; topic: fast-graduation social proof for upgrading past $500; recurs in 2 of 155 calls (pattern-matched on rep turns); merged_from: OWNED-US/C-0016"
"Q-O-0110","OWNED-UK/O-65d201c9","OWNED_PROOF","operator_paste","Readymerce sales calls — UK","6-call 380708 447305921383 202609081326230200 447520687746","6-call 380708 447305921383 202609081326230200 447520687746.txt","NULL","transcript","6-call 380708 447305921383 202609081326230200 447520687746.txt","O-65d201c9","2026-09-08","2026-09-24","NULL","NULL","NULL","N","[R-OWNED]","RC-OWNED","VOC-OWNED-UK","I tried to get into this trading stuff. It didn't work.","I don't know what to do. I want to invest in something, but I don't know. You know what I mean? I tried to get into this trading stuff. It didn't work.","NULL","NULL","NULL","0.5","PB-06|PB-02","NULL","NULL","NULL","NULL","NULL","NULL","NULL","NULL","call_market: UK; employment: construction worker (20 years); funds: NULL; household: married (referenced), family sent abroad without him","failed_solution|objection","TRIED-FAILED","NULL","NULL","seeker","20yr construction worker, back pain, considering online income","VERBATIM_VOC","NULL","NULL","NULL","NULL","call_outcome: BOOKED-FOLLOWUP; lead_quality_marker: tried trading before and failed, still uncertain what to invest in; merged_from: OWNED-UK/Q-O-0001"
"Q-O-0111","OWNED-UK/O-65d201c9","OWNED_PROOF","operator_paste","Readymerce sales calls — UK","6-call 380708 447305921383 202609081326230200 447520687746","6-call 380708 447305921383 202609081326230200 447520687746.txt","NULL","transcript","6-call 380708 447305921383 202609081326230200 447520687746.txt","O-65d201c9","2026-09-08","2026-09-24","NULL","NULL","NULL","N","[R-OWNED]","RC-OWNED","VOC-OWNED-UK","I've been doing this for 20 years, I'm tired now.","Yeah. So, you've been doing it for a long time? Yeah, I've been doing this for 20 years, I'm tired now.","NULL","NULL","NULL","2.3","PB-02|PB-04","CP-01","CP-01","NULL","NULL","NULL","NULL","NULL","NULL","call_market: UK; employment: construction worker (20 years); funds: NULL; household: married (referenced), family sent abroad without him","scene|pain|identity|trigger","NULL","NULL","NULL","sufferer","construction worker, 20yr fatigue","VERBATIM_VOC","NULL","NULL","NULL","NULL","call_outcome: BOOKED-FOLLOWUP; lead_quality_marker: 20 years same manual job, fatigue-driven, no stated funds figure; merged_from: OWNED-UK/Q-O-0002"
"Q-O-0112","OWNED-UK/O-65d201c9","OWNED_PROOF","operator_paste","Readymerce sales calls — UK","6-call 380708 447305921383 202609081326230200 447520687746","6-call 380708 447305921383 202609081326230200 447520687746.txt","NULL","transcript","6-call 380708 447305921383 202609081326230200 447520687746.txt","O-65d201c9","2026-09-08","2026-09-24","NULL","NULL","NULL","N","[R-OWNED]","RC-OWNED","VOC-OWNED-UK","Is that one-off payment or I need to make a regular payment?","Is that one-off payment or I need to make a regular payment?","NULL","NULL","NULL","6.7","PB-01","NULL","NULL","NULL","NULL","NULL","NULL","NULL","NULL","call_market: UK; employment: construction worker (20 years); funds: NULL; household: married (referenced), family sent abroad without him","objection|skepticism|question_asked|spend","NULL","NULL","NULL","seeker","","VERBATIM_VOC","NULL","NULL","NULL","NULL","call_outcome: BOOKED-FOLLOWUP; lead_quality_marker: price-structure question before committing, no purchase yet; merged_from: OWNED-UK/Q-O-0003"
"Q-O-0113","OWNED-UK/O-99d7bf25","OWNED_PROOF","operator_paste","Readymerce sales calls — UK","2-call 370233 447542987232 202609011602070200 447520687738","2-call 370233 447542987232 202609011602070200 447520687738.txt","NULL","transcript","2-call 370233 447542987232 202609011602070200 447520687738.txt","O-99d7bf25","2026-09-01","2026-09-24","NULL","NULL","NULL","N","[R-OWNED]","RC-OWNED","VOC-OWNED-UK","I want to have time to reflect and have a look because I have another.","You've explained everything very, very well... But what I want to do is I want to have time to reflect and have a look because I have another.","NULL","NULL","NULL","9.1","PB-05","NULL","NULL","NULL","NULL","NULL","NULL","NULL","NULL","call_market: UK; employment: academic / brand stylist (builds websites); funds: NULL; household: NULL","skepticism|almost_stopped","NULL","NULL","NULL","seeker","academic and brand stylist, deliberate decision-maker","VERBATIM_VOC","NULL","NULL","NULL","NULL","call_outcome: BOOKED-FOLLOWUP; lead_quality_marker: academic, deliberate decision style, wants to reflect before committing; merged_from: OWNED-UK/Q-O-0004"
"Q-O-0114","OWNED-UK/O-99d7bf25","OWNED_PROOF","operator_paste","Readymerce sales calls — UK","2-call 370233 447542987232 202609011602070200 447520687738","2-call 370233 447542987232 202609011602070200 447520687738.txt","NULL","transcript","2-call 370233 447542987232 202609011602070200 447520687738.txt","O-99d7bf25","2026-09-01","2026-09-24","NULL","NULL","NULL","N","[R-OWNED]","RC-OWNED","VOC-OWNED-UK","I'm kind of like a six out of ten, I'd say at this stage.","I like the idea. I like the concept. And I think I'm curious to know what the actual product could potentially be... So I'm kind of like a six out of ten, I'd say at this stage.","NULL","NULL","NULL","3.4","PB-05","CP-05","CP-05","NULL","NULL","NULL","NULL","NULL","NULL","call_market: UK; employment: academic / brand stylist (builds websites); funds: NULL; household: NULL","desire|curiosity|skepticism","NULL","NULL","NULL","seeker","","VERBATIM_VOC","NULL","NULL","NULL","NULL","call_outcome: BOOKED-FOLLOWUP; lead_quality_marker: moderate confidence (6/10), wants proof of a winning product before committing; merged_from: OWNED-UK/Q-O-0005"
"Q-O-0115","OWNED-UK/O-99d7bf25","OWNED_PROOF","operator_paste","Readymerce sales calls — UK","2-call 370233 447542987232 202609011602070200 447520687738","2-call 370233 447542987232 202609011602070200 447520687738.txt","NULL","transcript","2-call 370233 447542987232 202609011602070200 447520687738.txt","O-99d7bf25","2026-09-01","2026-09-24","NULL","NULL","NULL","N","[R-OWNED]","RC-OWNED","VOC-OWNED-UK","I probably think I'd want to be selling, ideally like five to twelve thousand units.","OK, so I don't know. I probably think I'd want to be selling, you know, ideally like five to twelve thousand units, maybe something like that.","NULL","NULL","NULL","9.9","PB-05","CP-05","NULL","NULL","NULL","NULL","NULL","NULL","NULL","call_market: UK; employment: academic / brand stylist (builds websites); funds: NULL; household: NULL","desire|belief","NULL","NULL","NULL","unknown","","VERBATIM_VOC","NULL","NULL","NULL","NULL","call_outcome: BOOKED-FOLLOWUP; lead_quality_marker: sets an ambitious sales-volume target with no product yet chosen; merged_from: OWNED-UK/Q-O-0006"
"Q-O-0116","OWNED-UK/O-5a711bda","OWNED_PROOF","operator_paste","Readymerce sales calls — UK","1-call 382080 447717774180 202609082103310200 447520687738","1-call 382080 447717774180 202609082103310200 447520687738.txt","NULL","transcript","1-call 382080 447717774180 202609082103310200 447520687738.txt","O-5a711bda","2026-09-08","2026-09-24","NULL","NULL","NULL","N","[R-OWNED]","RC-OWNED","VOC-OWNED-UK","Can I review full contract before making payment?","Okay. Can I review full contract before making payment? Can I look at the full contract before I make payment? Can you send me a contract? I'll look at it before I make payment?","NULL","NULL","NULL","8.2","PB-03|PB-01","CP-03","NULL","NULL","NULL","NULL","NULL","NULL","NULL","call_market: UK; employment: office worker (took the call at work); funds: NULL; household: NULL","objection|skepticism","NULL","NULL","NULL","seeker","office worker, insists on written contract before paying","VERBATIM_VOC","NULL","NULL","NULL","NULL","call_outcome: DECLINED; lead_quality_marker: repeats the same contract-review demand three times, will not pay unseen; merged_from: OWNED-UK/Q-O-0007"
"Q-O-0117","OWNED-UK/O-5a711bda","OWNED_PROOF","operator_paste","Readymerce sales calls — UK","1-call 382080 447717774180 202609082103310200 447520687738","1-call 382080 447717774180 202609082103310200 447520687738.txt","NULL","transcript","1-call 382080 447717774180 202609082103310200 447520687738.txt","O-5a711bda","2026-09-08","2026-09-24","NULL","NULL","NULL","N","[R-OWNED]","RC-OWNED","VOC-OWNED-UK","What happens if Etsy suspends or reviews my account?","What are the cancellation rights now? As in, you know, what happens if Etsy suspends or reviews my account? What happens?","NULL","NULL","NULL","6.3","PB-01","NULL","NULL","NULL","NULL","NULL","NULL","NULL","NULL","call_market: UK; employment: office worker (took the call at work); funds: NULL; household: NULL","objection|fear|question_asked","NULL","NULL","NULL","unknown","","VERBATIM_VOC","NULL","NULL","NULL","NULL","call_outcome: DECLINED; lead_quality_marker: worried the platform itself could shut the store down after paying; merged_from: OWNED-UK/Q-O-0008"
"Q-O-0118","OWNED-UK/O-5a711bda","OWNED_PROOF","operator_paste","Readymerce sales calls — UK","1-call 382080 447717774180 202609082103310200 447520687738","1-call 382080 447717774180 202609082103310200 447520687738.txt","NULL","transcript","1-call 382080 447717774180 202609082103310200 447520687738.txt","O-5a711bda","2026-09-08","2026-09-24","NULL","NULL","NULL","N","[R-OWNED]","RC-OWNED","VOC-OWNED-UK","I'm not seeing build your own store here.","What I can see on the screen right now is managed product catalog categories, handcrafted ceramics, leather goods, dashboard... I'm not seeing build your own store here.","NULL","NULL","NULL","2.3","PB-01","NULL","NULL","NULL","NULL","NULL","NULL","NULL","NULL","call_market: UK; employment: office worker (took the call at work); funds: NULL; household: NULL","skepticism|objection","NULL","NULL","NULL","unknown","","VERBATIM_VOC","NULL","NULL","NULL","NULL","call_outcome: DECLINED; lead_quality_marker: disputes what the screen-share actually shows vs. what was promised; merged_from: OWNED-UK/Q-O-0009"
"Q-O-0119","OWNED-UK/O-35d2317c","OWNED_PROOF","operator_paste","Readymerce sales calls — UK (prospect country: NO)","4-call 390551 4740985406 202609171814450200 447520687742","4-call 390551 4740985406 202609171814450200 447520687742.txt","NULL","transcript","4-call 390551 4740985406 202609171814450200 447520687742.txt","O-35d2317c","2026-09-17","2026-09-24","NULL","NULL","NULL","N","[R-OWNED]","RC-OWNED","VOC-OWNED-UK","Have you tried to reach this number back when you see it or it doesn't show anything?","No, no, I understand, I understand. But have you tried to reach this number back when you see it or it doesn't show anything?","NULL","NULL","NULL","5.6","PB-03","NULL","NULL","NULL","NULL","NULL","NULL","NULL","NULL","call_market: NO (Norway); employment: chef; funds: NULL; household: married, wife does not work, sole income earner, travels for work","skepticism|question_asked","NULL","NULL","NULL","seeker","","VERBATIM_VOC","NULL","NULL","NULL","NULL","call_outcome: BOOKED-FOLLOWUP; lead_quality_marker: checks the caller's number credibility before continuing; merged_from: OWNED-UK/Q-O-0010"
"Q-O-0120","OWNED-UK/O-35d2317c","OWNED_PROOF","operator_paste","Readymerce sales calls — UK (prospect country: NO)","4-call 390551 4740985406 202609171814450200 447520687742","4-call 390551 4740985406 202609171814450200 447520687742.txt","NULL","transcript","4-call 390551 4740985406 202609171814450200 447520687742.txt","O-35d2317c","2026-09-17","2026-09-24","NULL","NULL","NULL","N","[R-OWNED]","RC-OWNED","VOC-OWNED-UK","You said it perfectly... your store. Built. Managed.","Yours. Amazing. You said it perfectly. You said about your English that it's not good, but I have understood you very good so far. So as you said, your store. Built. Managed.","NULL","NULL","NULL","4.4","PB-01|PB-04","CP-02","CP-02","NULL","NULL","NULL","NULL","NULL","NULL","call_market: NO (Norway); employment: chef; funds: NULL; household: married, wife does not work, sole income earner, travels for work","desire|belief","NULL","NULL","NULL","unknown","","VERBATIM_VOC","NULL","NULL","NULL","NULL","call_outcome: BOOKED-FOLLOWUP; lead_quality_marker: non-native English speaker, repeats rep's own pitch language back approvingly; merged_from: OWNED-UK/Q-O-0011"
"Q-O-0121","OWNED-UK/O-a69fc3b4","OWNED_PROOF","operator_paste","Readymerce sales calls — UK","9-call 390470 447970837592 202609171756110200 447520687742","9-call 390470 447970837592 202609171756110200 447520687742.txt","NULL","transcript","9-call 390470 447970837592 202609171756110200 447520687742.txt","O-a69fc3b4","2026-09-17","2026-09-24","NULL","NULL","NULL","N","[R-OWNED]","RC-OWNED","VOC-OWNED-UK","No, I'm retired now, you get it? So I need some retirement money, you know, to live.","No, I'm retired now, you get it? So I need some retirement money, you know, to live.","NULL","NULL","NULL","5.1","PB-07|PB-02","CP-06","CP-06","NULL","NULL","NULL","NULL","NULL","NULL","call_market: UK; employment: retired (former IT project/test manager, heart attack at 50, retired, returned to work briefly, retired again); funds: NULL; household: NULL","desire|spend","NULL","NULL","NULL","seeker","retired IT manager, heart attack at 50, needs retirement income","VERBATIM_VOC","NULL","NULL","NULL","NULL","call_outcome: BOOKED-FOLLOWUP; lead_quality_marker: retired, explicitly needs income to live, not a hobby; merged_from: OWNED-UK/Q-O-0012"
"Q-O-0122","OWNED-UK/O-a69fc3b4","OWNED_PROOF","operator_paste","Readymerce sales calls — UK","9-call 390470 447970837592 202609171756110200 447520687742","9-call 390470 447970837592 202609171756110200 447520687742.txt","NULL","transcript","9-call 390470 447970837592 202609171756110200 447520687742.txt","O-a69fc3b4","2026-09-17","2026-09-24","NULL","NULL","NULL","N","[R-OWNED]","RC-OWNED","VOC-OWNED-UK","Tell me what sort of costs are we looking at involved at the moment?","Yeah, tell me what sort of costs are we looking at involved at the moment?","NULL","NULL","NULL","5.9","PB-01","NULL","NULL","NULL","NULL","NULL","NULL","NULL","NULL","call_market: UK; employment: retired (former IT project/test manager, heart attack at 50, retired, returned to work briefly, retired again); funds: NULL; household: NULL","spend|question_asked","NULL","NULL","NULL","unknown","","VERBATIM_VOC","NULL","NULL","NULL","NULL","call_outcome: BOOKED-FOLLOWUP; lead_quality_marker: asks costs before committing, no figure given yet; merged_from: OWNED-UK/Q-O-0013"
"Q-O-0123","OWNED-UK/O-b4f00a87","OWNED_PROOF","operator_paste","Readymerce sales calls — UK","3-call 378144 447956675412 202609041333290200 447520685493","3-call 378144 447956675412 202609041333290200 447520685493.txt","NULL","transcript","3-call 378144 447956675412 202609041333290200 447520685493.txt","O-b4f00a87","2026-09-04","2026-09-24","NULL","NULL","NULL","N","[R-OWNED]","RC-OWNED","VOC-OWNED-UK","Yes, I have looked into that before. They were all African products.","Yes, I have looked into that before. What kind of product is it? So they were all African products. African products. Yeah. African food, Nigerian food, Nigerian honey.","NULL","NULL","NULL","7.4","PB-05","NULL","NULL","NULL","NULL","NULL","NULL","NULL","NULL","call_market: UK; employment: runs events + money-transfer-org marketing; funds: NULL; household: NULL","desire|solution_mentioned","NULL","NULL","NULL","unknown","","VERBATIM_VOC","NULL","NULL","NULL","NULL","call_outcome: BOOKED-FOLLOWUP; lead_quality_marker: already has a niche product idea in mind (African/Nigerian food); merged_from: OWNED-UK/Q-O-0014"
"Q-O-0124","OWNED-UK/O-b4f00a87","OWNED_PROOF","operator_paste","Readymerce sales calls — UK","3-call 378144 447956675412 202609041333290200 447520685493","3-call 378144 447956675412 202609041333290200 447520685493.txt","NULL","transcript","3-call 378144 447956675412 202609041333290200 447520685493.txt","O-b4f00a87","2026-09-04","2026-09-24","NULL","NULL","NULL","N","[R-OWNED]","RC-OWNED","VOC-OWNED-UK","The marketing was the one bringing in the money, but it's slowed down so much.","No, it's really slow now. The event is what I'm doing, but the marketing was the one bringing in the money, but it's slowed down so much.","NULL","NULL","NULL","6.8","PB-06","NULL","NULL","NULL","NULL","NULL","NULL","NULL","NULL","call_market: UK; employment: runs events + money-transfer-org marketing; funds: NULL; household: NULL","scene|spend","NULL","NULL","NULL","unknown","","VERBATIM_VOC","NULL","NULL","NULL","NULL","call_outcome: BOOKED-FOLLOWUP; lead_quality_marker: existing income source (events/marketing) has slowed, looking for a new stream; merged_from: OWNED-UK/Q-O-0015"
"Q-O-0125","OWNED-UK/O-a680bb4d","OWNED_PROOF","operator_paste","Readymerce sales calls — UK","4-call 382492 447435239546 202609091408310200 447520687743","4-call 382492 447435239546 202609091408310200 447520687743.txt","NULL","transcript","4-call 382492 447435239546 202609091408310200 447520687743.txt","O-a680bb4d","2026-09-09","2026-09-24","NULL","NULL","NULL","N","[R-OWNED]","RC-OWNED","VOC-OWNED-UK","I'm enjoying this. I won't be when I start spending money.","I'm enjoying this. I won't be when I start spending money.","NULL","NULL","NULL","1.6","PB-03","NULL","NULL","NULL","NULL","NULL","NULL","NULL","NULL","call_market: UK; employment: NULL; funds: NULL; household: NULL","skepticism|spend|objection","NULL","NULL","NULL","seeker","","VERBATIM_VOC","NULL","NULL","NULL","NULL","call_outcome: BOOKED-FOLLOWUP; lead_quality_marker: explicit anxiety line: comfortable until actual money is on the line; merged_from: OWNED-UK/Q-O-0016"
"Q-O-0126","OWNED-UK/O-a680bb4d","OWNED_PROOF","operator_paste","Readymerce sales calls — UK","4-call 382492 447435239546 202609091408310200 447520687743","4-call 382492 447435239546 202609091408310200 447520687743.txt","NULL","transcript","4-call 382492 447435239546 202609091408310200 447520687743.txt","O-a680bb4d","2026-09-09","2026-09-24","NULL","NULL","NULL","N","[R-OWNED]","RC-OWNED","VOC-OWNED-UK","What do I see now? I see, apply for a money Etsy store.","What do I see now? I see, apply for a money Etsy store.","NULL","NULL","NULL","2.4","PB-01","NULL","NULL","NULL","NULL","NULL","NULL","NULL","NULL","call_market: UK; employment: NULL; funds: NULL; household: NULL","question_asked","NULL","NULL","NULL","unknown","","VERBATIM_VOC","NULL","NULL","NULL","NULL","call_outcome: BOOKED-FOLLOWUP; lead_quality_marker: confused by on-screen store dashboard wording during live walkthrough; merged_from: OWNED-UK/Q-O-0017"
"Q-O-0127","OWNED-UK/O-42a004a9","OWNED_PROOF","operator_paste","Readymerce sales calls — UK","16-call 394644 447938773129 202609222059080200 447520687738","16-call 394644 447938773129 202609222059080200 447520687738.txt","NULL","transcript","16-call 394644 447938773129 202609222059080200 447520687738.txt","O-42a004a9","2026-09-22","2026-09-24","NULL","NULL","NULL","N","[R-OWNED]","RC-OWNED","VOC-OWNED-UK","My store was nearly about 10,000 pounds, and that is before me paying the money to open properly.","I did it with Sylvia and because my product it went very quick and my store was nearly about 10,000 pounds. Yeah, and that is before me paying the money to open properly, you know what I mean?","NULL","NULL","NULL","9.1","PB-06|PB-01","CP-03","CP-03","NULL","NULL","NULL","NULL","NULL","NULL","call_market: UK; employment: unemployed (lost job); funds: previously ~£10,000 store value before full payment, currently limited (~£200-300 available in ~2 weeks); household: NULL","spend|failed_solution|desire","TRIED-HELPED-THEN-RETURNED","NULL","NULL","veteran","prior Etsy/Shopify-style store nearly £10k, lost job and had bank details stolen, severe head injury, restarting","VERBATIM_VOC","NULL","NULL","NULL","NULL","call_outcome: BOOKED-FOLLOWUP; lead_quality_marker: prior store reached ~£10,000 value before he could finish paying to open it properly; merged_from: OWNED-UK/Q-O-0018"
"Q-O-0128","OWNED-UK/O-42a004a9","OWNED_PROOF","operator_paste","Readymerce sales calls — UK","16-call 394644 447938773129 202609222059080200 447520687738","16-call 394644 447938773129 202609222059080200 447520687738.txt","NULL","transcript","16-call 394644 447938773129 202609222059080200 447520687738.txt","O-42a004a9","2026-09-22","2026-09-24","NULL","NULL","NULL","N","[R-OWNED]","RC-OWNED","VOC-OWNED-UK","I lost everything... I lost my job, and all my bank details go stolen.","I lost everything in a — I mean, I lost my job, you know, and all my bank details go stolen, and I had, in my phone, go taken out. So now I'm just starting again.","NULL","NULL","NULL","3.2","PB-03|PB-06","CP-03","CP-03","NULL","NULL","NULL","NULL","NULL","NULL","call_market: UK; employment: unemployed (lost job); funds: previously ~£10,000 store value before full payment, currently limited (~£200-300 available in ~2 weeks); household: NULL","scene|consequence|tradeoff|hyper_responsive","NULL","NULL","NULL","unknown","","VERBATIM_VOC","NULL","NULL","NULL","NULL","call_outcome: BOOKED-FOLLOWUP; lead_quality_marker: compounding losses: job, bank fraud, phone theft, severe head injury — rebuilding from scratch; merged_from: OWNED-UK/Q-O-0019"
"Q-O-0129","OWNED-UK/O-42a004a9","OWNED_PROOF","operator_paste","Readymerce sales calls — UK","16-call 394644 447938773129 202609222059080200 447520687738","16-call 394644 447938773129 202609222059080200 447520687738.txt","NULL","transcript","16-call 394644 447938773129 202609222059080200 447520687738.txt","O-42a004a9","2026-09-22","2026-09-24","NULL","NULL","NULL","N","[R-OWNED]","RC-OWNED","VOC-OWNED-UK","So how much is that gonna cost me to just start?","So how much is that gonna cost me to just start?","NULL","NULL","NULL","1.6","PB-01","NULL","NULL","NULL","NULL","NULL","NULL","NULL","NULL","call_market: UK; employment: unemployed (lost job); funds: previously ~£10,000 store value before full payment, currently limited (~£200-300 available in ~2 weeks); household: NULL","spend|question_asked","NULL","NULL","NULL","unknown","","VERBATIM_VOC","NULL","NULL","NULL","NULL","call_outcome: BOOKED-FOLLOWUP; lead_quality_marker: funds not currently in account, wants to know start cost before committing £200-300 in ~2 weeks; merged_from: OWNED-UK/Q-O-0020"
"Q-O-0130","OWNED-UK/O-6c960800","OWNED_PROOF","operator_paste","Readymerce sales calls — UK","17-call 392455 447970837592 202609211403010200 447520687738","17-call 392455 447970837592 202609211403010200 447520687738.txt","NULL","transcript","17-call 392455 447970837592 202609211403010200 447520687738.txt","O-6c960800","2026-09-21","2026-09-24","NULL","NULL","NULL","N","[R-OWNED]","RC-OWNED","VOC-OWNED-UK","I got scammed by the marketing guy.","I think you said that we've got, because I've got a couple of these Shopify accounts... but I ended up paying fees for the last three, four years. I got scammed by the marketing guy.","NULL","NULL","NULL","4.0","PB-03|PB-06","CP-03","CP-03","NULL","NULL","NULL","NULL","NULL","NULL","call_market: UK; employment: IT guy; funds: lost ~£1,000 to a prior marketing scammer; household: NULL","failed_solution|belief|spend","TRIED-FAILED","NULL","NULL","veteran","IT professional, prior Shopify accounts scammed by a marketing operator","VERBATIM_VOC","NULL","NULL","NULL","NULL","call_outcome: BOOKED-FOLLOWUP; lead_quality_marker: burned ~3-4 years and money paying fees to a marketing scammer with no results; merged_from: OWNED-UK/Q-O-0021"
"Q-O-0131","OWNED-UK/O-6c960800","OWNED_PROOF","operator_paste","Readymerce sales calls — UK","17-call 392455 447970837592 202609211403010200 447520687738","17-call 392455 447970837592 202609211403010200 447520687738.txt","NULL","transcript","17-call 392455 447970837592 202609211403010200 447520687738.txt","O-6c960800","2026-09-21","2026-09-24","NULL","NULL","NULL","N","[R-OWNED]","RC-OWNED","VOC-OWNED-UK","They just lost a thousand pounds.","And the thing is, either I'm going to cancel these Shopify accounts... we created these accounts thinking that we're going to take off and get these up and running, and then they just lost a thousand pounds.","NULL","NULL","NULL","0.5","PB-06","CP-03","NULL","NULL","NULL","NULL","NULL","NULL","NULL","call_market: UK; employment: IT guy; funds: lost ~£1,000 to a prior marketing scammer; household: NULL","failed_solution|spend|enemy_blame","TRIED-FAILED","NULL","NULL","unknown","","VERBATIM_VOC","NULL","NULL","NULL","NULL","call_outcome: BOOKED-FOLLOWUP; lead_quality_marker: names the concrete loss amount (£1,000) from the earlier failed attempt; merged_from: OWNED-UK/Q-O-0022"
"Q-O-0132","OWNED-UK/O-6c960800","OWNED_PROOF","operator_paste","Readymerce sales calls — UK","17-call 392455 447970837592 202609211403010200 447520687738","17-call 392455 447970837592 202609211403010200 447520687738.txt","NULL","transcript","17-call 392455 447970837592 202609211403010200 447520687738.txt","O-6c960800","2026-09-21","2026-09-24","NULL","NULL","NULL","N","[R-OWNED]","RC-OWNED","VOC-OWNED-UK","I need a proof of concept that actually works.","I'm not really interested in creating stores if those ones, but what I need is I need a proof of concept that actually works.","NULL","NULL","NULL","3.7","PB-03","NULL","NULL","NULL","NULL","NULL","NULL","NULL","NULL","call_market: UK; employment: IT guy; funds: lost ~£1,000 to a prior marketing scammer; household: NULL","skepticism|belief|objection","NULL","NULL","NULL","unknown","","VERBATIM_VOC","NULL","NULL","NULL","NULL","call_outcome: BOOKED-FOLLOWUP; lead_quality_marker: will not commit further money without evidence the model works first; merged_from: OWNED-UK/Q-O-0023"
"Q-O-0133","OWNED-UK/O-8960189a","OWNED_PROOF","operator_paste","Readymerce sales calls — UK","7-call 381894 447400337188 202609081934380200 447520687746","7-call 381894 447400337188 202609081934380200 447520687746.txt","NULL","transcript","7-call 381894 447400337188 202609081934380200 447520687746.txt","O-8960189a","2026-09-08","2026-09-24","NULL","NULL","NULL","N","[R-OWNED]","RC-OWNED","VOC-OWNED-UK","I earn good money now, so I don't want to quit and then start struggling.","Yes. I earn good money now, so I don't want to quit and then start struggling. I want to make sure this one is working before I talk of quitting.","NULL","NULL","NULL","3.6","PB-02","CP-01","CP-01","NULL","NULL","NULL","NULL","NULL","NULL","call_market: UK; employment: currently employed, earning; funds: has some funds, jointly owned with a partner; household: shares finances with a partner","objection|tradeoff|fear","NULL","NULL","NULL","seeker","","VERBATIM_VOC","NULL","NULL","NULL","NULL","call_outcome: BOOKED-FOLLOWUP; lead_quality_marker: will not quit current job until the new store is proven to work; merged_from: OWNED-UK/Q-O-0024"
"Q-O-0134","OWNED-UK/O-8960189a","OWNED_PROOF","operator_paste","Readymerce sales calls — UK","7-call 381894 447400337188 202609081934380200 447520687746","7-call 381894 447400337188 202609081934380200 447520687746.txt","NULL","transcript","7-call 381894 447400337188 202609081934380200 447520687746.txt","O-8960189a","2026-09-08","2026-09-24","NULL","NULL","NULL","N","[R-OWNED]","RC-OWNED","VOC-OWNED-UK","I have some funds, but it's jointly owned. So, we're sharing it, let's say.","I have some funds, but it's jointly owned. So, we're sharing it on tolls, let's say. We share it. I should have mine, and I can register for business, yeah?","NULL","NULL","NULL","4.0","PB-02","CP-07","CP-07","NULL","NULL","NULL","NULL","NULL","NULL","call_market: UK; employment: currently employed, earning; funds: has some funds, jointly owned with a partner; household: shares finances with a partner","spend","NULL","NULL","NULL","unknown","","VERBATIM_VOC","NULL","NULL","NULL","NULL","call_outcome: BOOKED-FOLLOWUP; lead_quality_marker: money available is jointly owned with a partner, not solely his to spend; merged_from: OWNED-UK/Q-O-0025"
"Q-O-0135","OWNED-UK/O-c5e20736","OWNED_PROOF","operator_paste","Readymerce sales calls — UK","11-call 385397 447717774180 202609101835020200 447520687746","11-call 385397 447717774180 202609101835020200 447520687746.txt","NULL","transcript","11-call 385397 447717774180 202609101835020200 447520687746.txt","O-c5e20736","2026-09-10","2026-09-24","NULL","NULL","NULL","N","[R-OWNED]","RC-OWNED","VOC-OWNED-UK","After paying $500, I should be paying £1 every month. You didn't tell me that earlier.","But you didn't tell me that earlier. Let me see the hidden charges. After paying $500, I should be paying £1 every month. You didn't tell me that earlier.","NULL","NULL","NULL","2.3","PB-03","NULL","NULL","NULL","NULL","NULL","NULL","NULL","NULL","call_market: UK; employment: NULL (driving during the call); funds: NULL; household: NULL","objection|skepticism|spend","NULL","NULL","NULL","dissatisfied","","VERBATIM_VOC","NULL","NULL","NULL","NULL","call_outcome: HUNG-UP; lead_quality_marker: feels misled about hidden recurring Shopify fees not disclosed upfront; merged_from: OWNED-UK/Q-O-0026"
"Q-O-0136","OWNED-UK/O-c5e20736","OWNED_PROOF","operator_paste","Readymerce sales calls — UK","11-call 385397 447717774180 202609101835020200 447520687746","11-call 385397 447717774180 202609101835020200 447520687746.txt","NULL","transcript","11-call 385397 447717774180 202609101835020200 447520687746.txt","O-c5e20736","2026-09-10","2026-09-24","NULL","NULL","NULL","N","[R-OWNED]","RC-OWNED","VOC-OWNED-UK","I can't continue the call anymore.","You told me about Etsy. Wow, that's serious. I can't continue the call anymore. Maybe we can continue some other time. I can't pick up the call anymore.","NULL","NULL","NULL","8.4","PB-03","NULL","NULL","NULL","NULL","NULL","NULL","NULL","NULL","call_market: UK; employment: NULL (driving during the call); funds: NULL; household: NULL","almost_stopped|skepticism","NULL","NULL","NULL","unknown","","VERBATIM_VOC","NULL","NULL","NULL","NULL","call_outcome: HUNG-UP; lead_quality_marker: ends the call abruptly after confusion over Shopify vs Etsy platform claims; merged_from: OWNED-UK/Q-O-0027"
"Q-O-0137","OWNED-UK/O-df4f4cad","OWNED_PROOF","operator_paste","Readymerce sales calls — UK","9-call 390006 447599292985 202609171501130200 447520687742","9-call 390006 447599292985 202609171501130200 447520687742.txt","NULL","transcript","9-call 390006 447599292985 202609171501130200 447520687742.txt","O-df4f4cad","2026-09-17","2026-09-24","NULL","NULL","NULL","N","[R-OWNED]","RC-OWNED","VOC-OWNED-UK","I would like to do e-commerce, because one of my best friends, he does e-commerce, he's got about three warehouses.","But, no, I would like to do e-commerce, because I think I told you, one of my best friends, he does e-commerce, he's got about three warehouses of e-commerce.","NULL","NULL","NULL","11.2","PB-05","NULL","NULL","NULL","NULL","NULL","NULL","NULL","NULL","call_market: UK; employment: trades (financial trading) part-time, Wed/Sun only, also selling house; funds: NULL; household: NULL","desire|belief","NULL","NULL","NULL","unknown","","VERBATIM_VOC","NULL","NULL","NULL","NULL","call_outcome: BOOKED-FOLLOWUP; lead_quality_marker: social proof from a friend's e-commerce success motivates interest; merged_from: OWNED-UK/Q-O-0028"
"Q-O-0138","OWNED-UK/O-df4f4cad","OWNED_PROOF","operator_paste","Readymerce sales calls — UK","9-call 390006 447599292985 202609171501130200 447520687742","9-call 390006 447599292985 202609171501130200 447520687742.txt","NULL","transcript","9-call 390006 447599292985 202609171501130200 447520687742.txt","O-df4f4cad","2026-09-17","2026-09-24","NULL","NULL","NULL","N","[R-OWNED]","RC-OWNED","VOC-OWNED-UK","I don't want to trade on your platform at the moment, because I am trading.","A guy called me, yesterday he called me, another lady called me again, and I've told them no, I don't want to trade on your platform at the moment, because I am trading.","NULL","NULL","NULL","6.8","PB-06","NULL","NULL","NULL","NULL","NULL","NULL","NULL","NULL","call_market: UK; employment: trades (financial trading) part-time, Wed/Sun only, also selling house; funds: NULL; household: NULL","refuses|tired_of_hearing","NULL","NULL","NULL","unknown","","VERBATIM_VOC","NULL","NULL","NULL","NULL","call_outcome: BOOKED-FOLLOWUP; lead_quality_marker: fields frequent unsolicited sales calls, wary of being sold to repeatedly; merged_from: OWNED-UK/Q-O-0029"
"Q-O-0139","OWNED-UK/O-559d043f","OWNED_PROOF","operator_paste","Readymerce sales calls — UK","8-call 381103 447438303731 202609081409570200 447520687742","8-call 381103 447438303731 202609081409570200 447520687742.txt","NULL","transcript","8-call 381103 447438303731 202609081409570200 447520687742.txt","O-559d043f","2026-09-08","2026-09-24","NULL","NULL","NULL","N","[R-OWNED]","RC-OWNED","VOC-OWNED-UK","My real concern is when you invest such money, how much do you make in returns in a week?","Yeah. My real concern is that when you invest such money, how much do you make in returns in a week?","NULL","NULL","NULL","6.7","PB-01","NULL","NULL","NULL","NULL","NULL","NULL","NULL","NULL","call_market: UK; employment: NULL; funds: NULL; household: has daughters ('my children are all girls')","skepticism|spend|question_asked|objection","NULL","NULL","NULL","unknown","","VERBATIM_VOC","NULL","NULL","NULL","NULL","call_outcome: BOOKED-FOLLOWUP; lead_quality_marker: wants a concrete weekly-return figure before investing; merged_from: OWNED-UK/Q-O-0030"
"Q-O-0140","OWNED-UK/O-559d043f","OWNED_PROOF","operator_paste","Readymerce sales calls — UK","8-call 381103 447438303731 202609081409570200 447520687742","8-call 381103 447438303731 202609081409570200 447520687742.txt","NULL","transcript","8-call 381103 447438303731 202609081409570200 447520687742.txt","O-559d043f","2026-09-08","2026-09-24","NULL","NULL","NULL","N","[R-OWNED]","RC-OWNED","VOC-OWNED-UK","If you invest such money, what is the guarantee of your money?","For instance, if you invest such money, what is the guarantee of your money?","NULL","NULL","NULL","5.8","PB-03","NULL","NULL","NULL","NULL","NULL","NULL","NULL","NULL","call_market: UK; employment: NULL; funds: NULL; household: has daughters ('my children are all girls')","objection|fear|spend","NULL","NULL","NULL","seeker","parent of daughters, cautious about capital at risk","VERBATIM_VOC","NULL","NULL","NULL","NULL","call_outcome: BOOKED-FOLLOWUP; lead_quality_marker: demands a guarantee against losing the invested money; merged_from: OWNED-UK/Q-O-0031"
"Q-O-0141","OWNED-UK/O-c018d848","OWNED_PROOF","operator_paste","Readymerce sales calls — UK","10-call 386134 447369244629 202609111440280200 447520687746","10-call 386134 447369244629 202609111440280200 447520687746.txt","NULL","transcript","10-call 386134 447369244629 202609111440280200 447520687746.txt","O-c018d848","2026-09-11","2026-09-24","NULL","NULL","NULL","N","[R-OWNED]","RC-OWNED","VOC-OWNED-UK","I've just taken a retirement, so I want to focus on doing it well.","Yes, I've tried it before, but I didn't put much time on it. But at the moment, I don't have a job, so I want to put more time on it. Oh, you don't have a job now? No, I've just taken a retirement, so I want to focus on doing it well.","NULL","NULL","NULL","6.7","PB-07|PB-06","CP-06","CP-06","NULL","NULL","NULL","NULL","NULL","NULL","call_market: UK; employment: recently retired from the NHS; funds: 'money to sustain me' (NHS pension, unspecified amount); household: NULL","desire|failed_solution|trigger|hyper_responsive","TRIED-UNCLEAR","NULL","NULL","seeker","retired NHS worker, tried e-commerce before with little time given to it","VERBATIM_VOC","NULL","NULL","NULL","NULL","call_outcome: BOOKED-FOLLOWUP; lead_quality_marker: retired from the NHS, now has time to properly pursue a store he tried before but under-invested time in; merged_from: OWNED-UK/Q-O-0032"
"Q-O-0142","OWNED-UK/O-c018d848","OWNED_PROOF","operator_paste","Readymerce sales calls — UK","10-call 386134 447369244629 202609111440280200 447520687746","10-call 386134 447369244629 202609111440280200 447520687746.txt","NULL","transcript","10-call 386134 447369244629 202609111440280200 447520687746.txt","O-c018d848","2026-09-11","2026-09-24","NULL","NULL","NULL","N","[R-OWNED]","RC-OWNED","VOC-OWNED-UK","I've got money to sustain me. I work for the NHS, so I want to set up a business.","No, I've got money to sustain me. I work for the NHS, so I want to set up a business. I really need this e-commerce, if you are able to do that.","NULL","NULL","NULL","3.0","PB-02","NULL","NULL","NULL","NULL","NULL","NULL","NULL","NULL","call_market: UK; employment: recently retired from the NHS; funds: 'money to sustain me' (NHS pension, unspecified amount); household: NULL","spend|desire","NULL","NULL","NULL","unknown","","VERBATIM_VOC","NULL","NULL","NULL","NULL","call_outcome: BOOKED-FOLLOWUP; lead_quality_marker: states he has funds to sustain himself while building the store; merged_from: OWNED-UK/Q-O-0033"
"Q-O-0143","OWNED-UK/O-29a3a362","OWNED_PROOF","operator_paste","Readymerce sales calls — UK","15-call 382227 447825815433 202609091302550200 447520687738","15-call 382227 447825815433 202609091302550200 447520687738.txt","NULL","transcript","15-call 382227 447825815433 202609091302550200 447520687738.txt","O-29a3a362","2026-09-09","2026-09-24","NULL","NULL","NULL","N","[R-OWNED]","RC-OWNED","VOC-OWNED-UK","The one thing I don't have in my life is time. Plus I have a child of five years old.","No, I definitely don't have, the one thing I don't have in my life is time. Plus I have a child of five years old.","NULL","NULL","NULL","3.7","PB-04","CP-02","CP-02","NULL","NULL","NULL","NULL","NULL","NULL","call_market: UK; employment: NULL; funds: NULL; household: has a 5-year-old child","objection|scene|tradeoff","NULL","NULL","NULL","passive","","VERBATIM_VOC","NULL","NULL","NULL","NULL","call_outcome: DECLINED; lead_quality_marker: time scarcity as a parent of a young child is the stated blocker; merged_from: OWNED-UK/Q-O-0034"
"Q-O-0144","OWNED-UK/O-29a3a362","OWNED_PROOF","operator_paste","Readymerce sales calls — UK","15-call 382227 447825815433 202609091302550200 447520687738","15-call 382227 447825815433 202609091302550200 447520687738.txt","NULL","transcript","15-call 382227 447825815433 202609091302550200 447520687738.txt","O-29a3a362","2026-09-09","2026-09-24","NULL","NULL","NULL","N","[R-OWNED]","RC-OWNED","VOC-OWNED-UK","I'm not interested in Red Immerse, thank you. I have looked through and did my research, it's not for me.","Oh hi, I'm not interested in Red Immerse, thank you. I have looked through and then I did my research, it's not for me.","NULL","NULL","NULL","4.8","PB-03","NULL","NULL","NULL","NULL","NULL","NULL","NULL","NULL","call_market: UK; employment: NULL; funds: NULL; household: has a 5-year-old child","refuses|skepticism","NULL","NULL","NULL","passive","","VERBATIM_VOC","NULL","NULL","NULL","NULL","call_outcome: DECLINED; lead_quality_marker: did independent research on the company before declining outright; merged_from: OWNED-UK/Q-O-0035"
"Q-O-0145","OWNED-UK/O-0e78dc62","OWNED_PROOF","operator_paste","Readymerce sales calls — UK","12-call 369748 447930738943 202609011458200200 447520687738","12-call 369748 447930738943 202609011458200200 447520687738.txt","NULL","transcript","12-call 369748 447930738943 202609011458200200 447520687738.txt","O-0e78dc62","2026-09-01","2026-09-24","NULL","NULL","NULL","N","[R-OWNED]","RC-OWNED","VOC-OWNED-UK","We all live together. We are rented in the council house, me and my wife and my kids are all together.","No, we all live together. We are rented in the council house. We all live together, me and my wife and my kids are all together.","NULL","NULL","NULL","6.5","PB-02|PB-04","CP-02","CP-02","NULL","NULL","NULL","NULL","NULL","NULL","call_market: UK; employment: factory worker, quit university to pursue design; funds: rent ~£450-470/month via direct debit; household: council house, lives with wife and kids together","scene|identity","NULL","NULL","NULL","sufferer","","VERBATIM_VOC","NULL","NULL","NULL","NULL","call_outcome: BOOKED-FOLLOWUP; lead_quality_marker: council-house tenant supporting a wife and kids on a factory wage; merged_from: OWNED-UK/Q-O-0036"
"Q-O-0146","OWNED-UK/O-0e78dc62","OWNED_PROOF","operator_paste","Readymerce sales calls — UK","12-call 369748 447930738943 202609011458200200 447520687738","12-call 369748 447930738943 202609011458200200 447520687738.txt","NULL","transcript","12-call 369748 447930738943 202609011458200200 447520687738.txt","O-0e78dc62","2026-09-01","2026-09-24","NULL","NULL","NULL","N","[R-OWNED]","RC-OWNED","VOC-OWNED-UK","My computer just broke. My son just broke the computer.","No, no, my computer just broke. My son just broke the computer. Okay. Yeah, I think that's somewhere three months ago after I finished. Okay. After I decided to quit from uni, because I'm designing.","NULL","NULL","NULL","5.2","PB-01","CP-02","NULL","NULL","NULL","NULL","NULL","NULL","NULL","call_market: UK; employment: factory worker, quit university to pursue design; funds: rent ~£450-470/month via direct debit; household: council house, lives with wife and kids together","scene|consequence|hyper_responsive","NULL","NULL","NULL","unknown","","VERBATIM_VOC","NULL","NULL","NULL","NULL","call_outcome: BOOKED-FOLLOWUP; lead_quality_marker: practical access barrier: no working computer at home, quit university to pursue design; merged_from: OWNED-UK/Q-O-0037"
"Q-O-0147","OWNED-UK/O-6ffa9c82","OWNED_PROOF","operator_paste","Readymerce sales calls — UK","11-call 385406 447917884803 202609101840130200 447520687746","11-call 385406 447917884803 202609101840130200 447520687746.txt","NULL","transcript","11-call 385406 447917884803 202609101840130200 447520687746.txt","O-6ffa9c82","2026-09-10","2026-09-24","NULL","NULL","NULL","N","[R-OWNED]","RC-OWNED","VOC-OWNED-UK","Most of the trading done online regarding cryptocurrency, most of them are scams.","Yeah, hopefully I've learned my lesson. Because they say that most of the trading done online regarding cryptocurrency, most of them are scams. So they just create fake websites, and then they just shut the website down after they've made a certain amount of money.","NULL","NULL","NULL","11.3","PB-03|PB-06","CP-03","CP-03","NULL","NULL","NULL","NULL","NULL","NULL","call_market: UK; employment: on government benefits; funds: currently paying off debts, awaiting possible refund via solicitor; household: NULL","belief|skepticism|failed_solution|hyper_responsive","TRIED-FAILED","NULL","NULL","veteran","lost money in a cryptocurrency scam, now on government benefits and paying off debt","VERBATIM_VOC","NULL","NULL","NULL","NULL","call_outcome: BOOKED-FOLLOWUP; lead_quality_marker: generalizes from a personal crypto scam loss to distrust of online investment offers broadly; merged_from: OWNED-UK/Q-O-0038"
"Q-O-0148","OWNED-UK/O-6ffa9c82","OWNED_PROOF","operator_paste","Readymerce sales calls — UK","11-call 385406 447917884803 202609101840130200 447520687746","11-call 385406 447917884803 202609101840130200 447520687746.txt","NULL","transcript","11-call 385406 447917884803 202609101840130200 447520687746.txt","O-6ffa9c82","2026-09-10","2026-09-24","NULL","NULL","NULL","N","[R-OWNED]","RC-OWNED","VOC-OWNED-UK","I was involved in a cryptocurrency scam, so I've lost a lot of money in that.","Because recently, I was involved in a cryptocurrency scam, so I've lost a lot of money in that.","NULL","NULL","NULL","8.4","PB-03","CP-03","CP-03","NULL","NULL","NULL","NULL","NULL","NULL","call_market: UK; employment: on government benefits; funds: currently paying off debts, awaiting possible refund via solicitor; household: NULL","failed_solution|spend","TRIED-FAILED","NULL","NULL","unknown","","VERBATIM_VOC","NULL","NULL","NULL","NULL","call_outcome: BOOKED-FOLLOWUP; lead_quality_marker: explicit prior financial loss to an online scam, still being resolved by a solicitor; merged_from: OWNED-UK/Q-O-0039"
"Q-O-0149","OWNED-UK/O-6ffa9c82","OWNED_PROOF","operator_paste","Readymerce sales calls — UK","11-call 385406 447917884803 202609101840130200 447520687746","11-call 385406 447917884803 202609101840130200 447520687746.txt","NULL","transcript","11-call 385406 447917884803 202609101840130200 447520687746.txt","O-6ffa9c82","2026-09-10","2026-09-24","NULL","NULL","NULL","N","[R-OWNED]","RC-OWNED","VOC-OWNED-UK","I'm busy paying off my debts. I'm on government benefits as well.","Yeah, basically, I'm still not ready at the moment. You see, I'm busy paying off my debts. I've got debts with other people, so I'm on government benefits as well, like I mentioned last time.","NULL","NULL","NULL","3.5","PB-02","NULL","NULL","NULL","NULL","NULL","NULL","NULL","NULL","call_market: UK; employment: on government benefits; funds: currently paying off debts, awaiting possible refund via solicitor; household: NULL","spend|objection|hyper_responsive","NULL","NULL","NULL","unknown","","VERBATIM_VOC","NULL","NULL","NULL","NULL","call_outcome: BOOKED-FOLLOWUP; lead_quality_marker: not financially ready to invest while repaying debts and on benefits; merged_from: OWNED-UK/Q-O-0040"
"Q-O-0150","OWNED-UK/O-59e9ab02","OWNED_PROOF","operator_paste","Readymerce sales calls — UK (prospect country: IE)","7-call 387295 353874108075 202609141931480200 447520687743","7-call 387295 353874108075 202609141931480200 447520687743.txt","NULL","transcript","7-call 387295 353874108075 202609141931480200 447520687743.txt","O-59e9ab02","2026-09-14","2026-09-24","NULL","NULL","NULL","N","[R-OWNED]","RC-OWNED","VOC-OWNED-UK","Take-home pay would be around $2,500.","Full-time, that would be my full-time job. Take-home pay would be around $2,500.","NULL","NULL","NULL","4.4","PB-02","CP-01","CP-01","NULL","NULL","NULL","NULL","NULL","NULL","call_market: IE; employment: runs a Shopify jersey business part-time; funds: take-home pay around $2,500; household: NULL","desire|spend","NULL","NULL","NULL","unknown","","VERBATIM_VOC","NULL","NULL","NULL","NULL","call_outcome: BOOKED-FOLLOWUP; lead_quality_marker: names a specific target take-home figure for the business to become full-time; merged_from: OWNED-UK/Q-O-0041"
"Q-O-0151","OWNED-UK/O-59e9ab02","OWNED_PROOF","operator_paste","Readymerce sales calls — UK (prospect country: IE)","7-call 387295 353874108075 202609141931480200 447520687743","7-call 387295 353874108075 202609141931480200 447520687743.txt","NULL","transcript","7-call 387295 353874108075 202609141931480200 447520687743.txt","O-59e9ab02","2026-09-14","2026-09-24","NULL","NULL","NULL","N","[R-OWNED]","RC-OWNED","VOC-OWNED-UK","I get in my own custom made retro jerseys from Pakistan, and I sell them.","I get in my own custom made retro jerseys from Pakistan, and I sell them. They're kind of county GA jerseys.","NULL","NULL","NULL","6.8","PB-05","CP-04","CP-04","NULL","NULL","NULL","NULL","NULL","NULL","call_market: IE; employment: runs a Shopify jersey business part-time; funds: take-home pay around $2,500; household: NULL","solution_mentioned","CURRENTLY-USING","NULL","NULL","unknown","","VERBATIM_VOC","NULL","NULL","NULL","NULL","call_outcome: BOOKED-FOLLOWUP; lead_quality_marker: already running a niche sourcing + Shopify business (county GAA jerseys); merged_from: OWNED-UK/Q-O-0042"
"Q-O-0152","OWNED-UK/O-4b3eb2a1","OWNED_PROOF","operator_paste","Readymerce sales calls — UK","19-call 380379 447865497354 202609071427300200 447520687743","19-call 380379 447865497354 202609071427300200 447520687743.txt","NULL","transcript","19-call 380379 447865497354 202609071427300200 447520687743.txt","O-4b3eb2a1","2026-09-07","2026-09-24","NULL","NULL","NULL","N","[R-OWNED]","RC-OWNED","VOC-OWNED-UK","I had other businesses then that I was running... I'm regretting now because if I had started then.","No, I had other businesses then that I was running. So, you know, putting my business in too many piles was not a very good idea then. But I'm regretting now because if I had started then, that was a long time ago. That was 2016.","NULL","NULL","NULL","6.3","PB-06","NULL","NULL","NULL","NULL","NULL","NULL","NULL","NULL","call_market: UK; employment: NULL; funds: NULL; household: NULL; age 53, references Parkinson's disease","if_only|failed_solution|deeper_hope|hyper_responsive","TRIED-UNCLEAR","NULL","NULL","veteran","","VERBATIM_VOC","NULL","NULL","NULL","NULL","call_outcome: BOOKED-FOLLOWUP; lead_quality_marker: regrets not starting an online store back in 2016 when first considered; merged_from: OWNED-UK/Q-O-0043"
"Q-O-0153","OWNED-UK/O-4b3eb2a1","OWNED_PROOF","operator_paste","Readymerce sales calls — UK","19-call 380379 447865497354 202609071427300200 447520687743","19-call 380379 447865497354 202609071427300200 447520687743.txt","NULL","transcript","19-call 380379 447865497354 202609071427300200 447520687743.txt","O-4b3eb2a1","2026-09-07","2026-09-24","NULL","NULL","NULL","N","[R-OWNED]","RC-OWNED","VOC-OWNED-UK","I developed one, but I never launched it. That's the problem.","No, I developed one, but I never launched it. That's the problem.","NULL","NULL","NULL","5.9","PB-01|PB-06","NULL","NULL","NULL","NULL","NULL","NULL","NULL","NULL","call_market: UK; employment: NULL; funds: NULL; household: NULL; age 53, references Parkinson's disease","failed_solution|almost_stopped|trigger","TRIED-UNCLEAR","NULL","NULL","unknown","","VERBATIM_VOC","NULL","NULL","NULL","NULL","call_outcome: BOOKED-FOLLOWUP; lead_quality_marker: built a store previously but never launched it — a stalled DIY attempt; merged_from: OWNED-UK/Q-O-0044"
"Q-O-0154","OWNED-UK/O-96f490a3","OWNED_PROOF","operator_paste","Readymerce sales calls — UK","14-call 392498 447957176971 202609211413170200 447520687738","14-call 392498 447957176971 202609211413170200 447520687738.txt","NULL","transcript","14-call 392498 447957176971 202609211413170200 447520687738.txt","O-96f490a3","2026-09-21","2026-09-24","NULL","NULL","NULL","N","[R-OWNED]","RC-OWNED","VOC-OWNED-UK","I'm a computer consultant and I have very little time.","Well, I'm a computer consultant and I have very little time and basically packing things, sending them off on time, et cetera, became an issue and we were late and we got marked down for late supply and so on.","NULL","NULL","NULL","9.6","PB-04|PB-06","CP-04","CP-04","NULL","NULL","NULL","NULL","NULL","NULL","call_market: UK; employment: computer consultant, very little spare time; funds: NULL; household: NULL","failed_solution|tradeoff|hyper_responsive","TRIED-FAILED","NULL","NULL","veteran","","VERBATIM_VOC","NULL","NULL","NULL","NULL","call_outcome: BOOKED-FOLLOWUP; lead_quality_marker: prior fulfillment attempt failed due to lack of time to pack/ship on schedule; merged_from: OWNED-UK/Q-O-0045"
"Q-O-0155","OWNED-UK/O-96f490a3","OWNED_PROOF","operator_paste","Readymerce sales calls — UK","14-call 392498 447957176971 202609211413170200 447520687738","14-call 392498 447957176971 202609211413170200 447520687738.txt","NULL","transcript","14-call 392498 447957176971 202609211413170200 447520687738.txt","O-96f490a3","2026-09-21","2026-09-24","NULL","NULL","NULL","N","[R-OWNED]","RC-OWNED","VOC-OWNED-UK","Is it $500 it's starting from, and it goes up to $5,000 or what?","Okay, but what I wanted to ask you is, you're offering these sites that you produce, and you're saying $500 or so. Yes. And how fixed is that price? Is it $500 it's starting from, and it goes up to $5,000 or what?","NULL","NULL","NULL","1.9","PB-01","NULL","NULL","NULL","NULL","NULL","NULL","NULL","NULL","call_market: UK; employment: computer consultant, very little spare time; funds: NULL; household: NULL","spend|question_asked|skepticism|hyper_responsive","NULL","NULL","NULL","unknown","","VERBATIM_VOC","NULL","NULL","NULL","NULL","call_outcome: BOOKED-FOLLOWUP; lead_quality_marker: suspects the quoted $500 is a low anchor that will be upsold; merged_from: OWNED-UK/Q-O-0046"
"Q-O-0156","OWNED-UK/O-40d9bf9a","OWNED_PROOF","operator_paste","Readymerce sales calls — UK","14-call 387428 447516710233 202609142137440200 447520687746","14-call 387428 447516710233 202609142137440200 447520687746.txt","NULL","transcript","14-call 387428 447516710233 202609142137440200 447520687746.txt","O-40d9bf9a","2026-09-14","2026-09-24","NULL","NULL","NULL","N","[R-OWNED]","RC-OWNED","VOC-OWNED-UK","I'm struggling on my financial side. I believe it's not the best time to just start investing.","No, you don't yet. To be honest, I'm thinking about it because, you know, I'm struggling on my financial side. And I believe it's not the best time, you know, to just start investing. Yeah. Myself, I'm not looking good, to be honest.","NULL","NULL","NULL","5.8","PB-02","NULL","NULL","NULL","NULL","NULL","NULL","NULL","NULL","call_market: UK; employment: NULL; funds: struggling financially, cannot currently afford the investment; household: NULL","objection|spend|belief|hyper_responsive","NULL","NULL","NULL","sufferer","","VERBATIM_VOC","NULL","NULL","NULL","NULL","call_outcome: DECLINED; lead_quality_marker: openly financially struggling, self-assesses now as the wrong time to invest; merged_from: OWNED-UK/Q-O-0047"
"Q-O-0157","OWNED-UK/O-40d9bf9a","OWNED_PROOF","operator_paste","Readymerce sales calls — UK","14-call 387428 447516710233 202609142137440200 447520687746","14-call 387428 447516710233 202609142137440200 447520687746.txt","NULL","transcript","14-call 387428 447516710233 202609142137440200 447520687746.txt","O-40d9bf9a","2026-09-14","2026-09-24","NULL","NULL","NULL","N","[R-OWNED]","RC-OWNED","VOC-OWNED-UK","I didn't know that the investment is that much expensive. I don't have the money.","Yes. I didn't, I didn't know that, you know, the investment, you know, is that much expensive. I don't have the money.","NULL","NULL","NULL","4.6","PB-01","NULL","NULL","NULL","NULL","NULL","NULL","NULL","NULL","call_market: UK; employment: NULL; funds: struggling financially, cannot currently afford the investment; household: NULL","objection|spend","NULL","NULL","NULL","unknown","","VERBATIM_VOC","NULL","NULL","NULL","NULL","call_outcome: DECLINED; lead_quality_marker: sticker-shock at the price relative to what he can afford; merged_from: OWNED-UK/Q-O-0048"
"Q-O-0158","OWNED-UK/O-8482e001","OWNED_PROOF","operator_paste","Readymerce sales calls — UK","16-call 393013 447400337188 202609211802230200 447520687742","16-call 393013 447400337188 202609211802230200 447520687742.txt","NULL","transcript","16-call 393013 447400337188 202609211802230200 447520687742.txt","O-8482e001","2026-09-21","2026-09-24","NULL","NULL","NULL","N","[R-OWNED]","RC-OWNED","VOC-OWNED-UK","I spent the money I budgeted for it, but I have to be in two weeks' time.","No. I don't have any questions. Only that I spent the money I budgeted for it, but I have to be in two weeks' time. That is on 2nd.","NULL","NULL","NULL","6.3","PB-01","NULL","NULL","NULL","NULL","NULL","NULL","NULL","NULL","call_market: UK; employment: NULL; funds: had budgeted money but spent it over the weekend, needs ~2 weeks to have funds again; household: NULL","spend|almost_stopped","NULL","NULL","NULL","unknown","","VERBATIM_VOC","NULL","NULL","NULL","NULL","call_outcome: BOOKED-FOLLOWUP; lead_quality_marker: had money set aside but spent it, pushing the purchase out by roughly two weeks; merged_from: OWNED-UK/Q-O-0049"
"Q-O-0159","OWNED-UK/O-8482e001","OWNED_PROOF","operator_paste","Readymerce sales calls — UK","16-call 393013 447400337188 202609211802230200 447520687742","16-call 393013 447400337188 202609211802230200 447520687742.txt","NULL","transcript","16-call 393013 447400337188 202609211802230200 447520687742.txt","O-8482e001","2026-09-21","2026-09-24","NULL","NULL","NULL","N","[R-OWNED]","RC-OWNED","VOC-OWNED-UK","I tried to call you on that Friday. I couldn't get your number.","I tried. I searched for your number. I couldn't get it. That's why.","NULL","NULL","NULL","0.6","PB-01","NULL","NULL","NULL","NULL","NULL","NULL","NULL","NULL","call_market: UK; employment: NULL; funds: had budgeted money but spent it over the weekend, needs ~2 weeks to have funds again; household: NULL","made_them_act","NULL","NULL","NULL","unknown","","VERBATIM_VOC","NULL","NULL","NULL","NULL","call_outcome: BOOKED-FOLLOWUP; lead_quality_marker: proactively tried to reach the rep back, shows genuine follow-through intent; merged_from: OWNED-UK/Q-O-0050"
"Q-O-0160","OWNED-UK/O-6fe9d604","OWNED_PROOF","operator_paste","Readymerce sales calls — UK","6-call 389259 447359059522 202609161732530200 447520687742","6-call 389259 447359059522 202609161732530200 447520687742.txt","NULL","transcript","6-call 389259 447359059522 202609161732530200 447520687742.txt","O-6fe9d604","2026-09-16","2026-09-24","NULL","NULL","NULL","N","[R-OWNED]","RC-OWNED","VOC-OWNED-UK","So many years I've been thinking about it, but I never had time.","Oh, so many years I've been thinking about it, but I never had time.","NULL","NULL","NULL","6.7","PB-04","CP-02","CP-02","NULL","NULL","NULL","NULL","NULL","NULL","call_market: UK; employment: currently not working, waiting for a job; funds: 'I don't really need money right now'; household: 4 kids","desire|trigger","NULL","NULL","NULL","passive","","VERBATIM_VOC","NULL","NULL","NULL","NULL","call_outcome: BOOKED-FOLLOWUP; lead_quality_marker: years-long dormant intention finally revisited; merged_from: OWNED-UK/Q-O-0051"
"Q-O-0161","OWNED-UK/O-6fe9d604","OWNED_PROOF","operator_paste","Readymerce sales calls — UK","6-call 389259 447359059522 202609161732530200 447520687742","6-call 389259 447359059522 202609161732530200 447520687742.txt","NULL","transcript","6-call 389259 447359059522 202609161732530200 447520687742.txt","O-6fe9d604","2026-09-16","2026-09-24","NULL","NULL","NULL","N","[R-OWNED]","RC-OWNED","VOC-OWNED-UK","I got 4 kids, yeah.","Yeah, I got 4 kids, yeah.","NULL","NULL","NULL","0","PB-04|PB-07","CP-02","CP-02","NULL","NULL","NULL","NULL","NULL","NULL","call_market: UK; employment: currently not working, waiting for a job; funds: 'I don't really need money right now'; household: 4 kids","scene|identity","NULL","NULL","NULL","unknown","","VERBATIM_VOC","NULL","NULL","NULL","NULL","call_outcome: BOOKED-FOLLOWUP; lead_quality_marker: parent of four, currently between jobs; merged_from: OWNED-UK/Q-O-0052"
"Q-O-0162","OWNED-UK/O-01701f10","OWNED_PROOF","operator_paste","Readymerce sales calls — UK","Transcription-Outgoing Call with +447882309808","Transcription-Outgoing Call with +447882309808.txt","NULL","transcript","Transcription-Outgoing Call with +447882309808.txt","O-01701f10","2026-09 (SAMPLE — file date)","2026-09-24","NULL","NULL","NULL","N","[R-OWNED]","RC-OWNED","VOC-OWNED-UK","Visibility and the fact that it works twenty four seven.","Why are you why are you looking to do ecommerce to have your own business online business? Why? Yeah. It's a good question. Alright. Well, visibility and the fact that it works twenty four seven.","NULL","NULL","NULL","7.2","PB-02","NULL","NULL","NULL","NULL","NULL","NULL","NULL","NULL","call_market: UK; employment: NULL; funds: mentions 'take the deposit' as a concern; household: has a son referenced by the rep","desire|belief","NULL","NULL","NULL","passive","pressured hard by rep to commit within one minute or lose the offer","VERBATIM_VOC","NULL","NULL","NULL","NULL","call_outcome: UNKNOWN; lead_quality_marker: gives a generic always-on-income motivation under heavy rep pressure; merged_from: OWNED-UK/Q-O-0053"
"Q-O-0163","OWNED-UK/O-01701f10","OWNED_PROOF","operator_paste","Readymerce sales calls — UK","Transcription-Outgoing Call with +447882309808","Transcription-Outgoing Call with +447882309808.txt","NULL","transcript","Transcription-Outgoing Call with +447882309808.txt","O-01701f10","2026-09 (SAMPLE — file date)","2026-09-24","NULL","NULL","NULL","N","[R-OWNED]","RC-OWNED","VOC-OWNED-UK","Where I am now, no.","Did you get to the website here? Yes? No? Sorry? Where I am now, no.","NULL","NULL","NULL","0.5","PB-01","NULL","NULL","NULL","NULL","NULL","NULL","NULL","NULL","call_market: UK; employment: NULL; funds: mentions 'take the deposit' as a concern; household: has a son referenced by the rep","almost_stopped|fear","NULL","NULL","NULL","unknown","","VERBATIM_VOC","NULL","NULL","NULL","NULL","call_outcome: UNKNOWN; lead_quality_marker: repeatedly fails to complete the requested action while being berated by the rep in real time; merged_from: OWNED-UK/Q-O-0054"
"Q-O-0164","OWNED-UK/O-c8bbdefc","OWNED_PROOF","operator_paste","Readymerce sales calls — UK (prospect country: IE)","19-call 390458 353899743671 202609171754150200 447520687743","19-call 390458 353899743671 202609171754150200 447520687743.txt","NULL","transcript","19-call 390458 353899743671 202609171754150200 447520687743.txt","O-c8bbdefc","2026-09-17","2026-09-24","NULL","NULL","NULL","N","[R-OWNED]","RC-OWNED","VOC-OWNED-UK","You guys have been running this business for one and a half years, you wanted to try something new to expand your store.","OK. So let me understand something. You guys have been running this business for one and a half years. You wanted to try something new to expand your, let's say, store in a way. Right?","NULL","NULL","NULL","10.3","PB-06","CP-04","CP-04","NULL","NULL","NULL","NULL","NULL","NULL","call_market: IE; employment: runs an existing store, ~1.5 years; funds: NULL; household: NULL","solution_mentioned","CURRENTLY-USING","NULL","NULL","unknown","","VERBATIM_VOC","NULL","NULL","NULL","NULL","call_outcome: UNKNOWN; lead_quality_marker: already running an 18-month-old store, exploring expansion rather than starting fresh; merged_from: OWNED-UK/Q-O-0055"
"Q-O-0165","OWNED-UK/O-7b3e52d9","OWNED_PROOF","operator_paste","Readymerce sales calls — UK","13-call 393175 447884050700 202609211946280200 447520687746","13-call 393175 447884050700 202609211946280200 447520687746.txt","NULL","transcript","13-call 393175 447884050700 202609211946280200 447520687746.txt","O-7b3e52d9","2026-09-21","2026-09-24","NULL","NULL","NULL","N","[R-OWNED]","RC-OWNED","VOC-OWNED-UK","Next time you repeat yourself, I'm going to cut off.","Next time you repeat yourself, I'm going to cut off. So keep that in mind.","NULL","NULL","NULL","3.7","PB-03","NULL","NULL","NULL","NULL","NULL","NULL","NULL","NULL","call_market: UK; employment: NULL; funds: NULL; household: NULL","objection|tired_of_hearing","NULL","NULL","NULL","dissatisfied","","VERBATIM_VOC","NULL","NULL","NULL","NULL","call_outcome: DECLINED; lead_quality_marker: irritated by the rep repeating the same script, threatens to hang up; merged_from: OWNED-UK/Q-O-0056"
"Q-O-0166","OWNED-UK/O-5ab32cbb","OWNED_PROOF","operator_paste","Readymerce sales calls — UK","13-call 372379 447919646252 202609021305190200 447520685487","13-call 372379 447919646252 202609021305190200 447520685487.txt","NULL","transcript","13-call 372379 447919646252 202609021305190200 447520685487.txt","O-5ab32cbb","2026-09-02","2026-09-24","NULL","NULL","NULL","N","[R-OWNED]","RC-OWNED","VOC-OWNED-UK","I have a friend that does it online... when I saw your advert yesterday, I just clicked on it.","I have a friend that does it online. So, he just sells from home and he buys, like, he doesn't have a physical store and doesn't have physical goods. But he does online selling and he told me about this one time ago. So, when I saw your advert yesterday, I just clicked on it.","NULL","NULL","NULL","4.3","PB-05","NULL","NULL","NULL","NULL","NULL","NULL","NULL","NULL","call_market: UK; employment: NULL; funds: NULL; household: NULL","trigger|made_them_act|belief|hyper_responsive","NULL","NULL","NULL","sufferer","","VERBATIM_VOC","NULL","NULL","NULL","NULL","call_outcome: UNKNOWN; lead_quality_marker: friend's no-physical-goods online selling model is the direct trigger for registering; merged_from: OWNED-UK/Q-O-0057"
"Q-O-0167","OWNED-UK/O-d30315f1","OWNED_PROOF","operator_paste","Readymerce sales calls — UK","12-call 394653 447867115494 202609222118540200 447520687738","12-call 394653 447867115494 202609222118540200 447520687738.txt","NULL","transcript","12-call 394653 447867115494 202609222118540200 447520687738.txt","O-d30315f1","2026-09-22","2026-09-24","NULL","NULL","NULL","N","[R-OWNED]","RC-OWNED","VOC-OWNED-UK","It's time for the kids to go to bed as well.","It's quite late at the moment. If you will write to me on this number, so I can watch it tomorrow, because it's half past eight, and it's time for the kids to go to bed as well.","NULL","NULL","NULL","1.6","PB-04","CP-02","CP-02","NULL","NULL","NULL","NULL","NULL","NULL","call_market: UK; employment: NULL; funds: NULL; household: kids need to go to bed (evening call)","scene|tradeoff","NULL","NULL","NULL","unknown","","VERBATIM_VOC","NULL","NULL","NULL","NULL","call_outcome: BOOKED-FOLLOWUP; lead_quality_marker: evening call cut short by parenting duties (kids' bedtime); merged_from: OWNED-UK/Q-O-0058"
"Q-O-0168","OWNED-UK/O-d30315f1","OWNED_PROOF","operator_paste","Readymerce sales calls — UK","12-call 394653 447867115494 202609222118540200 447520687738","12-call 394653 447867115494 202609222118540200 447520687738.txt","NULL","transcript","12-call 394653 447867115494 202609222118540200 447520687738.txt","O-d30315f1","2026-09-22","2026-09-24","NULL","NULL","NULL","N","[R-OWNED]","RC-OWNED","VOC-OWNED-UK","I was selling on eBay, but not on Amazon.","I have. I was selling on eBay, but not on Amazon.","NULL","NULL","NULL","5.0","PB-05","NULL","NULL","NULL","NULL","NULL","NULL","NULL","NULL","call_market: UK; employment: NULL; funds: NULL; household: kids need to go to bed (evening call)","failed_solution","TRIED-UNCLEAR","NULL","NULL","unknown","","VERBATIM_VOC","NULL","NULL","NULL","NULL","call_outcome: BOOKED-FOLLOWUP; lead_quality_marker: some prior selling experience on eBay only; merged_from: OWNED-UK/Q-O-0059"
"Q-O-0169","OWNED-UK/O-afd2e48b","OWNED_PROOF","operator_paste","Readymerce sales calls — UK","5-call 385063 447383517825 202609101533050200 447520687746","5-call 385063 447383517825 202609101533050200 447520687746.txt","NULL","transcript","5-call 385063 447383517825 202609101533050200 447520687746.txt","O-afd2e48b","2026-09-10","2026-09-24","NULL","NULL","NULL","N","[R-OWNED]","RC-OWNED","VOC-OWNED-UK","At what point do I take over the store? Is it something I have to run on my own?","Okay, I just wanted to know. I think you were saying everything was going to be done by you. So I just wanted to know. So, at what point, when do I take over the store? What do I need to do? Or is it something I have to run on my own?","NULL","NULL","NULL","3.6","PB-01|PB-04","NULL","NULL","NULL","NULL","NULL","NULL","NULL","NULL","call_market: UK; employment: NULL; funds: NULL; household: NULL","question_asked|skepticism|hyper_responsive","NULL","NULL","NULL","unknown","","VERBATIM_VOC","NULL","NULL","NULL","NULL","call_outcome: BOOKED-FOLLOWUP; lead_quality_marker: unclear on the handover point between done-for-you build and ongoing self-management; merged_from: OWNED-UK/Q-O-0060"
"Q-O-0170","OWNED-UK/O-de8c9529","OWNED_PROOF","operator_paste","Readymerce sales calls — UK","15-call 379373 447946121475 202609041523510200 447520685493","15-call 379373 447946121475 202609041523510200 447520685493.txt","NULL","transcript","15-call 379373 447946121475 202609041523510200 447520685493.txt","O-de8c9529","2026-09-04","2026-09-24","NULL","NULL","NULL","N","[R-OWNED]","RC-OWNED","VOC-OWNED-UK","I've only got 10 minutes, so what time do you finish work?","I've only got 10 minutes, so what time do you finish work? I don't know if it would be sensible doing it now when I've only got 10 minutes.","NULL","NULL","NULL","6.9","PB-04","NULL","NULL","NULL","NULL","NULL","NULL","NULL","NULL","call_market: UK; employment: NULL; funds: NULL; household: NULL","objection|tradeoff","NULL","NULL","NULL","unknown","","VERBATIM_VOC","NULL","NULL","NULL","NULL","call_outcome: BOOKED-FOLLOWUP; lead_quality_marker: time-boxed and reluctant to rush the conversation; merged_from: OWNED-UK/Q-O-0061"
"Q-O-0171","OWNED-UK/O-2e22a9c0","OWNED_PROOF","operator_paste","Readymerce sales calls — UK","2-call 393208 447300408267 202609212001190200 447520687746","2-call 393208 447300408267 202609212001190200 447520687746.txt","NULL","transcript","2-call 393208 447300408267 202609212001190200 447520687746.txt","O-2e22a9c0","2026-09-21","2026-09-24","NULL","NULL","NULL","N","[R-OWNED]","RC-OWNED","VOC-OWNED-UK","So I assume you are home right now, right?","Yes. Let me know when you are there and I will give you a code. Okay? Amazing. So I assume you are home right now, right?","NULL","NULL","NULL","5.0","PB-01","NULL","NULL","NULL","NULL","NULL","NULL","NULL","NULL","call_market: UK; employment: NULL; funds: NULL; household: at home during a live screen-share session","question_asked","NULL","NULL","NULL","unknown","","VERBATIM_VOC","NULL","NULL","NULL","NULL","call_outcome: BOOKED-FOLLOWUP; lead_quality_marker: engaged enough to complete a live screen-share walkthrough; merged_from: OWNED-UK/Q-O-0062"
"Q-O-0172","OWNED-UK/O-b4359de7","OWNED_PROOF","operator_paste","Readymerce sales calls — UK","20-call 393064 447734832421 202609211826250200 447520687742","20-call 393064 447734832421 202609211826250200 447520687742.txt","NULL","transcript","20-call 393064 447734832421 202609211826250200 447520687742.txt","O-b4359de7","2026-09-21","2026-09-24","NULL","NULL","NULL","N","[R-OWNED]","RC-OWNED","VOC-OWNED-UK","He's coming to service my boiler ready for the winter.","No, no, that's fine. He's just coming to service. He's just coming to service my boiler. It's a service that you have to have every year. So he's coming to service it and I don't have to pay. It's free of charge. So he's coming to service my boiler ready for the winter.","NULL","NULL","NULL","7.2","NULL","NULL","NULL","NULL","NULL","NULL","NULL","NULL","NULL","call_market: UK; employment: NULL; funds: NULL; household: NULL","scene|hyper_responsive","NULL","NULL","NULL","unknown","","VERBATIM_VOC","NULL","NULL","NULL","NULL","call_outcome: BOOKED-FOLLOWUP; lead_quality_marker: missed the scheduled call due to a home boiler service appointment; merged_from: OWNED-UK/Q-O-0063"
"C-0017","OWNED-UK/REP","OWNED_PROOF","expert","Readymerce sales calls — UK","6-call 380708 447305921383 202609081326230200 447520687746","6-call 380708 447305921383 202609081326230200 447520687746.txt","NULL","transcript","6-call 380708 447305921383 202609081326230200 447520687746.txt","REP","2026-09-08","2026-09-24","NULL","NULL","NULL","N","[R-OWNED]","RC-OWNED","VOC-OWNED-UK","This is Melissa, I'm calling you from Redimmers about the registration you did.","This is Melissa, I'm calling you from Redimmers about the registration you did. You showed interest for wanting to open your own online business.","NULL","NULL","NULL","NULL","NULL","NULL","NULL","NULL","NULL","NULL","NULL","NULL","NULL","NULL","solution_mentioned","NULL","NULL","NULL","NULL","sales rep — contextual","CUSTOMER_EXPLANATION","NULL","NULL","NULL","NULL","sales-rep pitch — contextual, never VOC, never in a language bank; recurs in ~~35 (near-universal opening line) calls read; merged_from: OWNED-UK/C-0001"
"C-0018","OWNED-UK/REP","OWNED_PROOF","expert","Readymerce sales calls — UK","1-call 382080 447717774180 202609082103310200 447520687738","1-call 382080 447717774180 202609082103310200 447520687738.txt","NULL","transcript","1-call 382080 447717774180 202609082103310200 447520687738.txt","REP","2026-09-08","2026-09-24","NULL","NULL","NULL","N","[R-OWNED]","RC-OWNED","VOC-OWNED-UK","We build around your legal property, your own. You are the sole legal owner.","We build around your legal property, your own. You are the sole legal owner. That's what I can see. Nothing else.","NULL","NULL","NULL","NULL","NULL","NULL","NULL","NULL","NULL","NULL","NULL","NULL","NULL","NULL","solution_mentioned","NULL","NULL","NULL","NULL","sales rep — contextual","CUSTOMER_EXPLANATION","NULL","NULL","NULL","NULL","sales-rep pitch — contextual, never VOC, never in a language bank; recurs in ~6+ calls read; merged_from: OWNED-UK/C-0002"
"C-0019","OWNED-UK/REP","OWNED_PROOF","expert","Readymerce sales calls — UK","5-call 389787 447448619532 202609171410030200 447520687743","5-call 389787 447448619532 202609171410030200 447520687743.txt","NULL","transcript","5-call 389787 447448619532 202609171410030200 447520687743.txt","REP","2026-09-17","2026-09-24","NULL","NULL","NULL","N","[R-OWNED]","RC-OWNED","VOC-OWNED-UK","You can get in on this with $500, which is like 375 quid.","I'm telling you that you can get in on this with $500, $500, which is like 375 quid. Okay. And that is the getaway. You have a way that you can get in on this with a little money.","NULL","NULL","NULL","NULL","NULL","NULL","NULL","NULL","NULL","NULL","NULL","NULL","NULL","NULL","solution_mentioned","NULL","NULL","NULL","NULL","sales rep — contextual","CUSTOMER_EXPLANATION","NULL","NULL","NULL","NULL","sales-rep pitch — contextual, never VOC, never in a language bank; recurs in ~10+ calls read; merged_from: OWNED-UK/C-0003"
"C-0020","OWNED-UK/REP","OWNED_PROOF","expert","Readymerce sales calls — UK","5-call 389787 447448619532 202609171410030200 447520687743","5-call 389787 447448619532 202609171410030200 447520687743.txt","NULL","transcript","5-call 389787 447448619532 202609171410030200 447520687743.txt","REP","2026-09-17","2026-09-24","NULL","NULL","NULL","N","[R-OWNED]","RC-OWNED","VOC-OWNED-UK","Our goal is for every shop to make at least $10,000 in 6 months.","We treat our clients like family because our goal is for every shop to make at least $10,000 in 6 months. That is our goal.","NULL","NULL","NULL","NULL","NULL","NULL","NULL","NULL","NULL","NULL","NULL","NULL","NULL","NULL","solution_mentioned","NULL","NULL","NULL","NULL","sales rep — contextual","CUSTOMER_EXPLANATION","NULL","NULL","NULL","NULL","sales-rep pitch — contextual, never VOC, never in a language bank; recurs in ~4 calls read; merged_from: OWNED-UK/C-0004"
"C-0021","OWNED-UK/REP","OWNED_PROOF","expert","Readymerce sales calls — UK","17-call 392455 447970837592 202609211403010200 447520687738","17-call 392455 447970837592 202609211403010200 447520687738.txt","NULL","transcript","17-call 392455 447970837592 202609211403010200 447520687738.txt","REP","2026-09-21","2026-09-24","NULL","NULL","NULL","N","[R-OWNED]","RC-OWNED","VOC-OWNED-UK","What I need is I need a proof of concept that actually works.","[prospect objection, referenced by multiple reps as the standard pushback they must answer] — reps typically respond by pointing to other clients' results rather than this prospect's own store.","NULL","NULL","NULL","NULL","NULL","NULL","NULL","NULL","NULL","NULL","NULL","NULL","NULL","NULL","solution_mentioned","NULL","NULL","NULL","NULL","sales rep — contextual","CUSTOMER_EXPLANATION","NULL","NULL","NULL","NULL","sales-rep pitch — contextual, never VOC, never in a language bank; recurs in ~N/A calls read; merged_from: OWNED-UK/C-0005"
"C-0022","OWNED-UK/REP","OWNED_PROOF","expert","Readymerce sales calls — UK","1-call 382080 447717774180 202609082103310200 447520687738","1-call 382080 447717774180 202609082103310200 447520687738.txt","NULL","transcript","1-call 382080 447717774180 202609082103310200 447520687738.txt","REP","2026-09-08","2026-09-24","NULL","NULL","NULL","N","[R-OWNED]","RC-OWNED","VOC-OWNED-UK","We will build the online store from our site, and we will get it ready in seven after ten days.","So, what we basically do is that we will build the online store from our site, and we will get it ready in seven after ten days, build and launch in Etsy or Shopify.","NULL","NULL","NULL","NULL","NULL","NULL","NULL","NULL","NULL","NULL","NULL","NULL","NULL","NULL","solution_mentioned","NULL","NULL","NULL","NULL","sales rep — contextual","CUSTOMER_EXPLANATION","NULL","NULL","NULL","NULL","sales-rep pitch — contextual, never VOC, never in a language bank; recurs in ~12+ calls read; merged_from: OWNED-UK/C-0006"
"C-0023","OWNED-UK/REP","OWNED_PROOF","expert","Readymerce sales calls — UK","6-call 380708 447305921383 202609081326230200 447520687746","6-call 380708 447305921383 202609081326230200 447520687746.txt","NULL","transcript","6-call 380708 447305921383 202609081326230200 447520687746.txt","REP","2026-09-08","2026-09-24","NULL","NULL","NULL","N","[R-OWNED]","RC-OWNED","VOC-OWNED-UK","Start small. 375 pounds is something you can do.","I don't want you to put all of your effort, all of your money, all of your energy right away. I want you to do it step by step... Start small. 375 pounds is something you can do. Right?","NULL","NULL","NULL","NULL","NULL","NULL","NULL","NULL","NULL","NULL","NULL","NULL","NULL","NULL","solution_mentioned","NULL","NULL","NULL","NULL","sales rep — contextual","CUSTOMER_EXPLANATION","NULL","NULL","NULL","NULL","sales-rep pitch — contextual, never VOC, never in a language bank; recurs in ~10+ calls read; merged_from: OWNED-UK/C-0007"
"C-0024","OWNED-UK/REP","OWNED_PROOF","expert","Readymerce sales calls — UK","Transcription-Outgoing Call with +447882309808","Transcription-Outgoing Call with +447882309808.txt","NULL","transcript","Transcription-Outgoing Call with +447882309808.txt","REP","2026-09 (SAMPLE — file date)","2026-09-24","NULL","NULL","NULL","N","[R-OWNED]","RC-OWNED","VOC-OWNED-UK","If you don't go to the website within this minute, I'm gonna have to hang up and close this opportunity for you forever.","One more minute to you, Neil. If you don't go to the website within this minute, I'm gonna have to hang up and close this opportunity for you forever.","NULL","NULL","NULL","NULL","NULL","NULL","NULL","NULL","NULL","NULL","NULL","NULL","NULL","NULL","solution_mentioned","NULL","NULL","NULL","NULL","sales rep — contextual","CUSTOMER_EXPLANATION","NULL","NULL","NULL","NULL","sales-rep pitch — contextual, never VOC, never in a language bank; recurs in ~3 (urgency/scarcity close pressure) calls read; merged_from: OWNED-UK/C-0008"
"C-0025","OWNED-UK/REP","OWNED_PROOF","expert","Readymerce sales calls — UK","19-call 390458 353899743671 202609171754150200 447520687743","19-call 390458 353899743671 202609171754150200 447520687743.txt","NULL","transcript","19-call 390458 353899743671 202609171754150200 447520687743.txt","REP","2026-09-17","2026-09-24","NULL","NULL","NULL","N","[R-OWNED]","RC-OWNED","VOC-OWNED-UK","You registered two times on our advertisement where you showed interest for wanting to open your own online store.","Let me remind you. OK. You registered 14 days ago... You registered two times, actually, on our advertisement where you showed interest for wanting to open your own online store.","NULL","NULL","NULL","NULL","NULL","NULL","NULL","NULL","NULL","NULL","NULL","NULL","NULL","NULL","solution_mentioned","NULL","NULL","NULL","NULL","sales rep — contextual","CUSTOMER_EXPLANATION","NULL","NULL","NULL","NULL","sales-rep pitch — contextual, never VOC, never in a language bank; recurs in ~20+ (registration reminder framing) calls read; merged_from: OWNED-UK/C-0009"
"C-0026","OWNED-UK/REP","OWNED_PROOF","expert","Readymerce sales calls — UK","14-call 392498 447957176971 202609211413170200 447520687738","14-call 392498 447957176971 202609211413170200 447520687738.txt","NULL","transcript","14-call 392498 447957176971 202609211413170200 447520687738.txt","REP","2026-09-21","2026-09-24","NULL","NULL","NULL","N","[R-OWNED]","RC-OWNED","VOC-OWNED-UK","You're offering these sites for $500 or so.","[prospect paraphrase of the standard entry-price pitch, confirms $500 anchor price is used across markets]","NULL","NULL","NULL","NULL","NULL","NULL","NULL","NULL","NULL","NULL","NULL","NULL","NULL","NULL","solution_mentioned","NULL","NULL","NULL","NULL","sales rep — contextual","CUSTOMER_EXPLANATION","NULL","NULL","NULL","NULL","sales-rep pitch — contextual, never VOC, never in a language bank; recurs in ~N/A calls read; merged_from: OWNED-UK/C-0010"
"C-0027","OWNED-UK/REP","OWNED_PROOF","expert","Readymerce sales calls — UK","4-call 390551 4740985406 202609171814450200 447520687742","4-call 390551 4740985406 202609171814450200 447520687742.txt","NULL","transcript","4-call 390551 4740985406 202609171814450200 447520687742.txt","REP","2026-09-17","2026-09-24","NULL","NULL","NULL","N","[R-OWNED]","RC-OWNED","VOC-OWNED-UK","You can be the owner of the store, but your wife can help you to operate it too.","We can do, you can do this as well. You can be the owner of the store, but your wife can help you to operate with it too. She can do it in her free time.","NULL","NULL","NULL","NULL","NULL","NULL","NULL","NULL","NULL","NULL","NULL","NULL","NULL","NULL","solution_mentioned","NULL","NULL","NULL","NULL","sales rep — contextual","CUSTOMER_EXPLANATION","NULL","NULL","NULL","NULL","sales-rep pitch — contextual, never VOC, never in a language bank; recurs in ~3 calls read; merged_from: OWNED-UK/C-0011"
"C-0028","OWNED-UK/REP","OWNED_PROOF","expert","Readymerce sales calls — UK","6-call 380708 447305921383 202609081326230200 447520687746","6-call 380708 447305921383 202609081326230200 447520687746.txt","NULL","transcript","6-call 380708 447305921383 202609081326230200 447520687746.txt","REP","2026-09-08","2026-09-24","NULL","NULL","NULL","N","[R-OWNED]","RC-OWNED","VOC-OWNED-UK","Your mind is operating in the same way for 20 years. In order to change it, you need to do something dramatic.","Listen, your mind is operating in the same way for 20 years. So in order to change it, you need to do something dramatic. A drastic change. And this change happens only with one thing... Action.","NULL","NULL","NULL","NULL","NULL","NULL","NULL","NULL","NULL","NULL","NULL","NULL","NULL","NULL","solution_mentioned","NULL","NULL","NULL","NULL","sales rep — contextual","CUSTOMER_EXPLANATION","NULL","NULL","NULL","NULL","sales-rep pitch — contextual, never VOC, never in a language bank; recurs in ~2 (identity-pressure closing technique) calls read; merged_from: OWNED-UK/C-0012"
"C-0029","OWNED-UK/REP","OWNED_PROOF","expert","Readymerce sales calls — UK","11-call 385406 447917884803 202609101840130200 447520687746","11-call 385406 447917884803 202609101840130200 447520687746.txt","NULL","transcript","11-call 385406 447917884803 202609101840130200 447520687746.txt","REP","2026-09-10","2026-09-24","NULL","NULL","NULL","N","[R-OWNED]","RC-OWNED","VOC-OWNED-UK","It'll be like a dropshipping website, like a dropshipping business.","[rep describes the business model as dropshipping when framing the offer to a prospect recovering from a crypto scam]","NULL","NULL","NULL","NULL","NULL","NULL","NULL","NULL","NULL","NULL","NULL","NULL","NULL","NULL","solution_mentioned","NULL","NULL","NULL","NULL","sales rep — contextual","CUSTOMER_EXPLANATION","NULL","NULL","NULL","NULL","sales-rep pitch — contextual, never VOC, never in a language bank; recurs in ~8+ (dropshipping model description) calls read; merged_from: OWNED-UK/C-0013"
"Q-O-0173","OWNED-UK/O-c3127ef1","OWNED_PROOF","operator_paste","Readymerce sales calls — UK","Transcription-Outgoing Call with +447909449659","Transcription-Outgoing Call with +447909449659.txt","NULL","transcript","Transcription-Outgoing Call with +447909449659.txt","O-c3127ef1","2026-09 (SAMPLE — file date)","2026-09-24","NULL","NULL","NULL","N","[R-OWNED]","RC-OWNED","VOC-OWNED-UK","I'm inside a public vehicle. I don't know if we could reschedule this conversation.","I'm I'm kind of a in public vehicle, so I don't know if I won't be able to do that now. I still support them. I'm inside a public vehicle. I don't know if we could reschedule this conversation, please.","NULL","NULL","NULL","8.2","PB-01","NULL","NULL","NULL","NULL","NULL","NULL","NULL","NULL","call_market: UK; employment: NULL; funds: NULL; household: NULL","objection|scene|hyper_responsive","NULL","NULL","NULL","seeker","","VERBATIM_VOC","NULL","NULL","NULL","NULL","call_outcome: BOOKED-FOLLOWUP; lead_quality_marker: reschedules to 7pm same day rather than declining outright; merged_from: OWNED-UK/Q-O-0064"
"Q-O-0174","OWNED-UK/O-26a023e8","OWNED_PROOF","operator_paste","Readymerce sales calls — UK","18-call 380430 447717774180 202609071722100200 447520687746","18-call 380430 447717774180 202609071722100200 447520687746.txt","NULL","transcript","18-call 380430 447717774180 202609071722100200 447520687746.txt","O-26a023e8","2026-09-07","2026-09-24","NULL","NULL","NULL","N","[R-OWNED]","RC-OWNED","VOC-OWNED-UK","As a side hustle.","You said how long I've been wanting to have one. ... As a side hustle.","NULL","NULL","NULL","3.7","PB-02","CP-01","CP-01","NULL","NULL","NULL","NULL","NULL","NULL","call_market: UK; employment: NULL; funds: NULL; household: NULL","desire","NULL","NULL","NULL","unknown","","VERBATIM_VOC","NULL","NULL","NULL","NULL","call_outcome: BOOKED-FOLLOWUP; lead_quality_marker: wants the store as a side hustle alongside existing income, long-held intention; merged_from: OWNED-UK/Q-O-0065"
"Q-O-0175","OWNED-UK/O-4d24d591","OWNED_PROOF","operator_paste","Readymerce sales calls — UK","17-call 381518 447300408267 202609081522470200 447520687746","17-call 381518 447300408267 202609081522470200 447520687746.txt","NULL","transcript","17-call 381518 447300408267 202609081522470200 447520687746.txt","O-4d24d591","2026-09-08","2026-09-24","NULL","NULL","NULL","N","[R-OWNED]","RC-OWNED","VOC-OWNED-UK","Just something on the side hustle.","Just to get something on the side. ... Just something on the side hustle.","NULL","NULL","NULL","6.4","PB-02","CP-01","NULL","NULL","NULL","NULL","NULL","NULL","NULL","call_market: UK; employment: NULL; funds: NULL; household: NULL","desire","NULL","NULL","NULL","unknown","","VERBATIM_VOC","NULL","NULL","NULL","NULL","call_outcome: BOOKED-FOLLOWUP; lead_quality_marker: repeats 'side hustle' framing — supplemental income, not a job replacement; merged_from: OWNED-UK/Q-O-0066"
"Q-O-0176","OWNED-UK/O-0bc431fa","OWNED_PROOF","operator_paste","Readymerce sales calls — UK","20-call 380264 447444638735 202609042118350200 447520688070","20-call 380264 447444638735 202609042118350200 447520688070.txt","NULL","transcript","20-call 380264 447444638735 202609042118350200 447520688070.txt","O-0bc431fa","2026-09-04","2026-09-24","NULL","NULL","NULL","N","[R-OWNED]","RC-OWNED","VOC-OWNED-UK","To make 100% of my salary and above from it.","To add it to my current job. I'm a social worker. To make 100% of my salary and above from it.","NULL","NULL","NULL","6.3","PB-02","CP-01","CP-01","NULL","NULL","NULL","NULL","NULL","NULL","call_market: UK; employment: social worker; funds: NULL; household: NULL","desire","NULL","NULL","NULL","seeker","social worker wanting to add income alongside her job","VERBATIM_VOC","NULL","NULL","NULL","NULL","call_outcome: BOOKED-FOLLOWUP; lead_quality_marker: social worker aiming to eventually fully replace her salary with store income; merged_from: OWNED-UK/Q-O-0067"
"Q-O-0177","OWNED-UK/O-852df385","OWNED_PROOF","operator_paste","Readymerce sales calls — UK","18-call 384061 447990068358 202609101311090200 447520687746","18-call 384061 447990068358 202609101311090200 447520687746.txt","NULL","transcript","18-call 384061 447990068358 202609101311090200 447520687746.txt","O-852df385","2026-09-10","2026-09-24","NULL","NULL","NULL","N","[R-OWNED]","RC-OWNED","VOC-OWNED-UK","I may not be the best place to invest in anything at the moment.","At the moment, I would argue that I may not be the best place to invest in anything at the moment.","NULL","NULL","NULL","5.9","PB-03","NULL","NULL","NULL","NULL","NULL","NULL","NULL","NULL","call_market: UK; employment: NULL; funds: NULL; household: NULL","objection|spend","NULL","NULL","NULL","unknown","","VERBATIM_VOC","NULL","NULL","NULL","NULL","call_outcome: DECLINED; lead_quality_marker: self-assesses as financially not ready to invest right now; merged_from: OWNED-UK/Q-O-0068"
"Q-O-0178","OWNED-UK/O-9b45680c","OWNED_PROOF","operator_paste","Readymerce sales calls — UK","1-call 392635 447584341291 202609211459250200 447520687743","1-call 392635 447584341291 202609211459250200 447520687743.txt","NULL","transcript","1-call 392635 447584341291 202609211459250200 447520687743.txt","O-9b45680c","2026-09-21","2026-09-24","NULL","NULL","NULL","N","[R-OWNED]","RC-OWNED","VOC-OWNED-UK","It says YouTube video, but it doesn't say who it's from.","It says YouTube video, but it doesn't say who it's from.","NULL","NULL","NULL","3.7","PB-03","NULL","NULL","NULL","NULL","NULL","NULL","NULL","NULL","call_market: UK; employment: NULL; funds: NULL; household: NULL","skepticism|question_asked|objection","NULL","NULL","NULL","unknown","","VERBATIM_VOC","NULL","NULL","NULL","NULL","call_outcome: UNKNOWN; lead_quality_marker: questions the unlabeled video source shown during the screen-share, wary of unverified content; merged_from: OWNED-UK/Q-O-0069"
"Q-O-0179","OWNED-UK/O-429f17e9","OWNED_PROOF","operator_paste","Readymerce sales calls — UK","3-call 393680 447957176971 202609221402570200 447520687743","3-call 393680 447957176971 202609221402570200 447520687743.txt","NULL","transcript","3-call 393680 447957176971 202609221402570200 447520687743.txt","O-429f17e9","2026-09-22","2026-09-24","NULL","NULL","NULL","N","[R-OWNED]","RC-OWNED","VOC-OWNED-UK","A bit up, a bit up before getting your own store.","Oh, no, no, no, no. A bit up, a bit up before getting your own store.","NULL","NULL","NULL","4.8","PB-01","NULL","NULL","NULL","NULL","NULL","NULL","NULL","NULL","call_market: UK; employment: NULL; funds: NULL; household: NULL","question_asked","NULL","NULL","NULL","unknown","","VERBATIM_VOC","NULL","NULL","NULL","NULL","call_outcome: BOOKED-FOLLOWUP; lead_quality_marker: walking through the live screen-share, asking where the actual build step is; merged_from: OWNED-UK/Q-O-0070"
"Q-O-0180","OWNED-UK/O-eb798e63","OWNED_PROOF","operator_paste","Readymerce sales calls — UK","10-call 382422 447435239546 202609091352530200 447520687746","10-call 382422 447435239546 202609091352530200 447520687746.txt","NULL","transcript","10-call 382422 447435239546 202609091352530200 447520687746.txt","O-eb798e63","2026-09-09","2026-09-24","NULL","NULL","NULL","N","[R-OWNED]","RC-OWNED","VOC-OWNED-UK","I just thought it'd be something different, rather than the same old crap.","I just thought it'd be something different, you know what I mean? Rather than the same old crap, do something different.","NULL","NULL","NULL","6.7","PB-02","NULL","NULL","NULL","NULL","NULL","NULL","NULL","NULL","call_market: UK; employment: NULL; funds: NULL; household: NULL; age 60","desire|trigger","NULL","NULL","NULL","seeker","woman, age 60, wants a change from routine","VERBATIM_VOC","NULL","NULL","NULL","NULL","call_outcome: BOOKED-FOLLOWUP; lead_quality_marker: wants a change from routine life, vague on specifics of what to sell; merged_from: OWNED-UK/Q-O-0071"
"Q-O-0181","OWNED-UK/O-eb798e63","OWNED_PROOF","operator_paste","Readymerce sales calls — UK","10-call 382422 447435239546 202609091352530200 447520687746","10-call 382422 447435239546 202609091352530200 447520687746.txt","NULL","transcript","10-call 382422 447435239546 202609091352530200 447520687746.txt","O-eb798e63","2026-09-09","2026-09-24","NULL","NULL","NULL","N","[R-OWNED]","RC-OWNED","VOC-OWNED-UK","I'm at that age now where a gamble doesn't really frighten you.","Because at the end of the day, I'm at that age now where a gamble doesn't really frighten you because you've got past that stage. When you're young, you're frightened of trying anything, aren't you? Because you don't want to fail, do you?","NULL","NULL","NULL","5.8","PB-07","CP-06","CP-06","NULL","NULL","NULL","NULL","NULL","NULL","call_market: UK; employment: NULL; funds: NULL; household: NULL; age 60","belief|identity|hyper_responsive","NULL","NULL","NULL","seeker","","VERBATIM_VOC","NULL","NULL","NULL","NULL","call_outcome: BOOKED-FOLLOWUP; lead_quality_marker: frames risk tolerance as an age-related identity shift, near/at retirement age; merged_from: OWNED-UK/Q-O-0072"
"Q-F-9001","09/URL-09-01","MARKET_VOC","forum","community.shopify.com","NULL","How can I start an online sports shoe store with minimal skills?","https://community.shopify.com/t/how-can-i-start-an-online-sports-shoe-store-with-minimal-skills/232314","post","https://community.shopify.com/t/how-can-i-start-an-online-sports-shoe-store-with-minimal-skills/232314","Anino","2023-07-13","2026-09-24","NULL","NULL","NULL","N","[R-PAGE via Exa]","RC-EXA","09","my modest pension is not sufficient to live normally with my wife","I’m retired but my modest pension is not sufficient to live normally with my wife and we have difficults month-ends especially afer the 25th. Therefore, as I have plenty of free time I would like to open a little shop on line for spors shoes. I’m not skilled enough to design and start it by myself. Therefore I ask the community some advise on how and from where to start? Ideally receive a ready to use shop that I could daily just follow , mofify, delete or add products and promotions.","I’m retired but my modest pension is not sufficient to live normally with my wife and we have difficults month-ends especially afer the 25th","NULL","NULL","NULL","PB-01|PB-07","CP-06","CP-06","NULL","NULL","NULL","NULL","NULL","NULL","retired; modest pension; married","trigger|pain|desire|scene","CONSIDERING","NULL","NULL","seeker","retired; modest pension; married","VERBATIM_VOC","NULL","NULL","CL-05","09-MINT","minted by 09 mining pass (Exa agent run, verbatim, page opened); PARAPHRASE none"
"Q-F-9002","09/URL-09-01","MARKET_VOC","forum","community.shopify.com","NULL","How can I start an online sports shoe store with minimal skills?","https://community.shopify.com/t/how-can-i-start-an-online-sports-shoe-store-with-minimal-skills/232314","post","https://community.shopify.com/t/how-can-i-start-an-online-sports-shoe-store-with-minimal-skills/232314","Anino","2023-07-15","2026-09-24","NULL","NULL","NULL","N","[R-PAGE via Exa]","RC-EXA","09","we hardly survive with my pension and therefore I’m unable to make any advance payment","Hi Moeed and thanks for your proposal. I’m really interested, the only problem is that as I said we hardly survive with my pension and therefore I’m unable to make any advance payment. Therefore I need to find someone skilled ready , eventually yourself, who is really interested in my case and propose a solution, either pay monthly a small amount, either receive a percentage on my sales, until he gets the amount agreed, because I suppose that you are not doeing it freely and I have no idea of how much it wil cost me just to design and start my shop and afetr eventually help me when I have a problem that I can’t solve myself.","Hi Moeed and thanks for your proposal","NULL","NULL","NULL","PB-01|PB-07","CP-06","CP-06","NULL","NULL","NULL","NULL","NULL","NULL","retired; pension; cannot pay upfront","spend|objection|pain","CONSIDERING","NULL","NULL","seeker","retired; pension; cannot pay upfront","VERBATIM_VOC","NULL","NULL","CL-05","09-MINT","minted by 09 mining pass (Exa agent run, verbatim, page opened); PARAPHRASE none"
"Q-F-9003","09/URL-09-02","MARKET_VOC","forum","community.shopify.com","NULL","Is committing to Google’s ad campaign worth the cost for a newbie?","https://community.shopify.com/t/is-committing-to-googles-ad-campaign-worth-the-cost-for-a-newbie/133672","post","https://community.shopify.com/t/is-committing-to-googles-ad-campaign-worth-the-cost-for-a-newbie/133672","Marinerman44 (Edward)","2022-07","2026-09-24","NULL","NULL","NULL","N","[R-PAGE via Exa]","RC-EXA","09","I’m retired and need to supplement my income. I’m not a rich man.","I’ve been working with Google reps to get my website advertised on Google. They want me to commit $1400 a month for advertising. I talk to them again on Monday. I’m just starting out, and the fee seems very pricey. I’m new to this. I’m retired and need to supplement my income. I’m not a rich man. My website is new..it took a lot of work to get it going. I would appreciate some advice on marketing my site, and whether I should commit to the Google ad campaign or not. It’s a dropship camping gear store. See below. Thank you very much Edward","I’ve been working with Google reps to get my website advertised on Google","NULL","NULL","NULL","PB-06|PB-07","CP-06","CP-06","NULL","NULL","NULL","NULL","NULL","NULL","retired; supplementing income; dropship camping store","spend|pain|trigger|skepticism","CONSIDERING","NULL","NULL","sufferer","retired; supplementing income; dropship camping store","VERBATIM_VOC","NULL","NULL","CL-05","09-MINT","minted by 09 mining pass (Exa agent run, verbatim, page opened); PARAPHRASE none"
"Q-F-9004","09/URL-09-03","MARKET_VOC","forum","warriorforum.com","NULL","Can anyone help me make my website succeed. Advice only please Im getting skint.","https://www.warriorforum.com/main-internet-marketing-discussion-forum/1418861-can-anyone-help-me-make-my-website-succeed-advice-only-please-im-getting-skint.html","post","https://www.warriorforum.com/main-internet-marketing-discussion-forum/1418861-can-anyone-help-me-make-my-website-succeed-advice-only-please-im-getting-skint.html","Jim Bridge","NULL (page shows ""6 years ago"")","2026-09-24","NULL","NULL","NULL","N","[R-PAGE via Exa]","RC-EXA","09","Ive had 2 stores on Shopify both failed","Hi evryone, Im new here but not new to the internet. I retired from full time work 8 years ago and have since then been trying to add to my very small pension. Ive had 2 stores on Shopify both failed, one selling watches and the other Ukuleles, and I know I was in very competitive markets but I thought I would have done better. Ive tried Affiliate marketing and had very poor results. My best efforts have been with Amazon FBA but its quite hard to get stuff especially Now during Covid, in fact I havnt sent anything in since February. I really fancy getting a store to work but have gone off the dropshipping idea because of the lack of control and long delivery times. Ive now decided to try PLR because stuff is easy to get, nice to sell, and no worries over delivery. Again however its hard to get noticed. (site link removed by mod) I would love to know from anyone what they thought of it and how to improve it. Thanks Jim","Hi evryone, Im new here but not new to the internet","NULL","NULL","NULL","PB-06|PB-07","CP-06","CP-06|CP-03","NULL","NULL","NULL","NULL","NULL","NULL","retired 8 years; very small pension; 2 failed Shopify stores","failed_solution|pain|desire","TRIED-FAILED","NULL","NULL","veteran","retired 8 years; very small pension; 2 failed Shopify stores","VERBATIM_VOC","NULL","NULL","CL-05","09-MINT","minted by 09 mining pass (Exa agent run, verbatim, page opened); PARAPHRASE none"
"Q-F-9005","09/URL-09-04","MARKET_VOC","forum","warriorforum.com","NULL","Shopify + Syncee for dropshipping. Is this a good combination?","https://www.warriorforum.com/ecommerce-sites-wholesaling-drop-shipping/1513502-shopify-syncee-dropshipping-good-combination.html","post","https://www.warriorforum.com/ecommerce-sites-wholesaling-drop-shipping/1513502-shopify-syncee-dropshipping-good-combination.html","Darrell Hagan","NULL (page shows ""1 year ago"")","2026-09-24","NULL","NULL","NULL","N","[R-PAGE via Exa]","RC-EXA","09","I would like to make a net profit of ~$2k/mo. at around the 1 year mark","Hi everyone! I am starting a new dropshipping store and have been doing a LOT of research on my own and using AI partners. I bought a Shopify subscription and finally decided to use Tradelle for sourcing, product & market analysis, and fulfillment. After signing with Tradelle and paying for 1st month I found that they do have a few products in my niche, but not near enough and they lack many of the traditional products which are related to this. Such is why I'm thinking of switching to Syncee instead: Massive selection, ability to vet suppliers by location, etc. etc. BUT, here's the thing: This store is only going to offer 10-20 products ever, maybe less. It will be very tightly focused in my niche (Same industry which I retired from in mid 2024). I am building a real brand and trust. The mission of the site is to genuinely help people via useful information, helpful guides, real success stories, interaction with me directly when needed, and finally hand-picked and vetted products which are really good, useful, and support the site mission. From this store, I would like to make a net profit of ~$2k/mo. at around the 1 year mark, which I think doable with due effort. So here is my question: Does anybody here have actual, real experience with the Shopify + Syncee combination? Are/Were you successful? Can it really work? Thank you for your thoughts !","Hi everyone! I am starting a new dropshipping store and have been doing a LOT of research on my own and using AI partners","NULL","NULL","NULL","PB-05|PB-07","CP-06","CP-06","NULL","NULL","NULL","NULL","NULL","NULL","retired mid-2024; self-directed builder","desire|spend|skepticism","CONSIDERING","NULL","NULL","seeker","retired mid-2024; self-directed builder","VERBATIM_VOC","NULL","NULL","CL-05","09-MINT","minted by 09 mining pass (Exa agent run, verbatim, page opened); PARAPHRASE none"
"Q-B-9001","09/URL-09-05","MARKET_VOC","blog","growingourretirement.com","NULL","About - Growing Our Retirement","https://growingourretirement.com/about/","article","https://growingourretirement.com/about/","Larry and Martha","NULL (not shown on page)","2026-09-24","NULL","NULL","NULL","N","[R-PAGE via Exa]","RC-EXA","09","We also wanted to absorb any start up costs and mistakes while we still have a strong income.","We have started our backyard nursery as much as 3-5 years earlier than we need to make any money from it. The hope is we will and that would help us save even more for retirement. It is certainly best to start a business before you retire if you have any plans for an income from the business. Certainly we wanted to test our plans and see if we can grow what people want to buy. We have been learning a lot! We also wanted to absorb any start up costs and mistakes while we still have a strong income. Each year we sell more plants and it has been snowballing to a point where the day jobs are getting in the way!","We have started our backyard nursery as much as 3-5 years earlier than we need to make any money from it","NULL","NULL","NULL","PB-07","CP-06","CP-06","NULL","NULL","NULL","NULL","NULL","NULL","pre-retirement couple; savers; rental property; small online business","desire|belief|deeper_hope","CURRENTLY-USING","NULL","NULL","veteran","pre-retirement couple; savers; rental property; small online business","VERBATIM_VOC","NULL","NULL","CL-05","09-MINT; success-story interview (survivorship bias)","minted by 09 mining pass (Exa agent run, verbatim, page opened); PARAPHRASE none"
"Q-B-9002","09/URL-09-06","MARKET_VOC","blog","kaboutjie.com","NULL","Why I want to be a Mommy Blogger","https://kaboutjie.com/why-i-want-to-be-a-mommy-blogger/","article","https://kaboutjie.com/why-i-want-to-be-a-mommy-blogger/","Lynne Huysamen","2016-02-16","2026-09-24","NULL","NULL","NULL","N","[R-PAGE via Exa]","RC-EXA","09","The vision I had was of being more free and spending more time with my children.","This is not the vision I had when I thought I would open my own business. The vision I had was of being more free and spending more time with my children. At least when you work for someone else you can bunk a day, still get paid for it and not feel guilty.","This is not the vision I had when I thought I would open my own business","NULL","NULL","NULL","PB-04|PB-02","CP-02","CP-02","NULL","NULL","NULL","NULL","NULL","NULL","parent of a 2- and 4-year-old; runs an online store","desire|pain|belief","TRIED-UNCLEAR","NULL","NULL","dissatisfied","parent of a 2- and 4-year-old; runs an online store","VERBATIM_VOC","NULL","NULL","CL-04","09-MINT","minted by 09 mining pass (Exa agent run, verbatim, page opened); PARAPHRASE none"
"Q-B-9003","09/URL-09-06","MARKET_VOC","blog","kaboutjie.com","NULL","Why I want to be a Mommy Blogger","https://kaboutjie.com/why-i-want-to-be-a-mommy-blogger/","article","https://kaboutjie.com/why-i-want-to-be-a-mommy-blogger/","Lynne Huysamen","2016-02-16","2026-09-24","NULL","NULL","NULL","N","[R-PAGE via Exa]","RC-EXA","09","They sit in aftercare till 5pm every day.","I am feeling this great need to take more time off and spend it with my children. I have a 2 year old and a 4 year old. They sit in aftercare till 5pm every day.","I am feeling this great need to take more time off and spend it with my children","NULL","NULL","NULL","PB-04","CP-02","CP-02","NULL","NULL","NULL","NULL","NULL","NULL","parent of a 2- and 4-year-old","scene|trigger|pain","NULL","NULL","NULL","sufferer","parent of a 2- and 4-year-old","VERBATIM_VOC","NULL","NULL","CL-04","09-MINT","minted by 09 mining pass (Exa agent run, verbatim, page opened); PARAPHRASE none"
"Q-B-9004","09/URL-09-07","MARKET_VOC","blog","shopstorm.com","NULL","ShopStorm Stories: Trendy Treehouse","https://shopstorm.com/blog/shopstorm-stories-trendy-treehouse/","article","https://shopstorm.com/blog/shopstorm-stories-trendy-treehouse/","Tara Johnston","2016-08-24","2026-09-24","NULL","NULL","NULL","N","[R-PAGE via Exa]","RC-EXA","09","we wanted to be able to develop products and make enough so that he could come back home","Yes, and it’s also important to mention that we are a family owned business. We started this because my husband worked away from home, and we wanted to be able to develop products and make enough so that he could come back home.","Yes, and it’s also important to mention that we are a family owned business","NULL","NULL","NULL","PB-02|PB-04","CP-02","CP-02|CP-07","NULL","NULL","NULL","NULL","NULL","NULL","stay-at-home mother; husband worked away from home","trigger|desire|deeper_hope","CURRENTLY-USING","NULL","NULL","veteran","stay-at-home mother; husband worked away from home","VERBATIM_VOC","NULL","NULL","CL-04","09-MINT; success-story interview (survivorship bias)","minted by 09 mining pass (Exa agent run, verbatim, page opened); PARAPHRASE none"
"Q-B-9005","09/URL-09-08","MARKET_VOC","blog","everythingshewants.net","NULL","Natural beauty products and soy candles from Brooklyn Flavors","https://www.everythingshewants.net/2016/05/natural-beauty-products-and-soy-candles.html","article","https://www.everythingshewants.net/2016/05/natural-beauty-products-and-soy-candles.html","Sophia Sylvester","2016-05-19","2026-09-24","NULL","NULL","NULL","N","[R-PAGE via Exa]","RC-EXA","09","I wanted to work from home to spend more time with my children. So I built a website","In 2003, I wanted to work from home to spend more time with my children. So I built a website and started selling candles with a well-known manufacturer. They made beautiful candles, but my customers complained about the scent not being strong enough. So in 2004, I decided to make my own candles—natural, sweet smelling and strong. It worked and my customers loved them. In 2006, I went a step further and made natural skin care products infused with Shea butter, olive oil, almond oil and other essential oils that soothe, moisturize and nourish the skin.","In 2003, I wanted to work from home to spend more time with my children","NULL","NULL","NULL","PB-04|PB-05","CP-02","CP-02","NULL","NULL","NULL","NULL","NULL","NULL","parent; home-based online seller","trigger|desire","TRIED-HELPED","NULL","NULL","veteran","parent; home-based online seller","VERBATIM_VOC","NULL","NULL","CL-04","09-MINT; success-story interview (survivorship bias)","minted by 09 mining pass (Exa agent run, verbatim, page opened); PARAPHRASE none"
"Q-B-9006","09/URL-09-09","MARKET_VOC","blog","websitebuilderexpert.com","NULL","Interview with Simply Preloved Children’s Boutique","https://www.websitebuilderexpert.com/interviews/simply-preloved-childrens-boutique/","article","https://www.websitebuilderexpert.com/interviews/simply-preloved-childrens-boutique/","Kate Casey","2023-05-31","2026-09-24","NULL","NULL","NULL","N","[R-PAGE via Exa]","RC-EXA","09","My main challenge has been one of time. I’m the default parent at home","My main challenge has been one of time. I’m the default parent at home – I’ve had to juggle looking after the children and running the home with setting up a business which has been difficult at times. My youngest two aren’t of school age yet, so I’ve had to channel time working on my website and social media during the few hours they’re at preschool each week.","My main challenge has been one of time","NULL","NULL","NULL","PB-04|PB-01","CP-02","CP-02","NULL","NULL","NULL","NULL","NULL","NULL","mother of three; left full-time job; childcare constraint","pain|scene|behaviour","CURRENTLY-USING","NULL","NULL","sufferer","mother of three; left full-time job; childcare constraint","VERBATIM_VOC","NULL","NULL","CL-04","09-MINT","minted by 09 mining pass (Exa agent run, verbatim, page opened); PARAPHRASE none"
"Q-B-9007","09/URL-09-09","MARKET_VOC","blog","websitebuilderexpert.com","NULL","Interview with Simply Preloved Children’s Boutique","https://www.websitebuilderexpert.com/interviews/simply-preloved-childrens-boutique/","article","https://www.websitebuilderexpert.com/interviews/simply-preloved-childrens-boutique/","Kate Casey","2023-05-31","2026-09-24","NULL","NULL","NULL","N","[R-PAGE via Exa]","RC-EXA","09","each child needed me to be around for different reasons","I’m a mum of three – I gave birth to my youngest child early on in the pandemic. He had to be delivered early, was underweight, and initially had some feeding issues. I was on maternity leave from my full-time job and it quickly became clear that each child needed me to be around for different reasons. Coupled with difficulty finding affordable childcare places for the youngest two, I needed to reconsider my career.","I’m a mum of three – I gave birth to my youngest child early on in the pandemic","NULL","NULL","NULL","PB-02|PB-04","CP-02","CP-02|CP-07","NULL","NULL","NULL","NULL","NULL","NULL","mother of three; maternity leave; childcare cost","trigger|scene","NULL","NULL","NULL","sufferer","mother of three; maternity leave; childcare cost","VERBATIM_VOC","NULL","NULL","CL-04","09-MINT","minted by 09 mining pass (Exa agent run, verbatim, page opened); PARAPHRASE none"
"Q-B-9008","09/URL-09-10","MARKET_VOC","blog","isossychildren.blogspot.com","NULL","Isossy Children meets Natrice Grosvenor","https://isossychildren.blogspot.com/2013/06/isossy-children-meets-natrice-grosvenor.html","article","https://isossychildren.blogspot.com/2013/06/isossy-children-meets-natrice-grosvenor.html","Natrice Grosvenor","2013-06-21","2026-09-24","NULL","NULL","NULL","N","[R-PAGE via Exa]","RC-EXA","09","I wanted the flexibility to be able to work from home whilst my children are still young.","I wanted the flexibility to be able to work from home whilst my children are still young.","I wanted the flexibility to be able to work from home whilst my children are still young.","NULL","NULL","NULL","PB-04","CP-02","CP-02","NULL","NULL","NULL","NULL","NULL","NULL","parent of young children; online marketplace co-founder","desire","CURRENTLY-USING","NULL","NULL","veteran","parent of young children; online marketplace co-founder","VERBATIM_VOC","NULL","NULL","CL-04","09-MINT; success-story interview (survivorship bias)","minted by 09 mining pass (Exa agent run, verbatim, page opened); PARAPHRASE none"
"Q-B-9009","09/URL-09-11","MARKET_VOC","blog","noshameincome.com","NULL","Getting Laid Off & Starting an eCommerce Store Case Study","https://www.noshameincome.com/blog/ecommerce-store-case-study/","article","https://www.noshameincome.com/blog/ecommerce-store-case-study/","John Shea","2015-09-14","2026-09-24","NULL","NULL","NULL","N","[R-PAGE via Exa]","RC-EXA","09","on July 17th I was laid off. I decided out of all the things I was doing, why not focus on an eCommerce site for myself?","I think as time went on they realized how little I was doing and when sales declined in the company they probably put the blame on me for some of this so on July 17th I was laid off. I decided out of all the things I was doing, why not focus on an eCommerce site for myself? I know how to do it and I’ve been doing it full time for the last 2 years for other people so I figure why not do it for myself?","I think as time went on they realized how little I was doing and when sales declined in the company they probably put the blame on me for some of this so on July 17th I was laid off","NULL","NULL","NULL","PB-02|PB-01","NULL","NULL","NULL","NULL","NULL","NULL","NULL","NULL","laid off; on unemployment; applying to jobs","trigger|scene|desire","CURRENTLY-USING","NULL","NULL","seeker","laid off; on unemployment; applying to jobs","VERBATIM_VOC","NULL","NULL","CL-07","09-MINT","minted by 09 mining pass (Exa agent run, verbatim, page opened); PARAPHRASE none"
"Q-B-9010","09/URL-09-11","MARKET_VOC","blog","noshameincome.com","NULL","Getting Laid Off & Starting an eCommerce Store Case Study","https://www.noshameincome.com/blog/ecommerce-store-case-study/","article","https://www.noshameincome.com/blog/ecommerce-store-case-study/","John Shea","2015-09-14","2026-09-24","NULL","NULL","NULL","N","[R-PAGE via Exa]","RC-EXA","09","It would basically “match” what I make on unemployment which I believe I can get by on.","I have also been applying to jobs and may very well consider another full time position but have also had my eyes on a part time role which would be 2 days a week, paying $27.50 an hour. It would basically “match” what I make on unemployment which I believe I can get by on. This will give me TONS of time to work on my own store and other ventures such as creating more Udemy courses.","I have also been applying to jobs and may very well consider another full time position but have also had my eyes on a part time role which would be 2 days a week, paying $27.50 an hour","NULL","NULL","NULL","PB-02","NULL","NULL","NULL","NULL","NULL","NULL","NULL","NULL","laid off; on unemployment","spend|behaviour","CURRENTLY-USING","NULL","NULL","seeker","laid off; on unemployment","VERBATIM_VOC","NULL","NULL","CL-07","09-MINT","minted by 09 mining pass (Exa agent run, verbatim, page opened); PARAPHRASE none"
"Q-B-9011","09/URL-09-12","MARKET_VOC","blog","voyagedallas.com","NULL","Inspiring Conversations with Becky Beach of Mom Beach LLC","https://voyagedallas.com/interview/inspiring-conversations-with-becky-beach-of-mom-beach-llc/","article","https://voyagedallas.com/interview/inspiring-conversations-with-becky-beach-of-mom-beach-llc/","Becky Beach","2025-06-05","2026-09-24","NULL","NULL","NULL","N","[R-PAGE via Exa]","RC-EXA","09","Then, I lost my job. I was unemployed for six weeks, and I used that entire time to focus on my blog.","Then, I lost my job. I was unemployed for six weeks, and I used that entire time to focus on my blog. I launched a Shopify store selling printable planners and financial tools for moms.","Then, I lost my job","NULL","NULL","NULL","PB-02","CP-02","CP-02","NULL","NULL","NULL","NULL","NULL","NULL","lost her job; mother (brand: Mom Beach)","trigger|scene","TRIED-HELPED","NULL","NULL","veteran","lost her job; mother (brand: Mom Beach)","VERBATIM_VOC","NULL","NULL","CL-07","09-MINT; success-story interview (survivorship bias)","minted by 09 mining pass (Exa agent run, verbatim, page opened); PARAPHRASE none"
"Q-B-9012","09/URL-09-13","MARKET_VOC","blog","blog.ordoro.com","NULL","Ethereal Decor Customer Story","https://blog.ordoro.com/2012/03/08/customer-success-ethereal-decor/","article","https://blog.ordoro.com/2012/03/08/customer-success-ethereal-decor/","Cynthia Oliver","2012-03-08","2026-09-24","NULL","NULL","NULL","N","[R-PAGE via Exa]","RC-EXA","09","I was still literally flat on my back in bed at home, unable to work and on disability.","In 2001 I was actually recovering from an illness and I was still literally flat on my back in bed at home, unable to work and on disability. I put up a website using a laptop, propped up on a special contraption I ordered online (so that I could type while lying down), because I couldn’t sit up in bed.","In 2001 I was actually recovering from an illness and I was still literally flat on my back in bed at home, unable to work and on disability","NULL","NULL","NULL","PB-02","NULL","NULL","NULL","NULL","NULL","NULL","NULL","NULL","recovering from illness; on disability","trigger|scene","TRIED-HELPED","NULL","NULL","veteran","recovering from illness; on disability","VERBATIM_VOC","NULL","NULL","CL-07","09-MINT; success-story interview (survivorship bias)","minted by 09 mining pass (Exa agent run, verbatim, page opened); PARAPHRASE none"
"Q-B-9013","09/URL-09-14","MARKET_VOC","blog","starterstory.com","NULL","On Launching An Online Store While Recovering From An Illness At Home","https://www.starterstory.com/launch-store-from-home","article","https://www.starterstory.com/launch-store-from-home","Dennis Michels","2019-10-20","2026-09-24","NULL","NULL","NULL","N","[R-PAGE via Exa]","RC-EXA","09","I was really afraid I would never get better and would lose my job and my income.","The start of this adventure was during a bad time in my life. I had gotten ill and was housebound for months, with no hope of returning to my regular job as an audio/video technician. I was really afraid I would never get better and would lose my job and my income.","The start of this adventure was during a bad time in my life","NULL","NULL","NULL","PB-02","NULL","NULL","NULL","NULL","NULL","NULL","NULL","NULL","ill and housebound; audio/video technician; married","trigger|fear|scene","TRIED-HELPED","NULL","NULL","veteran","ill and housebound; audio/video technician; married","VERBATIM_VOC","NULL","NULL","CL-07","09-MINT; success-story interview (survivorship bias)","minted by 09 mining pass (Exa agent run, verbatim, page opened); PARAPHRASE none"
"Q-B-9014","09/URL-09-15","MARKET_VOC","blog","shopify.com","NULL","How An Ex-Con Built an $80K/Month Ecommerce Business","https://www.shopify.com/au/blog/14081185-how-an-ex-con-turned-his-life-around-and-built-an-80k-per-month-ecommerce-business","article","https://www.shopify.com/au/blog/14081185-how-an-ex-con-turned-his-life-around-and-built-an-80k-per-month-ecommerce-business","Robert Nava","2016-12-10","2026-09-24","NULL","NULL","NULL","N","[R-PAGE via Exa]","RC-EXA","09","My family couldn’t afford our rent and had to work out arrangements with our landlord","When I started this store, I wasn’t in the greatest financial position. My family couldn’t afford our rent and had to work out arrangements with our landlord in order to keep a roof over our heads. We even had to rely on Government assistance. It was a low point, and I was almost ready to give up on my ventures.","When I started this store, I wasn’t in the greatest financial position","NULL","NULL","NULL","PB-02","CP-02","CP-02","NULL","NULL","NULL","NULL","NULL","NULL","released from prison 2007; family; government assistance","pain|scene|spend","TRIED-HELPED","NULL","NULL","veteran","released from prison 2007; family; government assistance","VERBATIM_VOC","NULL","NULL","CL-07","09-MINT; success-story interview (survivorship bias)","minted by 09 mining pass (Exa agent run, verbatim, page opened); PARAPHRASE none"
"Q-F-9006","09/URL-09-16","MARKET_VOC","forum","community.shopify.com","NULL","Can I Easily Move My WooCommerce Store to Shopify as a Non-Techy User?","https://community.shopify.com/t/can-i-easily-move-my-woocommerce-store-to-shopify-as-a-non-techy-user/577555/1","post","https://community.shopify.com/t/can-i-easily-move-my-woocommerce-store-to-shopify-as-a-non-techy-user/577555/1","emmaoli3","2025-11-29","2026-09-24","NULL","NULL","NULL","N","[R-PAGE via Exa]","RC-EXA","09","I’m not sure if migrating to Shopify is something I can handle on my own. Should I hire a developer","Hi everyone, I have a WooCommerce store called www.koreanhomee.com, which sells Korean skincare brands and beauty products, and I’m thinking about moving it to Shopify. WooCommerce keeps getting slow for me, and the constant plugin updates are becoming a real headache, especially since I’m not very technical. I only have basic WordPress experience, so I’m not sure if migrating to Shopify is something I can handle on my own. Should I hire a developer, or is the process simple enough for a non-techy person? Any guidance would really help. Thanks!","Hi everyone, I have a WooCommerce store called www.koreanhomee.com, which sells Korean skincare brands and beauty products, and I’m thinking about moving it to Shopify","NULL","NULL","NULL","PB-01|PB-04","CP-04","CP-04","NULL","NULL","NULL","NULL","NULL","NULL","existing online skincare-store owner; non-technical","pain|trigger|behaviour","CONSIDERING","NULL","NULL","seeker","existing online skincare-store owner; non-technical","VERBATIM_VOC","NULL","NULL","CL-06","09-MINT","minted by 09 mining pass (Exa agent run, verbatim, page opened); PARAPHRASE none"
"Q-F-9007","09/URL-09-17","MARKET_VOC","forum","community.shopify.com","NULL","How can I modify variant options and stock info in Supply Theme?","https://community.shopify.com/t/how-can-i-modify-variant-options-and-stock-info-in-supply-theme/68832","post","https://community.shopify.com/t/how-can-i-modify-variant-options-and-stock-info-in-supply-theme/68832","_littlehoney","2021-09-29","2026-09-24","NULL","NULL","NULL","N","[R-PAGE via Exa]","RC-EXA","09","I own a clothing boutique.","Hi! I have a couple questions I hope someone can help me with on the Supply Theme! I own a clothing boutique. 1. I would like to add “More Options Available” on variants with different colour options, but cannot figure out, or find how to add this.","Hi! I have a couple questions I hope someone can help me with on the Supply Theme! I own a clothing boutique","NULL","NULL","NULL","PB-01","CP-04","CP-04","NULL","NULL","NULL","NULL","NULL","NULL","existing clothing-boutique owner","pain|behaviour","NULL","NULL","NULL","sufferer","existing clothing-boutique owner","VERBATIM_VOC","NULL","NULL","CL-06","09-MINT","minted by 09 mining pass (Exa agent run, verbatim, page opened); PARAPHRASE none"
"Q-F-9008","09/URL-09-18","MARKET_VOC","forum","ukbusinessforums.co.uk","NULL","New business model VAT","https://www.ukbusinessforums.co.uk/threads/new-business-model-vat.418609/","post","https://www.ukbusinessforums.co.uk/threads/new-business-model-vat.418609/","dafcjim","2022-06-20","2026-09-24","NULL","NULL","NULL","N","[R-PAGE via Exa]","RC-EXA","09","I simply can't compete with the likes of H&B, Amazon etc.","Hi there, I'm after some advice please. I'm looking at changing my business model to a membership only service rather then a online store. I own a gym and a health store online which sells supplements etc, but bigger stores are better priced (surprise!). I simply can't compete with the likes of H&B, Amazon etc.","Hi there, I'm after some advice please","NULL","NULL","NULL","PB-06","CP-04","CP-04","NULL","NULL","NULL","NULL","NULL","NULL","existing gym owner with an online health store (UK)","pain|belief","TRIED-UNCLEAR","NULL","NULL","dissatisfied","existing gym owner with an online health store (UK)","VERBATIM_VOC","NULL","NULL","CL-06","09-MINT","minted by 09 mining pass (Exa agent run, verbatim, page opened); PARAPHRASE none"
